"datasetId";"startTime";"endTime";"value";"additionalJson"
363;"2026-09-13T23:00:00.000Z";"2026-09-14T00:00:00.000Z";4014826.907;"{""TimeSeriesType"":""CTT_SUM_CONS_ACP"",""Res"":""PT1H"",""Uom"":""KWH"",""ReadTS"":""2026-09-13T23:00:00Z"",""Value"":""4014826.907"",""Count"":""3707389""}"
363;"2026-09-13T22:00:00.000Z";"2026-09-13T23:00:00.000Z";4158126.181;"{""TimeSeriesType"":""CTT_SUM_CONS_ACP"",""Res"":""PT1H"",""Uom"":""KWH"",""ReadTS"":""2026-09-13T22:00:00Z"",""Value"":""4158126.181"",""Count"":""3711187""}"
363;"2026-09-13T21:00:00.000Z";"2026-09-13T22:00:00.000Z";4358442.283;"{""TimeSeriesType"":""CTT_SUM_CONS_ACP"",""Res"":""PT1H"",""Uom"":""KWH"",""ReadTS"":""2026-09-13T21:00:00Z"",""Value"":""4358442.283"",""Count"":""3731926""}"
363;"2026-09-13T20:00:00.000Z";"2026-09-13T21:00:00.000Z";4818975.866;"{""TimeSeriesType"":""CTT_SUM_CONS_ACP"",""Res"":""PT1H"",""Uom"":""KWH"",""ReadTS"":""2026-09-13T20:00:00Z"",""Value"":""4818975.866"",""Count"":""3770260""}"
363;"2026-09-13T19:00:00.000Z";"2026-09-13T20:00:00.000Z";5044040.89;"{""TimeSeriesType"":""CTT_SUM_CONS_ACP"",""Res"":""PT1H"",""Uom"":""KWH"",""ReadTS"":""2026-09-13T19:00:00Z"",""Value"":""5044040.89"",""Count"":""3770532""}"
363;"2026-09-13T18:00:00.000Z";"2026-09-13T19:00:00.000Z";4978960.719;"{""TimeSeriesType"":""CTT_SUM_CONS_ACP"",""Res"":""PT1H"",""Uom"":""KWH"",""ReadTS"":""2026-09-13T18:00:00Z"",""Value"":""4978960.719"",""Count"":""3770930""}"
363;"2026-09-13T17:00:00.000Z";"2026-09-13T18:00:00.000Z";5151138.012;"{""TimeSeriesType"":""CTT_SUM_CONS_ACP"",""Res"":""PT1H"",""Uom"":""KWH"",""ReadTS"":""2026-09-13T17:00:00Z"",""Value"":""5151138.012"",""Count"":""3766753""}"
363;"2026-09-13T16:00:00.000Z";"2026-09-13T17:00:00.000Z";4995018.847;"{""TimeSeriesType"":""CTT_SUM_CONS_ACP"",""Res"":""PT1H"",""Uom"":""KWH"",""ReadTS"":""2026-09-13T16:00:00Z"",""Value"":""4995018.847"",""Count"":""3771198""}"
363;"2026-09-13T15:00:00.000Z";"2026-09-13T16:00:00.000Z";4866666.943;"{""TimeSeriesType"":""CTT_SUM_CONS_ACP"",""Res"":""PT1H"",""Uom"":""KWH"",""ReadTS"":""2026-09-13T15:00:00Z"",""Value"":""4866666.943"",""Count"":""3771225""}"
363;"2026-09-13T14:00:00.000Z";"2026-09-13T15:00:00.000Z";4773306.266;"{""TimeSeriesType"":""CTT_SUM_CONS_ACP"",""Res"":""PT1H"",""Uom"":""KWH"",""ReadTS"":""2026-09-13T14:00:00Z"",""Value"":""4773306.266"",""Count"":""3771421""}"
363;"2026-09-13T13:00:00.000Z";"2026-09-13T14:00:00.000Z";4668186.22;"{""TimeSeriesType"":""CTT_SUM_CONS_ACP"",""Res"":""PT1H"",""Uom"":""KWH"",""ReadTS"":""2026-09-13T13:00:00Z"",""Value"":""4668186.22"",""Count"":""3771501""}"
363;"2026-09-13T12:00:00.000Z";"2026-09-13T13:00:00.000Z";4620792.169;"{""TimeSeriesType"":""CTT_SUM_CONS_ACP"",""Res"":""PT1H"",""Uom"":""KWH"",""ReadTS"":""2026-09-13T12:00:00Z"",""Value"":""4620792.169"",""Count"":""3771575""}"
363;"2026-09-13T11:00:00.000Z";"2026-09-13T12:00:00.000Z";4600724.956;"{""TimeSeriesType"":""CTT_SUM_CONS_ACP"",""Res"":""PT1H"",""Uom"":""KWH"",""ReadTS"":""2026-09-13T11:00:00Z"",""Value"":""4600724.956"",""Count"":""3771643""}"
363;"2026-09-13T10:00:00.000Z";"2026-09-13T11:00:00.000Z";4607863.207;"{""TimeSeriesType"":""CTT_SUM_CONS_ACP"",""Res"":""PT1H"",""Uom"":""KWH"",""ReadTS"":""2026-09-13T10:00:00Z"",""Value"":""4607863.207"",""Count"":""3771561""}"
363;"2026-09-13T09:00:00.000Z";"2026-09-13T10:00:00.000Z";4638368.964;"{""TimeSeriesType"":""CTT_SUM_CONS_ACP"",""Res"":""PT1H"",""Uom"":""KWH"",""ReadTS"":""2026-09-13T09:00:00Z"",""Value"":""4638368.964"",""Count"":""3771872""}"
363;"2026-09-13T08:00:00.000Z";"2026-09-13T09:00:00.000Z";4578678.478;"{""TimeSeriesType"":""CTT_SUM_CONS_ACP"",""Res"":""PT1H"",""Uom"":""KWH"",""ReadTS"":""2026-09-13T08:00:00Z"",""Value"":""4578678.478"",""Count"":""3771862""}"
363;"2026-09-13T07:00:00.000Z";"2026-09-13T08:00:00.000Z";4455651.029;"{""TimeSeriesType"":""CTT_SUM_CONS_ACP"",""Res"":""PT1H"",""Uom"":""KWH"",""ReadTS"":""2026-09-13T07:00:00Z"",""Value"":""4455651.029"",""Count"":""3771988""}"
363;"2026-09-13T06:00:00.000Z";"2026-09-13T07:00:00.000Z";4297382.861;"{""TimeSeriesType"":""CTT_SUM_CONS_ACP"",""Res"":""PT1H"",""Uom"":""KWH"",""ReadTS"":""2026-09-13T06:00:00Z"",""Value"":""4297382.861"",""Count"":""3772142""}"
363;"2026-09-13T05:00:00.000Z";"2026-09-13T06:00:00.000Z";4100444.965;"{""TimeSeriesType"":""CTT_SUM_CONS_ACP"",""Res"":""PT1H"",""Uom"":""KWH"",""ReadTS"":""2026-09-13T05:00:00Z"",""Value"":""4100444.965"",""Count"":""3771910""}"
363;"2026-09-13T04:00:00.000Z";"2026-09-13T05:00:00.000Z";3924524.312;"{""TimeSeriesType"":""CTT_SUM_CONS_ACP"",""Res"":""PT1H"",""Uom"":""KWH"",""ReadTS"":""2026-09-13T04:00:00Z"",""Value"":""3924524.312"",""Count"":""3772134""}"
363;"2026-09-13T03:00:00.000Z";"2026-09-13T04:00:00.000Z";3921067.088;"{""TimeSeriesType"":""CTT_SUM_CONS_ACP"",""Res"":""PT1H"",""Uom"":""KWH"",""ReadTS"":""2026-09-13T03:00:00Z"",""Value"":""3921067.088"",""Count"":""3772230""}"
363;"2026-09-13T02:00:00.000Z";"2026-09-13T03:00:00.000Z";3900214.429;"{""TimeSeriesType"":""CTT_SUM_CONS_ACP"",""Res"":""PT1H"",""Uom"":""KWH"",""ReadTS"":""2026-09-13T02:00:00Z"",""Value"":""3900214.429"",""Count"":""3772526""}"
363;"2026-09-13T01:00:00.000Z";"2026-09-13T02:00:00.000Z";3918229.929;"{""TimeSeriesType"":""CTT_SUM_CONS_ACP"",""Res"":""PT1H"",""Uom"":""KWH"",""ReadTS"":""2026-09-13T01:00:00Z"",""Value"":""3918229.929"",""Count"":""3772671""}"
363;"2026-09-13T00:00:00.000Z";"2026-09-13T01:00:00.000Z";3979608.373;"{""TimeSeriesType"":""CTT_SUM_CONS_ACP"",""Res"":""PT1H"",""Uom"":""KWH"",""ReadTS"":""2026-09-13T00:00:00Z"",""Value"":""3979608.373"",""Count"":""3772815""}"
363;"2026-09-12T23:00:00.000Z";"2026-09-13T00:00:00.000Z";4092027.477;"{""TimeSeriesType"":""CTT_SUM_CONS_ACP"",""Res"":""PT1H"",""Uom"":""KWH"",""ReadTS"":""2026-09-12T23:00:00Z"",""Value"":""4092027.477"",""Count"":""3772795""}"
363;"2026-09-12T22:00:00.000Z";"2026-09-12T23:00:00.000Z";4148133.557;"{""TimeSeriesType"":""CTT_SUM_CONS_ACP"",""Res"":""PT1H"",""Uom"":""KWH"",""ReadTS"":""2026-09-12T22:00:00Z"",""Value"":""4148133.557"",""Count"":""3772970""}"
363;"2026-09-12T21:00:00.000Z";"2026-09-12T22:00:00.000Z";4368035.371;"{""TimeSeriesType"":""CTT_SUM_CONS_ACP"",""Res"":""PT1H"",""Uom"":""KWH"",""ReadTS"":""2026-09-12T21:00:00Z"",""Value"":""4368035.371"",""Count"":""3788084""}"
363;"2026-09-12T20:00:00.000Z";"2026-09-12T21:00:00.000Z";4732865.224;"{""TimeSeriesType"":""CTT_SUM_CONS_ACP"",""Res"":""PT1H"",""Uom"":""KWH"",""ReadTS"":""2026-09-12T20:00:00Z"",""Value"":""4732865.224"",""Count"":""3796234""}"
363;"2026-09-12T19:00:00.000Z";"2026-09-12T20:00:00.000Z";4943123.071;"{""TimeSeriesType"":""CTT_SUM_CONS_ACP"",""Res"":""PT1H"",""Uom"":""KWH"",""ReadTS"":""2026-09-12T19:00:00Z"",""Value"":""4943123.071"",""Count"":""3796247""}"
363;"2026-09-12T18:00:00.000Z";"2026-09-12T19:00:00.000Z";4922423.356;"{""TimeSeriesType"":""CTT_SUM_CONS_ACP"",""Res"":""PT1H"",""Uom"":""KWH"",""ReadTS"":""2026-09-12T18:00:00Z"",""Value"":""4922423.356"",""Count"":""3796250""}"
363;"2026-09-12T17:00:00.000Z";"2026-09-12T18:00:00.000Z";5132893.031;"{""TimeSeriesType"":""CTT_SUM_CONS_ACP"",""Res"":""PT1H"",""Uom"":""KWH"",""ReadTS"":""2026-09-12T17:00:00Z"",""Value"":""5132893.031"",""Count"":""3796257""}"
363;"2026-09-12T16:00:00.000Z";"2026-09-12T17:00:00.000Z";5053027.939;"{""TimeSeriesType"":""CTT_SUM_CONS_ACP"",""Res"":""PT1H"",""Uom"":""KWH"",""ReadTS"":""2026-09-12T16:00:00Z"",""Value"":""5053027.939"",""Count"":""3796265""}"
363;"2026-09-12T15:00:00.000Z";"2026-09-12T16:00:00.000Z";4953756.967;"{""TimeSeriesType"":""CTT_SUM_CONS_ACP"",""Res"":""PT1H"",""Uom"":""KWH"",""ReadTS"":""2026-09-12T15:00:00Z"",""Value"":""4953756.967"",""Count"":""3796273""}"
363;"2026-09-12T14:00:00.000Z";"2026-09-12T15:00:00.000Z";4835766.412;"{""TimeSeriesType"":""CTT_SUM_CONS_ACP"",""Res"":""PT1H"",""Uom"":""KWH"",""ReadTS"":""2026-09-12T14:00:00Z"",""Value"":""4835766.412"",""Count"":""3796270""}"
363;"2026-09-12T13:00:00.000Z";"2026-09-12T14:00:00.000Z";4708554.95;"{""TimeSeriesType"":""CTT_SUM_CONS_ACP"",""Res"":""PT1H"",""Uom"":""KWH"",""ReadTS"":""2026-09-12T13:00:00Z"",""Value"":""4708554.95"",""Count"":""3796281""}"
363;"2026-09-12T12:00:00.000Z";"2026-09-12T13:00:00.000Z";4632793.601;"{""TimeSeriesType"":""CTT_SUM_CONS_ACP"",""Res"":""PT1H"",""Uom"":""KWH"",""ReadTS"":""2026-09-12T12:00:00Z"",""Value"":""4632793.601"",""Count"":""3796279""}"
363;"2026-09-12T11:00:00.000Z";"2026-09-12T12:00:00.000Z";4576392.455;"{""TimeSeriesType"":""CTT_SUM_CONS_ACP"",""Res"":""PT1H"",""Uom"":""KWH"",""ReadTS"":""2026-09-12T11:00:00Z"",""Value"":""4576392.455"",""Count"":""3796278""}"
363;"2026-09-12T10:00:00.000Z";"2026-09-12T11:00:00.000Z";4625544.498;"{""TimeSeriesType"":""CTT_SUM_CONS_ACP"",""Res"":""PT1H"",""Uom"":""KWH"",""ReadTS"":""2026-09-12T10:00:00Z"",""Value"":""4625544.498"",""Count"":""3796289""}"
363;"2026-09-12T09:00:00.000Z";"2026-09-12T10:00:00.000Z";4704698.759;"{""TimeSeriesType"":""CTT_SUM_CONS_ACP"",""Res"":""PT1H"",""Uom"":""KWH"",""ReadTS"":""2026-09-12T09:00:00Z"",""Value"":""4704698.759"",""Count"":""3796281""}"
363;"2026-09-12T08:00:00.000Z";"2026-09-12T09:00:00.000Z";4641921.793;"{""TimeSeriesType"":""CTT_SUM_CONS_ACP"",""Res"":""PT1H"",""Uom"":""KWH"",""ReadTS"":""2026-09-12T08:00:00Z"",""Value"":""4641921.793"",""Count"":""3796292""}"
363;"2026-09-12T07:00:00.000Z";"2026-09-12T08:00:00.000Z";4574644.782;"{""TimeSeriesType"":""CTT_SUM_CONS_ACP"",""Res"":""PT1H"",""Uom"":""KWH"",""ReadTS"":""2026-09-12T07:00:00Z"",""Value"":""4574644.782"",""Count"":""3796292""}"
363;"2026-09-12T06:00:00.000Z";"2026-09-12T07:00:00.000Z";4501101.611;"{""TimeSeriesType"":""CTT_SUM_CONS_ACP"",""Res"":""PT1H"",""Uom"":""KWH"",""ReadTS"":""2026-09-12T06:00:00Z"",""Value"":""4501101.611"",""Count"":""3796284""}"
363;"2026-09-12T05:00:00.000Z";"2026-09-12T06:00:00.000Z";4397546.855;"{""TimeSeriesType"":""CTT_SUM_CONS_ACP"",""Res"":""PT1H"",""Uom"":""KWH"",""ReadTS"":""2026-09-12T05:00:00Z"",""Value"":""4397546.855"",""Count"":""3796296""}"
363;"2026-09-12T04:00:00.000Z";"2026-09-12T05:00:00.000Z";4226698.791;"{""TimeSeriesType"":""CTT_SUM_CONS_ACP"",""Res"":""PT1H"",""Uom"":""KWH"",""ReadTS"":""2026-09-12T04:00:00Z"",""Value"":""4226698.791"",""Count"":""3796298""}"
363;"2026-09-12T03:00:00.000Z";"2026-09-12T04:00:00.000Z";4180983.647;"{""TimeSeriesType"":""CTT_SUM_CONS_ACP"",""Res"":""PT1H"",""Uom"":""KWH"",""ReadTS"":""2026-09-12T03:00:00Z"",""Value"":""4180983.647"",""Count"":""3796314""}"
363;"2026-09-12T02:00:00.000Z";"2026-09-12T03:00:00.000Z";4126034.113;"{""TimeSeriesType"":""CTT_SUM_CONS_ACP"",""Res"":""PT1H"",""Uom"":""KWH"",""ReadTS"":""2026-09-12T02:00:00Z"",""Value"":""4126034.113"",""Count"":""3796318""}"
363;"2026-09-12T01:00:00.000Z";"2026-09-12T02:00:00.000Z";4013674.433;"{""TimeSeriesType"":""CTT_SUM_CONS_ACP"",""Res"":""PT1H"",""Uom"":""KWH"",""ReadTS"":""2026-09-12T01:00:00Z"",""Value"":""4013674.433"",""Count"":""3796316""}"
363;"2026-09-12T00:00:00.000Z";"2026-09-12T01:00:00.000Z";4074911.117;"{""TimeSeriesType"":""CTT_SUM_CONS_ACP"",""Res"":""PT1H"",""Uom"":""KWH"",""ReadTS"":""2026-09-12T00:00:00Z"",""Value"":""4074911.117"",""Count"":""3796316""}"
363;"2026-09-11T23:00:00.000Z";"2026-09-12T00:00:00.000Z";4129149.522;"{""TimeSeriesType"":""CTT_SUM_CONS_ACP"",""Res"":""PT1H"",""Uom"":""KWH"",""ReadTS"":""2026-09-11T23:00:00Z"",""Value"":""4129149.522"",""Count"":""3796310""}"
363;"2026-09-11T22:00:00.000Z";"2026-09-11T23:00:00.000Z";4228640.988;"{""TimeSeriesType"":""CTT_SUM_CONS_ACP"",""Res"":""PT1H"",""Uom"":""KWH"",""ReadTS"":""2026-09-11T22:00:00Z"",""Value"":""4228640.988"",""Count"":""3796316""}"
363;"2026-09-11T21:00:00.000Z";"2026-09-11T22:00:00.000Z";4488452.963;"{""TimeSeriesType"":""CTT_SUM_CONS_ACP"",""Res"":""PT1H"",""Uom"":""KWH"",""ReadTS"":""2026-09-11T21:00:00Z"",""Value"":""4488452.963"",""Count"":""3796490""}"
363;"2026-09-11T20:00:00.000Z";"2026-09-11T21:00:00.000Z";4769860.287;"{""TimeSeriesType"":""CTT_SUM_CONS_ACP"",""Res"":""PT1H"",""Uom"":""KWH"",""ReadTS"":""2026-09-11T20:00:00Z"",""Value"":""4769860.287"",""Count"":""3796873""}"
363;"2026-09-11T19:00:00.000Z";"2026-09-11T20:00:00.000Z";5037569.759;"{""TimeSeriesType"":""CTT_SUM_CONS_ACP"",""Res"":""PT1H"",""Uom"":""KWH"",""ReadTS"":""2026-09-11T19:00:00Z"",""Value"":""5037569.759"",""Count"":""3796869""}"
363;"2026-09-11T18:00:00.000Z";"2026-09-11T19:00:00.000Z";5124351.69;"{""TimeSeriesType"":""CTT_SUM_CONS_ACP"",""Res"":""PT1H"",""Uom"":""KWH"",""ReadTS"":""2026-09-11T18:00:00Z"",""Value"":""5124351.69"",""Count"":""3796872""}"
363;"2026-09-11T17:00:00.000Z";"2026-09-11T18:00:00.000Z";5354887.284;"{""TimeSeriesType"":""CTT_SUM_CONS_ACP"",""Res"":""PT1H"",""Uom"":""KWH"",""ReadTS"":""2026-09-11T17:00:00Z"",""Value"":""5354887.284"",""Count"":""3796874""}"
363;"2026-09-11T16:00:00.000Z";"2026-09-11T17:00:00.000Z";5247945.507;"{""TimeSeriesType"":""CTT_SUM_CONS_ACP"",""Res"":""PT1H"",""Uom"":""KWH"",""ReadTS"":""2026-09-11T16:00:00Z"",""Value"":""5247945.507"",""Count"":""3796873""}"
363;"2026-09-11T15:00:00.000Z";"2026-09-11T16:00:00.000Z";5166713.051;"{""TimeSeriesType"":""CTT_SUM_CONS_ACP"",""Res"":""PT1H"",""Uom"":""KWH"",""ReadTS"":""2026-09-11T15:00:00Z"",""Value"":""5166713.051"",""Count"":""3796877""}"
363;"2026-09-11T14:00:00.000Z";"2026-09-11T15:00:00.000Z";5166957.133;"{""TimeSeriesType"":""CTT_SUM_CONS_ACP"",""Res"":""PT1H"",""Uom"":""KWH"",""ReadTS"":""2026-09-11T14:00:00Z"",""Value"":""5166957.133"",""Count"":""3796880""}"
363;"2026-09-11T13:00:00.000Z";"2026-09-11T14:00:00.000Z";5125712.612;"{""TimeSeriesType"":""CTT_SUM_CONS_ACP"",""Res"":""PT1H"",""Uom"":""KWH"",""ReadTS"":""2026-09-11T13:00:00Z"",""Value"":""5125712.612"",""Count"":""3796883""}"
363;"2026-09-11T12:00:00.000Z";"2026-09-11T13:00:00.000Z";5078346.539;"{""TimeSeriesType"":""CTT_SUM_CONS_ACP"",""Res"":""PT1H"",""Uom"":""KWH"",""ReadTS"":""2026-09-11T12:00:00Z"",""Value"":""5078346.539"",""Count"":""3796873""}"
363;"2026-09-11T11:00:00.000Z";"2026-09-11T12:00:00.000Z";5082962.367;"{""TimeSeriesType"":""CTT_SUM_CONS_ACP"",""Res"":""PT1H"",""Uom"":""KWH"",""ReadTS"":""2026-09-11T11:00:00Z"",""Value"":""5082962.367"",""Count"":""3796846""}"
363;"2026-09-11T10:00:00.000Z";"2026-09-11T11:00:00.000Z";5185976.961;"{""TimeSeriesType"":""CTT_SUM_CONS_ACP"",""Res"":""PT1H"",""Uom"":""KWH"",""ReadTS"":""2026-09-11T10:00:00Z"",""Value"":""5185976.961"",""Count"":""3796416""}"
363;"2026-09-11T09:00:00.000Z";"2026-09-11T10:00:00.000Z";5295598.233;"{""TimeSeriesType"":""CTT_SUM_CONS_ACP"",""Res"":""PT1H"",""Uom"":""KWH"",""ReadTS"":""2026-09-11T09:00:00Z"",""Value"":""5295598.233"",""Count"":""3796217""}"
363;"2026-09-11T08:00:00.000Z";"2026-09-11T09:00:00.000Z";5365061.222;"{""TimeSeriesType"":""CTT_SUM_CONS_ACP"",""Res"":""PT1H"",""Uom"":""KWH"",""ReadTS"":""2026-09-11T08:00:00Z"",""Value"":""5365061.222"",""Count"":""3796332""}"
363;"2026-09-11T07:00:00.000Z";"2026-09-11T08:00:00.000Z";5407500.048;"{""TimeSeriesType"":""CTT_SUM_CONS_ACP"",""Res"":""PT1H"",""Uom"":""KWH"",""ReadTS"":""2026-09-11T07:00:00Z"",""Value"":""5407500.048"",""Count"":""3796795""}"
363;"2026-09-11T06:00:00.000Z";"2026-09-11T07:00:00.000Z";5506114.717;"{""TimeSeriesType"":""CTT_SUM_CONS_ACP"",""Res"":""PT1H"",""Uom"":""KWH"",""ReadTS"":""2026-09-11T06:00:00Z"",""Value"":""5506114.717"",""Count"":""3796800""}"
363;"2026-09-11T05:00:00.000Z";"2026-09-11T06:00:00.000Z";5499324.488;"{""TimeSeriesType"":""CTT_SUM_CONS_ACP"",""Res"":""PT1H"",""Uom"":""KWH"",""ReadTS"":""2026-09-11T05:00:00Z"",""Value"":""5499324.488"",""Count"":""3796793""}"
363;"2026-09-11T04:00:00.000Z";"2026-09-11T05:00:00.000Z";5296295.87;"{""TimeSeriesType"":""CTT_SUM_CONS_ACP"",""Res"":""PT1H"",""Uom"":""KWH"",""ReadTS"":""2026-09-11T04:00:00Z"",""Value"":""5296295.87"",""Count"":""3796782""}"
363;"2026-09-11T03:00:00.000Z";"2026-09-11T04:00:00.000Z";4890591.445;"{""TimeSeriesType"":""CTT_SUM_CONS_ACP"",""Res"":""PT1H"",""Uom"":""KWH"",""ReadTS"":""2026-09-11T03:00:00Z"",""Value"":""4890591.445"",""Count"":""3796786""}"
363;"2026-09-11T02:00:00.000Z";"2026-09-11T03:00:00.000Z";4344894.331;"{""TimeSeriesType"":""CTT_SUM_CONS_ACP"",""Res"":""PT1H"",""Uom"":""KWH"",""ReadTS"":""2026-09-11T02:00:00Z"",""Value"":""4344894.331"",""Count"":""3796792""}"
363;"2026-09-11T01:00:00.000Z";"2026-09-11T02:00:00.000Z";4128592.712;"{""TimeSeriesType"":""CTT_SUM_CONS_ACP"",""Res"":""PT1H"",""Uom"":""KWH"",""ReadTS"":""2026-09-11T01:00:00Z"",""Value"":""4128592.712"",""Count"":""3796813""}"
363;"2026-09-11T00:00:00.000Z";"2026-09-11T01:00:00.000Z";4126537.453;"{""TimeSeriesType"":""CTT_SUM_CONS_ACP"",""Res"":""PT1H"",""Uom"":""KWH"",""ReadTS"":""2026-09-11T00:00:00Z"",""Value"":""4126537.453"",""Count"":""3796842""}"
363;"2026-09-10T23:00:00.000Z";"2026-09-11T00:00:00.000Z";4195938.871;"{""TimeSeriesType"":""CTT_SUM_CONS_ACP"",""Res"":""PT1H"",""Uom"":""KWH"",""ReadTS"":""2026-09-10T23:00:00Z"",""Value"":""4195938.871"",""Count"":""3796838""}"
363;"2026-09-10T22:00:00.000Z";"2026-09-10T23:00:00.000Z";4345733.922;"{""TimeSeriesType"":""CTT_SUM_CONS_ACP"",""Res"":""PT1H"",""Uom"":""KWH"",""ReadTS"":""2026-09-10T22:00:00Z"",""Value"":""4345733.922"",""Count"":""3796847""}"
363;"2026-09-10T21:00:00.000Z";"2026-09-10T22:00:00.000Z";4494762.534;"{""TimeSeriesType"":""CTT_SUM_CONS_ACP"",""Res"":""PT1H"",""Uom"":""KWH"",""ReadTS"":""2026-09-10T21:00:00Z"",""Value"":""4494762.534"",""Count"":""3796873""}"
363;"2026-09-10T20:00:00.000Z";"2026-09-10T21:00:00.000Z";4873169.542;"{""TimeSeriesType"":""CTT_SUM_CONS_ACP"",""Res"":""PT1H"",""Uom"":""KWH"",""ReadTS"":""2026-09-10T20:00:00Z"",""Value"":""4873169.542"",""Count"":""3796923""}"
363;"2026-09-10T19:00:00.000Z";"2026-09-10T20:00:00.000Z";5233312.82;"{""TimeSeriesType"":""CTT_SUM_CONS_ACP"",""Res"":""PT1H"",""Uom"":""KWH"",""ReadTS"":""2026-09-10T19:00:00Z"",""Value"":""5233312.82"",""Count"":""3796923""}"
363;"2026-09-10T18:00:00.000Z";"2026-09-10T19:00:00.000Z";5325371.03;"{""TimeSeriesType"":""CTT_SUM_CONS_ACP"",""Res"":""PT1H"",""Uom"":""KWH"",""ReadTS"":""2026-09-10T18:00:00Z"",""Value"":""5325371.03"",""Count"":""3796924""}"
363;"2026-09-10T17:00:00.000Z";"2026-09-10T18:00:00.000Z";5561872.698;"{""TimeSeriesType"":""CTT_SUM_CONS_ACP"",""Res"":""PT1H"",""Uom"":""KWH"",""ReadTS"":""2026-09-10T17:00:00Z"",""Value"":""5561872.698"",""Count"":""3796924""}"
363;"2026-09-10T16:00:00.000Z";"2026-09-10T17:00:00.000Z";5409794.867;"{""TimeSeriesType"":""CTT_SUM_CONS_ACP"",""Res"":""PT1H"",""Uom"":""KWH"",""ReadTS"":""2026-09-10T16:00:00Z"",""Value"":""5409794.867"",""Count"":""3796923""}"
363;"2026-09-10T15:00:00.000Z";"2026-09-10T16:00:00.000Z";5278502.232;"{""TimeSeriesType"":""CTT_SUM_CONS_ACP"",""Res"":""PT1H"",""Uom"":""KWH"",""ReadTS"":""2026-09-10T15:00:00Z"",""Value"":""5278502.232"",""Count"":""3796923""}"
363;"2026-09-10T14:00:00.000Z";"2026-09-10T15:00:00.000Z";5234525.757;"{""TimeSeriesType"":""CTT_SUM_CONS_ACP"",""Res"":""PT1H"",""Uom"":""KWH"",""ReadTS"":""2026-09-10T14:00:00Z"",""Value"":""5234525.757"",""Count"":""3796913""}"
363;"2026-09-10T13:00:00.000Z";"2026-09-10T14:00:00.000Z";5211691.464;"{""TimeSeriesType"":""CTT_SUM_CONS_ACP"",""Res"":""PT1H"",""Uom"":""KWH"",""ReadTS"":""2026-09-10T13:00:00Z"",""Value"":""5211691.464"",""Count"":""3796912""}"
363;"2026-09-10T12:00:00.000Z";"2026-09-10T13:00:00.000Z";5164356.117;"{""TimeSeriesType"":""CTT_SUM_CONS_ACP"",""Res"":""PT1H"",""Uom"":""KWH"",""ReadTS"":""2026-09-10T12:00:00Z"",""Value"":""5164356.117"",""Count"":""3796900""}"
363;"2026-09-10T11:00:00.000Z";"2026-09-10T12:00:00.000Z";5223947.839;"{""TimeSeriesType"":""CTT_SUM_CONS_ACP"",""Res"":""PT1H"",""Uom"":""KWH"",""ReadTS"":""2026-09-10T11:00:00Z"",""Value"":""5223947.839"",""Count"":""3796887""}"
363;"2026-09-10T10:00:00.000Z";"2026-09-10T11:00:00.000Z";5323981.893;"{""TimeSeriesType"":""CTT_SUM_CONS_ACP"",""Res"":""PT1H"",""Uom"":""KWH"",""ReadTS"":""2026-09-10T10:00:00Z"",""Value"":""5323981.893"",""Count"":""3796869""}"
363;"2026-09-10T09:00:00.000Z";"2026-09-10T10:00:00.000Z";5421030.401;"{""TimeSeriesType"":""CTT_SUM_CONS_ACP"",""Res"":""PT1H"",""Uom"":""KWH"",""ReadTS"":""2026-09-10T09:00:00Z"",""Value"":""5421030.401"",""Count"":""3796856""}"
363;"2026-09-10T08:00:00.000Z";"2026-09-10T09:00:00.000Z";5439772.214;"{""TimeSeriesType"":""CTT_SUM_CONS_ACP"",""Res"":""PT1H"",""Uom"":""KWH"",""ReadTS"":""2026-09-10T08:00:00Z"",""Value"":""5439772.214"",""Count"":""3796847""}"
363;"2026-09-10T07:00:00.000Z";"2026-09-10T08:00:00.000Z";5430932.705;"{""TimeSeriesType"":""CTT_SUM_CONS_ACP"",""Res"":""PT1H"",""Uom"":""KWH"",""ReadTS"":""2026-09-10T07:00:00Z"",""Value"":""5430932.705"",""Count"":""3796838""}"
363;"2026-09-10T06:00:00.000Z";"2026-09-10T07:00:00.000Z";5461976.334;"{""TimeSeriesType"":""CTT_SUM_CONS_ACP"",""Res"":""PT1H"",""Uom"":""KWH"",""ReadTS"":""2026-09-10T06:00:00Z"",""Value"":""5461976.334"",""Count"":""3796826""}"
363;"2026-09-10T05:00:00.000Z";"2026-09-10T06:00:00.000Z";5388417.184;"{""TimeSeriesType"":""CTT_SUM_CONS_ACP"",""Res"":""PT1H"",""Uom"":""KWH"",""ReadTS"":""2026-09-10T05:00:00Z"",""Value"":""5388417.184"",""Count"":""3796929""}"
363;"2026-09-10T04:00:00.000Z";"2026-09-10T05:00:00.000Z";5133671.375;"{""TimeSeriesType"":""CTT_SUM_CONS_ACP"",""Res"":""PT1H"",""Uom"":""KWH"",""ReadTS"":""2026-09-10T04:00:00Z"",""Value"":""5133671.375"",""Count"":""3796941""}"
363;"2026-09-10T03:00:00.000Z";"2026-09-10T04:00:00.000Z";4783078.868;"{""TimeSeriesType"":""CTT_SUM_CONS_ACP"",""Res"":""PT1H"",""Uom"":""KWH"",""ReadTS"":""2026-09-10T03:00:00Z"",""Value"":""4783078.868"",""Count"":""3796949""}"
363;"2026-09-10T02:00:00.000Z";"2026-09-10T03:00:00.000Z";4221719.278;"{""TimeSeriesType"":""CTT_SUM_CONS_ACP"",""Res"":""PT1H"",""Uom"":""KWH"",""ReadTS"":""2026-09-10T02:00:00Z"",""Value"":""4221719.278"",""Count"":""3796948""}"
363;"2026-09-10T01:00:00.000Z";"2026-09-10T02:00:00.000Z";3998742.621;"{""TimeSeriesType"":""CTT_SUM_CONS_ACP"",""Res"":""PT1H"",""Uom"":""KWH"",""ReadTS"":""2026-09-10T01:00:00Z"",""Value"":""3998742.621"",""Count"":""3796985""}"
363;"2026-09-10T00:00:00.000Z";"2026-09-10T01:00:00.000Z";3987390.116;"{""TimeSeriesType"":""CTT_SUM_CONS_ACP"",""Res"":""PT1H"",""Uom"":""KWH"",""ReadTS"":""2026-09-10T00:00:00Z"",""Value"":""3987390.116"",""Count"":""3796984""}"
363;"2026-09-09T23:00:00.000Z";"2026-09-10T00:00:00.000Z";3979192.022;"{""TimeSeriesType"":""CTT_SUM_CONS_ACP"",""Res"":""PT1H"",""Uom"":""KWH"",""ReadTS"":""2026-09-09T23:00:00Z"",""Value"":""3979192.022"",""Count"":""3796990""}"
363;"2026-09-09T22:00:00.000Z";"2026-09-09T23:00:00.000Z";4070370.703;"{""TimeSeriesType"":""CTT_SUM_CONS_ACP"",""Res"":""PT1H"",""Uom"":""KWH"",""ReadTS"":""2026-09-09T22:00:00Z"",""Value"":""4070370.703"",""Count"":""3796992""}"
363;"2026-09-09T21:00:00.000Z";"2026-09-09T22:00:00.000Z";4316573.54;"{""TimeSeriesType"":""CTT_SUM_CONS_ACP"",""Res"":""PT1H"",""Uom"":""KWH"",""ReadTS"":""2026-09-09T21:00:00Z"",""Value"":""4316573.54"",""Count"":""3797014""}"
363;"2026-09-09T20:00:00.000Z";"2026-09-09T21:00:00.000Z";4641183.507;"{""TimeSeriesType"":""CTT_SUM_CONS_ACP"",""Res"":""PT1H"",""Uom"":""KWH"",""ReadTS"":""2026-09-09T20:00:00Z"",""Value"":""4641183.507"",""Count"":""3796721""}"
363;"2026-09-09T19:00:00.000Z";"2026-09-09T20:00:00.000Z";4968152.791;"{""TimeSeriesType"":""CTT_SUM_CONS_ACP"",""Res"":""PT1H"",""Uom"":""KWH"",""ReadTS"":""2026-09-09T19:00:00Z"",""Value"":""4968152.791"",""Count"":""3796719""}"
363;"2026-09-09T18:00:00.000Z";"2026-09-09T19:00:00.000Z";5096101.948;"{""TimeSeriesType"":""CTT_SUM_CONS_ACP"",""Res"":""PT1H"",""Uom"":""KWH"",""ReadTS"":""2026-09-09T18:00:00Z"",""Value"":""5096101.948"",""Count"":""3796720""}"
363;"2026-09-09T17:00:00.000Z";"2026-09-09T18:00:00.000Z";5414011.009;"{""TimeSeriesType"":""CTT_SUM_CONS_ACP"",""Res"":""PT1H"",""Uom"":""KWH"",""ReadTS"":""2026-09-09T17:00:00Z"",""Value"":""5414011.009"",""Count"":""3796718""}"
363;"2026-09-09T16:00:00.000Z";"2026-09-09T17:00:00.000Z";5367523.921;"{""TimeSeriesType"":""CTT_SUM_CONS_ACP"",""Res"":""PT1H"",""Uom"":""KWH"",""ReadTS"":""2026-09-09T16:00:00Z"",""Value"":""5367523.921"",""Count"":""3796717""}"
363;"2026-09-09T15:00:00.000Z";"2026-09-09T16:00:00.000Z";5273902.93;"{""TimeSeriesType"":""CTT_SUM_CONS_ACP"",""Res"":""PT1H"",""Uom"":""KWH"",""ReadTS"":""2026-09-09T15:00:00Z"",""Value"":""5273902.93"",""Count"":""3796718""}"
363;"2026-09-09T14:00:00.000Z";"2026-09-09T15:00:00.000Z";5320185.66;"{""TimeSeriesType"":""CTT_SUM_CONS_ACP"",""Res"":""PT1H"",""Uom"":""KWH"",""ReadTS"":""2026-09-09T14:00:00Z"",""Value"":""5320185.66"",""Count"":""3796714""}"
363;"2026-09-09T13:00:00.000Z";"2026-09-09T14:00:00.000Z";5347061.436;"{""TimeSeriesType"":""CTT_SUM_CONS_ACP"",""Res"":""PT1H"",""Uom"":""KWH"",""ReadTS"":""2026-09-09T13:00:00Z"",""Value"":""5347061.436"",""Count"":""3796701""}"
363;"2026-09-09T12:00:00.000Z";"2026-09-09T13:00:00.000Z";5362990.231;"{""TimeSeriesType"":""CTT_SUM_CONS_ACP"",""Res"":""PT1H"",""Uom"":""KWH"",""ReadTS"":""2026-09-09T12:00:00Z"",""Value"":""5362990.231"",""Count"":""3796694""}"
363;"2026-09-09T11:00:00.000Z";"2026-09-09T12:00:00.000Z";5388863.682;"{""TimeSeriesType"":""CTT_SUM_CONS_ACP"",""Res"":""PT1H"",""Uom"":""KWH"",""ReadTS"":""2026-09-09T11:00:00Z"",""Value"":""5388863.682"",""Count"":""3796687""}"
363;"2026-09-09T10:00:00.000Z";"2026-09-09T11:00:00.000Z";5442242.228;"{""TimeSeriesType"":""CTT_SUM_CONS_ACP"",""Res"":""PT1H"",""Uom"":""KWH"",""ReadTS"":""2026-09-09T10:00:00Z"",""Value"":""5442242.228"",""Count"":""3796686""}"
363;"2026-09-09T09:00:00.000Z";"2026-09-09T10:00:00.000Z";5558323.283;"{""TimeSeriesType"":""CTT_SUM_CONS_ACP"",""Res"":""PT1H"",""Uom"":""KWH"",""ReadTS"":""2026-09-09T09:00:00Z"",""Value"":""5558323.283"",""Count"":""3796666""}"
363;"2026-09-09T08:00:00.000Z";"2026-09-09T09:00:00.000Z";5535500.15;"{""TimeSeriesType"":""CTT_SUM_CONS_ACP"",""Res"":""PT1H"",""Uom"":""KWH"",""ReadTS"":""2026-09-09T08:00:00Z"",""Value"":""5535500.15"",""Count"":""3796626""}"
363;"2026-09-09T07:00:00.000Z";"2026-09-09T08:00:00.000Z";5512705.549;"{""TimeSeriesType"":""CTT_SUM_CONS_ACP"",""Res"":""PT1H"",""Uom"":""KWH"",""ReadTS"":""2026-09-09T07:00:00Z"",""Value"":""5512705.549"",""Count"":""3796602""}"
363;"2026-09-09T06:00:00.000Z";"2026-09-09T07:00:00.000Z";5492596.362;"{""TimeSeriesType"":""CTT_SUM_CONS_ACP"",""Res"":""PT1H"",""Uom"":""KWH"",""ReadTS"":""2026-09-09T06:00:00Z"",""Value"":""5492596.362"",""Count"":""3796562""}"
363;"2026-09-09T05:00:00.000Z";"2026-09-09T06:00:00.000Z";5343929.04;"{""TimeSeriesType"":""CTT_SUM_CONS_ACP"",""Res"":""PT1H"",""Uom"":""KWH"",""ReadTS"":""2026-09-09T05:00:00Z"",""Value"":""5343929.04"",""Count"":""3796690""}"
363;"2026-09-09T04:00:00.000Z";"2026-09-09T05:00:00.000Z";5094929.772;"{""TimeSeriesType"":""CTT_SUM_CONS_ACP"",""Res"":""PT1H"",""Uom"":""KWH"",""ReadTS"":""2026-09-09T04:00:00Z"",""Value"":""5094929.772"",""Count"":""3796701""}"
363;"2026-09-09T03:00:00.000Z";"2026-09-09T04:00:00.000Z";4693979.92;"{""TimeSeriesType"":""CTT_SUM_CONS_ACP"",""Res"":""PT1H"",""Uom"":""KWH"",""ReadTS"":""2026-09-09T03:00:00Z"",""Value"":""4693979.92"",""Count"":""3796701""}"
363;"2026-09-09T02:00:00.000Z";"2026-09-09T03:00:00.000Z";4150455.449;"{""TimeSeriesType"":""CTT_SUM_CONS_ACP"",""Res"":""PT1H"",""Uom"":""KWH"",""ReadTS"":""2026-09-09T02:00:00Z"",""Value"":""4150455.449"",""Count"":""3796706""}"
363;"2026-09-09T01:00:00.000Z";"2026-09-09T02:00:00.000Z";3937458.846;"{""TimeSeriesType"":""CTT_SUM_CONS_ACP"",""Res"":""PT1H"",""Uom"":""KWH"",""ReadTS"":""2026-09-09T01:00:00Z"",""Value"":""3937458.846"",""Count"":""3796754""}"
363;"2026-09-09T00:00:00.000Z";"2026-09-09T01:00:00.000Z";3930902.574;"{""TimeSeriesType"":""CTT_SUM_CONS_ACP"",""Res"":""PT1H"",""Uom"":""KWH"",""ReadTS"":""2026-09-09T00:00:00Z"",""Value"":""3930902.574"",""Count"":""3796754""}"
363;"2026-09-08T23:00:00.000Z";"2026-09-09T00:00:00.000Z";4025171.934;"{""TimeSeriesType"":""CTT_SUM_CONS_ACP"",""Res"":""PT1H"",""Uom"":""KWH"",""ReadTS"":""2026-09-08T23:00:00Z"",""Value"":""4025171.934"",""Count"":""3796754""}"
363;"2026-09-08T22:00:00.000Z";"2026-09-08T23:00:00.000Z";4198226.862;"{""TimeSeriesType"":""CTT_SUM_CONS_ACP"",""Res"":""PT1H"",""Uom"":""KWH"",""ReadTS"":""2026-09-08T22:00:00Z"",""Value"":""4198226.862"",""Count"":""3796755""}"
363;"2026-09-08T21:00:00.000Z";"2026-09-08T22:00:00.000Z";4425018.731;"{""TimeSeriesType"":""CTT_SUM_CONS_ACP"",""Res"":""PT1H"",""Uom"":""KWH"",""ReadTS"":""2026-09-08T21:00:00Z"",""Value"":""4425018.731"",""Count"":""3796764""}"
363;"2026-09-08T20:00:00.000Z";"2026-09-08T21:00:00.000Z";4758415.095;"{""TimeSeriesType"":""CTT_SUM_CONS_ACP"",""Res"":""PT1H"",""Uom"":""KWH"",""ReadTS"":""2026-09-08T20:00:00Z"",""Value"":""4758415.095"",""Count"":""3796393""}"
363;"2026-09-08T19:00:00.000Z";"2026-09-08T20:00:00.000Z";5127371.443;"{""TimeSeriesType"":""CTT_SUM_CONS_ACP"",""Res"":""PT1H"",""Uom"":""KWH"",""ReadTS"":""2026-09-08T19:00:00Z"",""Value"":""5127371.443"",""Count"":""3796393""}"
363;"2026-09-08T18:00:00.000Z";"2026-09-08T19:00:00.000Z";5280534.582;"{""TimeSeriesType"":""CTT_SUM_CONS_ACP"",""Res"":""PT1H"",""Uom"":""KWH"",""ReadTS"":""2026-09-08T18:00:00Z"",""Value"":""5280534.582"",""Count"":""3796393""}"
363;"2026-09-08T17:00:00.000Z";"2026-09-08T18:00:00.000Z";5575638.894;"{""TimeSeriesType"":""CTT_SUM_CONS_ACP"",""Res"":""PT1H"",""Uom"":""KWH"",""ReadTS"":""2026-09-08T17:00:00Z"",""Value"":""5575638.894"",""Count"":""3796393""}"
363;"2026-09-08T16:00:00.000Z";"2026-09-08T17:00:00.000Z";5548382.363;"{""TimeSeriesType"":""CTT_SUM_CONS_ACP"",""Res"":""PT1H"",""Uom"":""KWH"",""ReadTS"":""2026-09-08T16:00:00Z"",""Value"":""5548382.363"",""Count"":""3796394""}"
363;"2026-09-08T15:00:00.000Z";"2026-09-08T16:00:00.000Z";5486347.236;"{""TimeSeriesType"":""CTT_SUM_CONS_ACP"",""Res"":""PT1H"",""Uom"":""KWH"",""ReadTS"":""2026-09-08T15:00:00Z"",""Value"":""5486347.236"",""Count"":""3796393""}"
363;"2026-09-08T14:00:00.000Z";"2026-09-08T15:00:00.000Z";5538663.731;"{""TimeSeriesType"":""CTT_SUM_CONS_ACP"",""Res"":""PT1H"",""Uom"":""KWH"",""ReadTS"":""2026-09-08T14:00:00Z"",""Value"":""5538663.731"",""Count"":""3796390""}"
363;"2026-09-08T13:00:00.000Z";"2026-09-08T14:00:00.000Z";5556102.368;"{""TimeSeriesType"":""CTT_SUM_CONS_ACP"",""Res"":""PT1H"",""Uom"":""KWH"",""ReadTS"":""2026-09-08T13:00:00Z"",""Value"":""5556102.368"",""Count"":""3796385""}"
363;"2026-09-08T12:00:00.000Z";"2026-09-08T13:00:00.000Z";5557658.964;"{""TimeSeriesType"":""CTT_SUM_CONS_ACP"",""Res"":""PT1H"",""Uom"":""KWH"",""ReadTS"":""2026-09-08T12:00:00Z"",""Value"":""5557658.964"",""Count"":""3796368""}"
363;"2026-09-08T11:00:00.000Z";"2026-09-08T12:00:00.000Z";5654097.317;"{""TimeSeriesType"":""CTT_SUM_CONS_ACP"",""Res"":""PT1H"",""Uom"":""KWH"",""ReadTS"":""2026-09-08T11:00:00Z"",""Value"":""5654097.317"",""Count"":""3796359""}"
363;"2026-09-08T10:00:00.000Z";"2026-09-08T11:00:00.000Z";5753500.433;"{""TimeSeriesType"":""CTT_SUM_CONS_ACP"",""Res"":""PT1H"",""Uom"":""KWH"",""ReadTS"":""2026-09-08T10:00:00Z"",""Value"":""5753500.433"",""Count"":""3796357""}"
363;"2026-09-08T09:00:00.000Z";"2026-09-08T10:00:00.000Z";5827116.013;"{""TimeSeriesType"":""CTT_SUM_CONS_ACP"",""Res"":""PT1H"",""Uom"":""KWH"",""ReadTS"":""2026-09-08T09:00:00Z"",""Value"":""5827116.013"",""Count"":""3796332""}"
363;"2026-09-08T08:00:00.000Z";"2026-09-08T09:00:00.000Z";5844518.87;"{""TimeSeriesType"":""CTT_SUM_CONS_ACP"",""Res"":""PT1H"",""Uom"":""KWH"",""ReadTS"":""2026-09-08T08:00:00Z"",""Value"":""5844518.87"",""Count"":""3796311""}"
363;"2026-09-08T07:00:00.000Z";"2026-09-08T08:00:00.000Z";5763058.168;"{""TimeSeriesType"":""CTT_SUM_CONS_ACP"",""Res"":""PT1H"",""Uom"":""KWH"",""ReadTS"":""2026-09-08T07:00:00Z"",""Value"":""5763058.168"",""Count"":""3796292""}"
363;"2026-09-08T06:00:00.000Z";"2026-09-08T07:00:00.000Z";5704903.613;"{""TimeSeriesType"":""CTT_SUM_CONS_ACP"",""Res"":""PT1H"",""Uom"":""KWH"",""ReadTS"":""2026-09-08T06:00:00Z"",""Value"":""5704903.613"",""Count"":""3796303""}"
363;"2026-09-08T05:00:00.000Z";"2026-09-08T06:00:00.000Z";5529800.623;"{""TimeSeriesType"":""CTT_SUM_CONS_ACP"",""Res"":""PT1H"",""Uom"":""KWH"",""ReadTS"":""2026-09-08T05:00:00Z"",""Value"":""5529800.623"",""Count"":""3796461""}"
363;"2026-09-08T04:00:00.000Z";"2026-09-08T05:00:00.000Z";5232799.258;"{""TimeSeriesType"":""CTT_SUM_CONS_ACP"",""Res"":""PT1H"",""Uom"":""KWH"",""ReadTS"":""2026-09-08T04:00:00Z"",""Value"":""5232799.258"",""Count"":""3796475""}"
363;"2026-09-08T03:00:00.000Z";"2026-09-08T04:00:00.000Z";4771742.231;"{""TimeSeriesType"":""CTT_SUM_CONS_ACP"",""Res"":""PT1H"",""Uom"":""KWH"",""ReadTS"":""2026-09-08T03:00:00Z"",""Value"":""4771742.231"",""Count"":""3796476""}"
363;"2026-09-08T02:00:00.000Z";"2026-09-08T03:00:00.000Z";4222170.314;"{""TimeSeriesType"":""CTT_SUM_CONS_ACP"",""Res"":""PT1H"",""Uom"":""KWH"",""ReadTS"":""2026-09-08T02:00:00Z"",""Value"":""4222170.314"",""Count"":""3796477""}"
363;"2026-09-08T01:00:00.000Z";"2026-09-08T02:00:00.000Z";4049596.031;"{""TimeSeriesType"":""CTT_SUM_CONS_ACP"",""Res"":""PT1H"",""Uom"":""KWH"",""ReadTS"":""2026-09-08T01:00:00Z"",""Value"":""4049596.031"",""Count"":""3796510""}"
363;"2026-09-08T00:00:00.000Z";"2026-09-08T01:00:00.000Z";4076178.05;"{""TimeSeriesType"":""CTT_SUM_CONS_ACP"",""Res"":""PT1H"",""Uom"":""KWH"",""ReadTS"":""2026-09-08T00:00:00Z"",""Value"":""4076178.05"",""Count"":""3796510""}"
363;"2026-09-07T23:00:00.000Z";"2026-09-08T00:00:00.000Z";4156192.467;"{""TimeSeriesType"":""CTT_SUM_CONS_ACP"",""Res"":""PT1H"",""Uom"":""KWH"",""ReadTS"":""2026-09-07T23:00:00Z"",""Value"":""4156192.467"",""Count"":""3796509""}"
363;"2026-09-07T22:00:00.000Z";"2026-09-07T23:00:00.000Z";4289093.472;"{""TimeSeriesType"":""CTT_SUM_CONS_ACP"",""Res"":""PT1H"",""Uom"":""KWH"",""ReadTS"":""2026-09-07T22:00:00Z"",""Value"":""4289093.472"",""Count"":""3796509""}"
363;"2026-09-07T21:00:00.000Z";"2026-09-07T22:00:00.000Z";4569745.144;"{""TimeSeriesType"":""CTT_SUM_CONS_ACP"",""Res"":""PT1H"",""Uom"":""KWH"",""ReadTS"":""2026-09-07T21:00:00Z"",""Value"":""4569745.144"",""Count"":""3796526""}"
363;"2026-09-07T20:00:00.000Z";"2026-09-07T21:00:00.000Z";4956834.224;"{""TimeSeriesType"":""CTT_SUM_CONS_ACP"",""Res"":""PT1H"",""Uom"":""KWH"",""ReadTS"":""2026-09-07T20:00:00Z"",""Value"":""4956834.224"",""Count"":""3796273""}"
363;"2026-09-07T19:00:00.000Z";"2026-09-07T20:00:00.000Z";5310289.575;"{""TimeSeriesType"":""CTT_SUM_CONS_ACP"",""Res"":""PT1H"",""Uom"":""KWH"",""ReadTS"":""2026-09-07T19:00:00Z"",""Value"":""5310289.575"",""Count"":""3796273""}"
363;"2026-09-07T18:00:00.000Z";"2026-09-07T19:00:00.000Z";5425270.02;"{""TimeSeriesType"":""CTT_SUM_CONS_ACP"",""Res"":""PT1H"",""Uom"":""KWH"",""ReadTS"":""2026-09-07T18:00:00Z"",""Value"":""5425270.02"",""Count"":""3796271""}"
363;"2026-09-07T17:00:00.000Z";"2026-09-07T18:00:00.000Z";5660268.19;"{""TimeSeriesType"":""CTT_SUM_CONS_ACP"",""Res"":""PT1H"",""Uom"":""KWH"",""ReadTS"":""2026-09-07T17:00:00Z"",""Value"":""5660268.19"",""Count"":""3796270""}"
363;"2026-09-07T16:00:00.000Z";"2026-09-07T17:00:00.000Z";5540235.622;"{""TimeSeriesType"":""CTT_SUM_CONS_ACP"",""Res"":""PT1H"",""Uom"":""KWH"",""ReadTS"":""2026-09-07T16:00:00Z"",""Value"":""5540235.622"",""Count"":""3796268""}"
363;"2026-09-07T15:00:00.000Z";"2026-09-07T16:00:00.000Z";5397271.659;"{""TimeSeriesType"":""CTT_SUM_CONS_ACP"",""Res"":""PT1H"",""Uom"":""KWH"",""ReadTS"":""2026-09-07T15:00:00Z"",""Value"":""5397271.659"",""Count"":""3796269""}"
363;"2026-09-07T14:00:00.000Z";"2026-09-07T15:00:00.000Z";5350254.901;"{""TimeSeriesType"":""CTT_SUM_CONS_ACP"",""Res"":""PT1H"",""Uom"":""KWH"",""ReadTS"":""2026-09-07T14:00:00Z"",""Value"":""5350254.901"",""Count"":""3796269""}"
363;"2026-09-07T13:00:00.000Z";"2026-09-07T14:00:00.000Z";5293293.848;"{""TimeSeriesType"":""CTT_SUM_CONS_ACP"",""Res"":""PT1H"",""Uom"":""KWH"",""ReadTS"":""2026-09-07T13:00:00Z"",""Value"":""5293293.848"",""Count"":""3796263""}"
363;"2026-09-07T12:00:00.000Z";"2026-09-07T13:00:00.000Z";5232220.258;"{""TimeSeriesType"":""CTT_SUM_CONS_ACP"",""Res"":""PT1H"",""Uom"":""KWH"",""ReadTS"":""2026-09-07T12:00:00Z"",""Value"":""5232220.258"",""Count"":""3796240""}"
363;"2026-09-07T11:00:00.000Z";"2026-09-07T12:00:00.000Z";5275799.248;"{""TimeSeriesType"":""CTT_SUM_CONS_ACP"",""Res"":""PT1H"",""Uom"":""KWH"",""ReadTS"":""2026-09-07T11:00:00Z"",""Value"":""5275799.248"",""Count"":""3796233""}"
363;"2026-09-07T10:00:00.000Z";"2026-09-07T11:00:00.000Z";5332950.988;"{""TimeSeriesType"":""CTT_SUM_CONS_ACP"",""Res"":""PT1H"",""Uom"":""KWH"",""ReadTS"":""2026-09-07T10:00:00Z"",""Value"":""5332950.988"",""Count"":""3796225""}"
363;"2026-09-07T09:00:00.000Z";"2026-09-07T10:00:00.000Z";5465202.027;"{""TimeSeriesType"":""CTT_SUM_CONS_ACP"",""Res"":""PT1H"",""Uom"":""KWH"",""ReadTS"":""2026-09-07T09:00:00Z"",""Value"":""5465202.027"",""Count"":""3796196""}"
363;"2026-09-07T08:00:00.000Z";"2026-09-07T09:00:00.000Z";5557350.004;"{""TimeSeriesType"":""CTT_SUM_CONS_ACP"",""Res"":""PT1H"",""Uom"":""KWH"",""ReadTS"":""2026-09-07T08:00:00Z"",""Value"":""5557350.004"",""Count"":""3796222""}"
363;"2026-09-07T07:00:00.000Z";"2026-09-07T08:00:00.000Z";5609850.033;"{""TimeSeriesType"":""CTT_SUM_CONS_ACP"",""Res"":""PT1H"",""Uom"":""KWH"",""ReadTS"":""2026-09-07T07:00:00Z"",""Value"":""5609850.033"",""Count"":""3796207""}"
363;"2026-09-07T06:00:00.000Z";"2026-09-07T07:00:00.000Z";5717689.96;"{""TimeSeriesType"":""CTT_SUM_CONS_ACP"",""Res"":""PT1H"",""Uom"":""KWH"",""ReadTS"":""2026-09-07T06:00:00Z"",""Value"":""5717689.96"",""Count"":""3796205""}"
363;"2026-09-07T05:00:00.000Z";"2026-09-07T06:00:00.000Z";5742257.219;"{""TimeSeriesType"":""CTT_SUM_CONS_ACP"",""Res"":""PT1H"",""Uom"":""KWH"",""ReadTS"":""2026-09-07T05:00:00Z"",""Value"":""5742257.219"",""Count"":""3796349""}"
363;"2026-09-07T04:00:00.000Z";"2026-09-07T05:00:00.000Z";5560969.279;"{""TimeSeriesType"":""CTT_SUM_CONS_ACP"",""Res"":""PT1H"",""Uom"":""KWH"",""ReadTS"":""2026-09-07T04:00:00Z"",""Value"":""5560969.279"",""Count"":""3796394""}"
363;"2026-09-07T03:00:00.000Z";"2026-09-07T04:00:00.000Z";5121881.655;"{""TimeSeriesType"":""CTT_SUM_CONS_ACP"",""Res"":""PT1H"",""Uom"":""KWH"",""ReadTS"":""2026-09-07T03:00:00Z"",""Value"":""5121881.655"",""Count"":""3796396""}"
363;"2026-09-07T02:00:00.000Z";"2026-09-07T03:00:00.000Z";4590835.639;"{""TimeSeriesType"":""CTT_SUM_CONS_ACP"",""Res"":""PT1H"",""Uom"":""KWH"",""ReadTS"":""2026-09-07T02:00:00Z"",""Value"":""4590835.639"",""Count"":""3796404""}"
363;"2026-09-07T01:00:00.000Z";"2026-09-07T02:00:00.000Z";4335159.633;"{""TimeSeriesType"":""CTT_SUM_CONS_ACP"",""Res"":""PT1H"",""Uom"":""KWH"",""ReadTS"":""2026-09-07T01:00:00Z"",""Value"":""4335159.633"",""Count"":""3796450""}"
363;"2026-09-07T00:00:00.000Z";"2026-09-07T01:00:00.000Z";4287050.398;"{""TimeSeriesType"":""CTT_SUM_CONS_ACP"",""Res"":""PT1H"",""Uom"":""KWH"",""ReadTS"":""2026-09-07T00:00:00Z"",""Value"":""4287050.398"",""Count"":""3796450""}"
363;"2026-09-06T23:00:00.000Z";"2026-09-07T00:00:00.000Z";4323850.575;"{""TimeSeriesType"":""CTT_SUM_CONS_ACP"",""Res"":""PT1H"",""Uom"":""KWH"",""ReadTS"":""2026-09-06T23:00:00Z"",""Value"":""4323850.575"",""Count"":""3796450""}"
363;"2026-09-06T22:00:00.000Z";"2026-09-06T23:00:00.000Z";4447494.815;"{""TimeSeriesType"":""CTT_SUM_CONS_ACP"",""Res"":""PT1H"",""Uom"":""KWH"",""ReadTS"":""2026-09-06T22:00:00Z"",""Value"":""4447494.815"",""Count"":""3796450""}"
363;"2026-09-06T21:00:00.000Z";"2026-09-06T22:00:00.000Z";4662620.687;"{""TimeSeriesType"":""CTT_SUM_CONS_ACP"",""Res"":""PT1H"",""Uom"":""KWH"",""ReadTS"":""2026-09-06T21:00:00Z"",""Value"":""4662620.687"",""Count"":""3796451""}"
363;"2026-09-06T20:00:00.000Z";"2026-09-06T21:00:00.000Z";4919215.872;"{""TimeSeriesType"":""CTT_SUM_CONS_ACP"",""Res"":""PT1H"",""Uom"":""KWH"",""ReadTS"":""2026-09-06T20:00:00Z"",""Value"":""4919215.872"",""Count"":""3795654""}"
363;"2026-09-06T19:00:00.000Z";"2026-09-06T20:00:00.000Z";5178714.567;"{""TimeSeriesType"":""CTT_SUM_CONS_ACP"",""Res"":""PT1H"",""Uom"":""KWH"",""ReadTS"":""2026-09-06T19:00:00Z"",""Value"":""5178714.567"",""Count"":""3795655""}"
363;"2026-09-06T18:00:00.000Z";"2026-09-06T19:00:00.000Z";5122638.115;"{""TimeSeriesType"":""CTT_SUM_CONS_ACP"",""Res"":""PT1H"",""Uom"":""KWH"",""ReadTS"":""2026-09-06T18:00:00Z"",""Value"":""5122638.115"",""Count"":""3795655""}"
363;"2026-09-06T17:00:00.000Z";"2026-09-06T18:00:00.000Z";5209650.115;"{""TimeSeriesType"":""CTT_SUM_CONS_ACP"",""Res"":""PT1H"",""Uom"":""KWH"",""ReadTS"":""2026-09-06T17:00:00Z"",""Value"":""5209650.115"",""Count"":""3795655""}"
363;"2026-09-06T16:00:00.000Z";"2026-09-06T17:00:00.000Z";5100997.589;"{""TimeSeriesType"":""CTT_SUM_CONS_ACP"",""Res"":""PT1H"",""Uom"":""KWH"",""ReadTS"":""2026-09-06T16:00:00Z"",""Value"":""5100997.589"",""Count"":""3795655""}"
363;"2026-09-06T15:00:00.000Z";"2026-09-06T16:00:00.000Z";4975355.039;"{""TimeSeriesType"":""CTT_SUM_CONS_ACP"",""Res"":""PT1H"",""Uom"":""KWH"",""ReadTS"":""2026-09-06T15:00:00Z"",""Value"":""4975355.039"",""Count"":""3795656""}"
363;"2026-09-06T14:00:00.000Z";"2026-09-06T15:00:00.000Z";4850706.62;"{""TimeSeriesType"":""CTT_SUM_CONS_ACP"",""Res"":""PT1H"",""Uom"":""KWH"",""ReadTS"":""2026-09-06T14:00:00Z"",""Value"":""4850706.62"",""Count"":""3795656""}"
363;"2026-09-06T13:00:00.000Z";"2026-09-06T14:00:00.000Z";4737782.906;"{""TimeSeriesType"":""CTT_SUM_CONS_ACP"",""Res"":""PT1H"",""Uom"":""KWH"",""ReadTS"":""2026-09-06T13:00:00Z"",""Value"":""4737782.906"",""Count"":""3795656""}"
363;"2026-09-06T12:00:00.000Z";"2026-09-06T13:00:00.000Z";4664424.09;"{""TimeSeriesType"":""CTT_SUM_CONS_ACP"",""Res"":""PT1H"",""Uom"":""KWH"",""ReadTS"":""2026-09-06T12:00:00Z"",""Value"":""4664424.09"",""Count"":""3795657""}"
363;"2026-09-06T11:00:00.000Z";"2026-09-06T12:00:00.000Z";4662126.946;"{""TimeSeriesType"":""CTT_SUM_CONS_ACP"",""Res"":""PT1H"",""Uom"":""KWH"",""ReadTS"":""2026-09-06T11:00:00Z"",""Value"":""4662126.946"",""Count"":""3795657""}"
363;"2026-09-06T10:00:00.000Z";"2026-09-06T11:00:00.000Z";4674069.313;"{""TimeSeriesType"":""CTT_SUM_CONS_ACP"",""Res"":""PT1H"",""Uom"":""KWH"",""ReadTS"":""2026-09-06T10:00:00Z"",""Value"":""4674069.313"",""Count"":""3795657""}"
363;"2026-09-06T09:00:00.000Z";"2026-09-06T10:00:00.000Z";4690017.907;"{""TimeSeriesType"":""CTT_SUM_CONS_ACP"",""Res"":""PT1H"",""Uom"":""KWH"",""ReadTS"":""2026-09-06T09:00:00Z"",""Value"":""4690017.907"",""Count"":""3795657""}"
363;"2026-09-06T08:00:00.000Z";"2026-09-06T09:00:00.000Z";4674108.4;"{""TimeSeriesType"":""CTT_SUM_CONS_ACP"",""Res"":""PT1H"",""Uom"":""KWH"",""ReadTS"":""2026-09-06T08:00:00Z"",""Value"":""4674108.4"",""Count"":""3795656""}"
363;"2026-09-06T07:00:00.000Z";"2026-09-06T08:00:00.000Z";4574068.257;"{""TimeSeriesType"":""CTT_SUM_CONS_ACP"",""Res"":""PT1H"",""Uom"":""KWH"",""ReadTS"":""2026-09-06T07:00:00Z"",""Value"":""4574068.257"",""Count"":""3795656""}"
363;"2026-09-06T06:00:00.000Z";"2026-09-06T07:00:00.000Z";4426480.68;"{""TimeSeriesType"":""CTT_SUM_CONS_ACP"",""Res"":""PT1H"",""Uom"":""KWH"",""ReadTS"":""2026-09-06T06:00:00Z"",""Value"":""4426480.68"",""Count"":""3795682""}"
363;"2026-09-06T05:00:00.000Z";"2026-09-06T06:00:00.000Z";4254627.025;"{""TimeSeriesType"":""CTT_SUM_CONS_ACP"",""Res"":""PT1H"",""Uom"":""KWH"",""ReadTS"":""2026-09-06T05:00:00Z"",""Value"":""4254627.025"",""Count"":""3795681""}"
363;"2026-09-06T04:00:00.000Z";"2026-09-06T05:00:00.000Z";4088470.599;"{""TimeSeriesType"":""CTT_SUM_CONS_ACP"",""Res"":""PT1H"",""Uom"":""KWH"",""ReadTS"":""2026-09-06T04:00:00Z"",""Value"":""4088470.599"",""Count"":""3795681""}"
363;"2026-09-06T03:00:00.000Z";"2026-09-06T04:00:00.000Z";4046057.422;"{""TimeSeriesType"":""CTT_SUM_CONS_ACP"",""Res"":""PT1H"",""Uom"":""KWH"",""ReadTS"":""2026-09-06T03:00:00Z"",""Value"":""4046057.422"",""Count"":""3795681""}"
363;"2026-09-06T02:00:00.000Z";"2026-09-06T03:00:00.000Z";4065076.444;"{""TimeSeriesType"":""CTT_SUM_CONS_ACP"",""Res"":""PT1H"",""Uom"":""KWH"",""ReadTS"":""2026-09-06T02:00:00Z"",""Value"":""4065076.444"",""Count"":""3795677""}"
363;"2026-09-06T01:00:00.000Z";"2026-09-06T02:00:00.000Z";4038748.818;"{""TimeSeriesType"":""CTT_SUM_CONS_ACP"",""Res"":""PT1H"",""Uom"":""KWH"",""ReadTS"":""2026-09-06T01:00:00Z"",""Value"":""4038748.818"",""Count"":""3795676""}"
363;"2026-09-06T00:00:00.000Z";"2026-09-06T01:00:00.000Z";4077694.321;"{""TimeSeriesType"":""CTT_SUM_CONS_ACP"",""Res"":""PT1H"",""Uom"":""KWH"",""ReadTS"":""2026-09-06T00:00:00Z"",""Value"":""4077694.321"",""Count"":""3795676""}"
363;"2026-09-05T23:00:00.000Z";"2026-09-06T00:00:00.000Z";4113834.466;"{""TimeSeriesType"":""CTT_SUM_CONS_ACP"",""Res"":""PT1H"",""Uom"":""KWH"",""ReadTS"":""2026-09-05T23:00:00Z"",""Value"":""4113834.466"",""Count"":""3795676""}"
363;"2026-09-05T22:00:00.000Z";"2026-09-05T23:00:00.000Z";4239609.721;"{""TimeSeriesType"":""CTT_SUM_CONS_ACP"",""Res"":""PT1H"",""Uom"":""KWH"",""ReadTS"":""2026-09-05T22:00:00Z"",""Value"":""4239609.721"",""Count"":""3795676""}"
363;"2026-09-05T21:00:00.000Z";"2026-09-05T22:00:00.000Z";4436144.617;"{""TimeSeriesType"":""CTT_SUM_CONS_ACP"",""Res"":""PT1H"",""Uom"":""KWH"",""ReadTS"":""2026-09-05T21:00:00Z"",""Value"":""4436144.617"",""Count"":""3795676""}"
363;"2026-09-05T20:00:00.000Z";"2026-09-05T21:00:00.000Z";4733116.124;"{""TimeSeriesType"":""CTT_SUM_CONS_ACP"",""Res"":""PT1H"",""Uom"":""KWH"",""ReadTS"":""2026-09-05T20:00:00Z"",""Value"":""4733116.124"",""Count"":""3795751""}"
363;"2026-09-05T19:00:00.000Z";"2026-09-05T20:00:00.000Z";4982785.563;"{""TimeSeriesType"":""CTT_SUM_CONS_ACP"",""Res"":""PT1H"",""Uom"":""KWH"",""ReadTS"":""2026-09-05T19:00:00Z"",""Value"":""4982785.563"",""Count"":""3795751""}"
363;"2026-09-05T18:00:00.000Z";"2026-09-05T19:00:00.000Z";5017387.888;"{""TimeSeriesType"":""CTT_SUM_CONS_ACP"",""Res"":""PT1H"",""Uom"":""KWH"",""ReadTS"":""2026-09-05T18:00:00Z"",""Value"":""5017387.888"",""Count"":""3795752""}"
363;"2026-09-05T17:00:00.000Z";"2026-09-05T18:00:00.000Z";5197869.574;"{""TimeSeriesType"":""CTT_SUM_CONS_ACP"",""Res"":""PT1H"",""Uom"":""KWH"",""ReadTS"":""2026-09-05T17:00:00Z"",""Value"":""5197869.574"",""Count"":""3795752""}"
363;"2026-09-05T16:00:00.000Z";"2026-09-05T17:00:00.000Z";5163082.601;"{""TimeSeriesType"":""CTT_SUM_CONS_ACP"",""Res"":""PT1H"",""Uom"":""KWH"",""ReadTS"":""2026-09-05T16:00:00Z"",""Value"":""5163082.601"",""Count"":""3795753""}"
363;"2026-09-05T15:00:00.000Z";"2026-09-05T16:00:00.000Z";5101332.118;"{""TimeSeriesType"":""CTT_SUM_CONS_ACP"",""Res"":""PT1H"",""Uom"":""KWH"",""ReadTS"":""2026-09-05T15:00:00Z"",""Value"":""5101332.118"",""Count"":""3795754""}"
363;"2026-09-05T14:00:00.000Z";"2026-09-05T15:00:00.000Z";5035210.112;"{""TimeSeriesType"":""CTT_SUM_CONS_ACP"",""Res"":""PT1H"",""Uom"":""KWH"",""ReadTS"":""2026-09-05T14:00:00Z"",""Value"":""5035210.112"",""Count"":""3795754""}"
363;"2026-09-05T13:00:00.000Z";"2026-09-05T14:00:00.000Z";4929744.771;"{""TimeSeriesType"":""CTT_SUM_CONS_ACP"",""Res"":""PT1H"",""Uom"":""KWH"",""ReadTS"":""2026-09-05T13:00:00Z"",""Value"":""4929744.771"",""Count"":""3795754""}"
363;"2026-09-05T12:00:00.000Z";"2026-09-05T13:00:00.000Z";4838382.377;"{""TimeSeriesType"":""CTT_SUM_CONS_ACP"",""Res"":""PT1H"",""Uom"":""KWH"",""ReadTS"":""2026-09-05T12:00:00Z"",""Value"":""4838382.377"",""Count"":""3795753""}"
363;"2026-09-05T11:00:00.000Z";"2026-09-05T12:00:00.000Z";4782732.322;"{""TimeSeriesType"":""CTT_SUM_CONS_ACP"",""Res"":""PT1H"",""Uom"":""KWH"",""ReadTS"":""2026-09-05T11:00:00Z"",""Value"":""4782732.322"",""Count"":""3795753""}"
363;"2026-09-05T10:00:00.000Z";"2026-09-05T11:00:00.000Z";4761671.363;"{""TimeSeriesType"":""CTT_SUM_CONS_ACP"",""Res"":""PT1H"",""Uom"":""KWH"",""ReadTS"":""2026-09-05T10:00:00Z"",""Value"":""4761671.363"",""Count"":""3795752""}"
363;"2026-09-05T09:00:00.000Z";"2026-09-05T10:00:00.000Z";4784171.16;"{""TimeSeriesType"":""CTT_SUM_CONS_ACP"",""Res"":""PT1H"",""Uom"":""KWH"",""ReadTS"":""2026-09-05T09:00:00Z"",""Value"":""4784171.16"",""Count"":""3795753""}"
363;"2026-09-05T08:00:00.000Z";"2026-09-05T09:00:00.000Z";4762017.103;"{""TimeSeriesType"":""CTT_SUM_CONS_ACP"",""Res"":""PT1H"",""Uom"":""KWH"",""ReadTS"":""2026-09-05T08:00:00Z"",""Value"":""4762017.103"",""Count"":""3795753""}"
363;"2026-09-05T07:00:00.000Z";"2026-09-05T08:00:00.000Z";4713703.974;"{""TimeSeriesType"":""CTT_SUM_CONS_ACP"",""Res"":""PT1H"",""Uom"":""KWH"",""ReadTS"":""2026-09-05T07:00:00Z"",""Value"":""4713703.974"",""Count"":""3795753""}"
363;"2026-09-05T06:00:00.000Z";"2026-09-05T07:00:00.000Z";4580435.396;"{""TimeSeriesType"":""CTT_SUM_CONS_ACP"",""Res"":""PT1H"",""Uom"":""KWH"",""ReadTS"":""2026-09-05T06:00:00Z"",""Value"":""4580435.396"",""Count"":""3795756""}"
363;"2026-09-05T05:00:00.000Z";"2026-09-05T06:00:00.000Z";4429708.839;"{""TimeSeriesType"":""CTT_SUM_CONS_ACP"",""Res"":""PT1H"",""Uom"":""KWH"",""ReadTS"":""2026-09-05T05:00:00Z"",""Value"":""4429708.839"",""Count"":""3795756""}"
363;"2026-09-05T04:00:00.000Z";"2026-09-05T05:00:00.000Z";4273223.244;"{""TimeSeriesType"":""CTT_SUM_CONS_ACP"",""Res"":""PT1H"",""Uom"":""KWH"",""ReadTS"":""2026-09-05T04:00:00Z"",""Value"":""4273223.244"",""Count"":""3795756""}"
363;"2026-09-05T03:00:00.000Z";"2026-09-05T04:00:00.000Z";4120014.346;"{""TimeSeriesType"":""CTT_SUM_CONS_ACP"",""Res"":""PT1H"",""Uom"":""KWH"",""ReadTS"":""2026-09-05T03:00:00Z"",""Value"":""4120014.346"",""Count"":""3795756""}"
363;"2026-09-05T02:00:00.000Z";"2026-09-05T03:00:00.000Z";4014649.969;"{""TimeSeriesType"":""CTT_SUM_CONS_ACP"",""Res"":""PT1H"",""Uom"":""KWH"",""ReadTS"":""2026-09-05T02:00:00Z"",""Value"":""4014649.969"",""Count"":""3795756""}"
363;"2026-09-05T01:00:00.000Z";"2026-09-05T02:00:00.000Z";3908169.452;"{""TimeSeriesType"":""CTT_SUM_CONS_ACP"",""Res"":""PT1H"",""Uom"":""KWH"",""ReadTS"":""2026-09-05T01:00:00Z"",""Value"":""3908169.452"",""Count"":""3795757""}"
363;"2026-09-05T00:00:00.000Z";"2026-09-05T01:00:00.000Z";3926120.404;"{""TimeSeriesType"":""CTT_SUM_CONS_ACP"",""Res"":""PT1H"",""Uom"":""KWH"",""ReadTS"":""2026-09-05T00:00:00Z"",""Value"":""3926120.404"",""Count"":""3795757""}"
363;"2026-09-04T23:00:00.000Z";"2026-09-05T00:00:00.000Z";3986218.315;"{""TimeSeriesType"":""CTT_SUM_CONS_ACP"",""Res"":""PT1H"",""Uom"":""KWH"",""ReadTS"":""2026-09-04T23:00:00Z"",""Value"":""3986218.315"",""Count"":""3795759""}"
363;"2026-09-04T22:00:00.000Z";"2026-09-04T23:00:00.000Z";4106306.209;"{""TimeSeriesType"":""CTT_SUM_CONS_ACP"",""Res"":""PT1H"",""Uom"":""KWH"",""ReadTS"":""2026-09-04T22:00:00Z"",""Value"":""4106306.209"",""Count"":""3795760""}"
363;"2026-09-04T21:00:00.000Z";"2026-09-04T22:00:00.000Z";4371239.343;"{""TimeSeriesType"":""CTT_SUM_CONS_ACP"",""Res"":""PT1H"",""Uom"":""KWH"",""ReadTS"":""2026-09-04T21:00:00Z"",""Value"":""4371239.343"",""Count"":""3795760""}"
363;"2026-09-04T20:00:00.000Z";"2026-09-04T21:00:00.000Z";4736285.004;"{""TimeSeriesType"":""CTT_SUM_CONS_ACP"",""Res"":""PT1H"",""Uom"":""KWH"",""ReadTS"":""2026-09-04T20:00:00Z"",""Value"":""4736285.004"",""Count"":""3795986""}"
363;"2026-09-04T19:00:00.000Z";"2026-09-04T20:00:00.000Z";5044152.935;"{""TimeSeriesType"":""CTT_SUM_CONS_ACP"",""Res"":""PT1H"",""Uom"":""KWH"",""ReadTS"":""2026-09-04T19:00:00Z"",""Value"":""5044152.935"",""Count"":""3795985""}"
363;"2026-09-04T18:00:00.000Z";"2026-09-04T19:00:00.000Z";5108619.723;"{""TimeSeriesType"":""CTT_SUM_CONS_ACP"",""Res"":""PT1H"",""Uom"":""KWH"",""ReadTS"":""2026-09-04T18:00:00Z"",""Value"":""5108619.723"",""Count"":""3795985""}"
363;"2026-09-04T17:00:00.000Z";"2026-09-04T18:00:00.000Z";5244374.376;"{""TimeSeriesType"":""CTT_SUM_CONS_ACP"",""Res"":""PT1H"",""Uom"":""KWH"",""ReadTS"":""2026-09-04T17:00:00Z"",""Value"":""5244374.376"",""Count"":""3795984""}"
363;"2026-09-04T16:00:00.000Z";"2026-09-04T17:00:00.000Z";5196377.814;"{""TimeSeriesType"":""CTT_SUM_CONS_ACP"",""Res"":""PT1H"",""Uom"":""KWH"",""ReadTS"":""2026-09-04T16:00:00Z"",""Value"":""5196377.814"",""Count"":""3795984""}"
363;"2026-09-04T15:00:00.000Z";"2026-09-04T16:00:00.000Z";5129139.246;"{""TimeSeriesType"":""CTT_SUM_CONS_ACP"",""Res"":""PT1H"",""Uom"":""KWH"",""ReadTS"":""2026-09-04T15:00:00Z"",""Value"":""5129139.246"",""Count"":""3795983""}"
363;"2026-09-04T14:00:00.000Z";"2026-09-04T15:00:00.000Z";5093662.726;"{""TimeSeriesType"":""CTT_SUM_CONS_ACP"",""Res"":""PT1H"",""Uom"":""KWH"",""ReadTS"":""2026-09-04T14:00:00Z"",""Value"":""5093662.726"",""Count"":""3795981""}"
363;"2026-09-04T13:00:00.000Z";"2026-09-04T14:00:00.000Z";5067521.554;"{""TimeSeriesType"":""CTT_SUM_CONS_ACP"",""Res"":""PT1H"",""Uom"":""KWH"",""ReadTS"":""2026-09-04T13:00:00Z"",""Value"":""5067521.554"",""Count"":""3795977""}"
363;"2026-09-04T12:00:00.000Z";"2026-09-04T13:00:00.000Z";5019965.275;"{""TimeSeriesType"":""CTT_SUM_CONS_ACP"",""Res"":""PT1H"",""Uom"":""KWH"",""ReadTS"":""2026-09-04T12:00:00Z"",""Value"":""5019965.275"",""Count"":""3795972""}"
363;"2026-09-04T11:00:00.000Z";"2026-09-04T12:00:00.000Z";5077384.375;"{""TimeSeriesType"":""CTT_SUM_CONS_ACP"",""Res"":""PT1H"",""Uom"":""KWH"",""ReadTS"":""2026-09-04T11:00:00Z"",""Value"":""5077384.375"",""Count"":""3795960""}"
363;"2026-09-04T10:00:00.000Z";"2026-09-04T11:00:00.000Z";5149362.46;"{""TimeSeriesType"":""CTT_SUM_CONS_ACP"",""Res"":""PT1H"",""Uom"":""KWH"",""ReadTS"":""2026-09-04T10:00:00Z"",""Value"":""5149362.46"",""Count"":""3795950""}"
363;"2026-09-04T09:00:00.000Z";"2026-09-04T10:00:00.000Z";5275443.088;"{""TimeSeriesType"":""CTT_SUM_CONS_ACP"",""Res"":""PT1H"",""Uom"":""KWH"",""ReadTS"":""2026-09-04T09:00:00Z"",""Value"":""5275443.088"",""Count"":""3795929""}"
363;"2026-09-04T08:00:00.000Z";"2026-09-04T09:00:00.000Z";5323386.295;"{""TimeSeriesType"":""CTT_SUM_CONS_ACP"",""Res"":""PT1H"",""Uom"":""KWH"",""ReadTS"":""2026-09-04T08:00:00Z"",""Value"":""5323386.295"",""Count"":""3795912""}"
363;"2026-09-04T07:00:00.000Z";"2026-09-04T08:00:00.000Z";5356445.325;"{""TimeSeriesType"":""CTT_SUM_CONS_ACP"",""Res"":""PT1H"",""Uom"":""KWH"",""ReadTS"":""2026-09-04T07:00:00Z"",""Value"":""5356445.325"",""Count"":""3795895""}"
363;"2026-09-04T06:00:00.000Z";"2026-09-04T07:00:00.000Z";5396676.578;"{""TimeSeriesType"":""CTT_SUM_CONS_ACP"",""Res"":""PT1H"",""Uom"":""KWH"",""ReadTS"":""2026-09-04T06:00:00Z"",""Value"":""5396676.578"",""Count"":""3795877""}"
363;"2026-09-04T05:00:00.000Z";"2026-09-04T06:00:00.000Z";5334294.391;"{""TimeSeriesType"":""CTT_SUM_CONS_ACP"",""Res"":""PT1H"",""Uom"":""KWH"",""ReadTS"":""2026-09-04T05:00:00Z"",""Value"":""5334294.391"",""Count"":""3795859""}"
363;"2026-09-04T04:00:00.000Z";"2026-09-04T05:00:00.000Z";5147240.824;"{""TimeSeriesType"":""CTT_SUM_CONS_ACP"",""Res"":""PT1H"",""Uom"":""KWH"",""ReadTS"":""2026-09-04T04:00:00Z"",""Value"":""5147240.824"",""Count"":""3795805""}"
363;"2026-09-04T03:00:00.000Z";"2026-09-04T04:00:00.000Z";4736313.603;"{""TimeSeriesType"":""CTT_SUM_CONS_ACP"",""Res"":""PT1H"",""Uom"":""KWH"",""ReadTS"":""2026-09-04T03:00:00Z"",""Value"":""4736313.603"",""Count"":""3795803""}"
363;"2026-09-04T02:00:00.000Z";"2026-09-04T03:00:00.000Z";4247597.65;"{""TimeSeriesType"":""CTT_SUM_CONS_ACP"",""Res"":""PT1H"",""Uom"":""KWH"",""ReadTS"":""2026-09-04T02:00:00Z"",""Value"":""4247597.65"",""Count"":""3795805""}"
363;"2026-09-04T01:00:00.000Z";"2026-09-04T02:00:00.000Z";4038786.128;"{""TimeSeriesType"":""CTT_SUM_CONS_ACP"",""Res"":""PT1H"",""Uom"":""KWH"",""ReadTS"":""2026-09-04T01:00:00Z"",""Value"":""4038786.128"",""Count"":""3795814""}"
363;"2026-09-04T00:00:00.000Z";"2026-09-04T01:00:00.000Z";4004775.922;"{""TimeSeriesType"":""CTT_SUM_CONS_ACP"",""Res"":""PT1H"",""Uom"":""KWH"",""ReadTS"":""2026-09-04T00:00:00Z"",""Value"":""4004775.922"",""Count"":""3795814""}"
363;"2026-09-03T23:00:00.000Z";"2026-09-04T00:00:00.000Z";4102570.185;"{""TimeSeriesType"":""CTT_SUM_CONS_ACP"",""Res"":""PT1H"",""Uom"":""KWH"",""ReadTS"":""2026-09-03T23:00:00Z"",""Value"":""4102570.185"",""Count"":""3795814""}"
363;"2026-09-03T22:00:00.000Z";"2026-09-03T23:00:00.000Z";4207039.95;"{""TimeSeriesType"":""CTT_SUM_CONS_ACP"",""Res"":""PT1H"",""Uom"":""KWH"",""ReadTS"":""2026-09-03T22:00:00Z"",""Value"":""4207039.95"",""Count"":""3795814""}"
363;"2026-09-03T21:00:00.000Z";"2026-09-03T22:00:00.000Z";4379777.475;"{""TimeSeriesType"":""CTT_SUM_CONS_ACP"",""Res"":""PT1H"",""Uom"":""KWH"",""ReadTS"":""2026-09-03T21:00:00Z"",""Value"":""4379777.475"",""Count"":""3795764""}"
363;"2026-09-03T20:00:00.000Z";"2026-09-03T21:00:00.000Z";4744983.992;"{""TimeSeriesType"":""CTT_SUM_CONS_ACP"",""Res"":""PT1H"",""Uom"":""KWH"",""ReadTS"":""2026-09-03T20:00:00Z"",""Value"":""4744983.992"",""Count"":""3794885""}"
363;"2026-09-03T19:00:00.000Z";"2026-09-03T20:00:00.000Z";5038614.205;"{""TimeSeriesType"":""CTT_SUM_CONS_ACP"",""Res"":""PT1H"",""Uom"":""KWH"",""ReadTS"":""2026-09-03T19:00:00Z"",""Value"":""5038614.205"",""Count"":""3794884""}"
363;"2026-09-03T18:00:00.000Z";"2026-09-03T19:00:00.000Z";5155523.069;"{""TimeSeriesType"":""CTT_SUM_CONS_ACP"",""Res"":""PT1H"",""Uom"":""KWH"",""ReadTS"":""2026-09-03T18:00:00Z"",""Value"":""5155523.069"",""Count"":""3794883""}"
363;"2026-09-03T17:00:00.000Z";"2026-09-03T18:00:00.000Z";5302018.979;"{""TimeSeriesType"":""CTT_SUM_CONS_ACP"",""Res"":""PT1H"",""Uom"":""KWH"",""ReadTS"":""2026-09-03T17:00:00Z"",""Value"":""5302018.979"",""Count"":""3794882""}"
363;"2026-09-03T16:00:00.000Z";"2026-09-03T17:00:00.000Z";5229767.177;"{""TimeSeriesType"":""CTT_SUM_CONS_ACP"",""Res"":""PT1H"",""Uom"":""KWH"",""ReadTS"":""2026-09-03T16:00:00Z"",""Value"":""5229767.177"",""Count"":""3794881""}"
363;"2026-09-03T15:00:00.000Z";"2026-09-03T16:00:00.000Z";5116914.205;"{""TimeSeriesType"":""CTT_SUM_CONS_ACP"",""Res"":""PT1H"",""Uom"":""KWH"",""ReadTS"":""2026-09-03T15:00:00Z"",""Value"":""5116914.205"",""Count"":""3794880""}"
363;"2026-09-03T14:00:00.000Z";"2026-09-03T15:00:00.000Z";5095876.804;"{""TimeSeriesType"":""CTT_SUM_CONS_ACP"",""Res"":""PT1H"",""Uom"":""KWH"",""ReadTS"":""2026-09-03T14:00:00Z"",""Value"":""5095876.804"",""Count"":""3794876""}"
363;"2026-09-03T13:00:00.000Z";"2026-09-03T14:00:00.000Z";5061750.782;"{""TimeSeriesType"":""CTT_SUM_CONS_ACP"",""Res"":""PT1H"",""Uom"":""KWH"",""ReadTS"":""2026-09-03T13:00:00Z"",""Value"":""5061750.782"",""Count"":""3794871""}"
363;"2026-09-03T12:00:00.000Z";"2026-09-03T13:00:00.000Z";5037948.861;"{""TimeSeriesType"":""CTT_SUM_CONS_ACP"",""Res"":""PT1H"",""Uom"":""KWH"",""ReadTS"":""2026-09-03T12:00:00Z"",""Value"":""5037948.861"",""Count"":""3794861""}"
363;"2026-09-03T11:00:00.000Z";"2026-09-03T12:00:00.000Z";5086717.234;"{""TimeSeriesType"":""CTT_SUM_CONS_ACP"",""Res"":""PT1H"",""Uom"":""KWH"",""ReadTS"":""2026-09-03T11:00:00Z"",""Value"":""5086717.234"",""Count"":""3794841""}"
363;"2026-09-03T10:00:00.000Z";"2026-09-03T11:00:00.000Z";5147804.1;"{""TimeSeriesType"":""CTT_SUM_CONS_ACP"",""Res"":""PT1H"",""Uom"":""KWH"",""ReadTS"":""2026-09-03T10:00:00Z"",""Value"":""5147804.1"",""Count"":""3794819""}"
363;"2026-09-03T09:00:00.000Z";"2026-09-03T10:00:00.000Z";5224299.457;"{""TimeSeriesType"":""CTT_SUM_CONS_ACP"",""Res"":""PT1H"",""Uom"":""KWH"",""ReadTS"":""2026-09-03T09:00:00Z"",""Value"":""5224299.457"",""Count"":""3794814""}"
363;"2026-09-03T08:00:00.000Z";"2026-09-03T09:00:00.000Z";5264009.383;"{""TimeSeriesType"":""CTT_SUM_CONS_ACP"",""Res"":""PT1H"",""Uom"":""KWH"",""ReadTS"":""2026-09-03T08:00:00Z"",""Value"":""5264009.383"",""Count"":""3794794""}"
363;"2026-09-03T07:00:00.000Z";"2026-09-03T08:00:00.000Z";5259502.081;"{""TimeSeriesType"":""CTT_SUM_CONS_ACP"",""Res"":""PT1H"",""Uom"":""KWH"",""ReadTS"":""2026-09-03T07:00:00Z"",""Value"":""5259502.081"",""Count"":""3794788""}"
363;"2026-09-03T06:00:00.000Z";"2026-09-03T07:00:00.000Z";5277140.768;"{""TimeSeriesType"":""CTT_SUM_CONS_ACP"",""Res"":""PT1H"",""Uom"":""KWH"",""ReadTS"":""2026-09-03T06:00:00Z"",""Value"":""5277140.768"",""Count"":""3794790""}"
363;"2026-09-03T05:00:00.000Z";"2026-09-03T06:00:00.000Z";5243682.12;"{""TimeSeriesType"":""CTT_SUM_CONS_ACP"",""Res"":""PT1H"",""Uom"":""KWH"",""ReadTS"":""2026-09-03T05:00:00Z"",""Value"":""5243682.12"",""Count"":""3794945""}"
363;"2026-09-03T04:00:00.000Z";"2026-09-03T05:00:00.000Z";5021897.256;"{""TimeSeriesType"":""CTT_SUM_CONS_ACP"",""Res"":""PT1H"",""Uom"":""KWH"",""ReadTS"":""2026-09-03T04:00:00Z"",""Value"":""5021897.256"",""Count"":""3794974""}"
363;"2026-09-03T03:00:00.000Z";"2026-09-03T04:00:00.000Z";4568266.669;"{""TimeSeriesType"":""CTT_SUM_CONS_ACP"",""Res"":""PT1H"",""Uom"":""KWH"",""ReadTS"":""2026-09-03T03:00:00Z"",""Value"":""4568266.669"",""Count"":""3794981""}"
363;"2026-09-03T02:00:00.000Z";"2026-09-03T03:00:00.000Z";4122874.504;"{""TimeSeriesType"":""CTT_SUM_CONS_ACP"",""Res"":""PT1H"",""Uom"":""KWH"",""ReadTS"":""2026-09-03T02:00:00Z"",""Value"":""4122874.504"",""Count"":""3795000""}"
363;"2026-09-03T01:00:00.000Z";"2026-09-03T02:00:00.000Z";3930473.608;"{""TimeSeriesType"":""CTT_SUM_CONS_ACP"",""Res"":""PT1H"",""Uom"":""KWH"",""ReadTS"":""2026-09-03T01:00:00Z"",""Value"":""3930473.608"",""Count"":""3795027""}"
363;"2026-09-03T00:00:00.000Z";"2026-09-03T01:00:00.000Z";3955512.643;"{""TimeSeriesType"":""CTT_SUM_CONS_ACP"",""Res"":""PT1H"",""Uom"":""KWH"",""ReadTS"":""2026-09-03T00:00:00Z"",""Value"":""3955512.643"",""Count"":""3795027""}"
363;"2026-09-02T23:00:00.000Z";"2026-09-03T00:00:00.000Z";4038863.827;"{""TimeSeriesType"":""CTT_SUM_CONS_ACP"",""Res"":""PT1H"",""Uom"":""KWH"",""ReadTS"":""2026-09-02T23:00:00Z"",""Value"":""4038863.827"",""Count"":""3795027""}"
363;"2026-09-02T22:00:00.000Z";"2026-09-02T23:00:00.000Z";4141805.452;"{""TimeSeriesType"":""CTT_SUM_CONS_ACP"",""Res"":""PT1H"",""Uom"":""KWH"",""ReadTS"":""2026-09-02T22:00:00Z"",""Value"":""4141805.452"",""Count"":""3795027""}"
363;"2026-09-02T21:00:00.000Z";"2026-09-02T22:00:00.000Z";4319194.71;"{""TimeSeriesType"":""CTT_SUM_CONS_ACP"",""Res"":""PT1H"",""Uom"":""KWH"",""ReadTS"":""2026-09-02T21:00:00Z"",""Value"":""4319194.71"",""Count"":""3795080""}"
363;"2026-09-02T20:00:00.000Z";"2026-09-02T21:00:00.000Z";4703194.251;"{""TimeSeriesType"":""CTT_SUM_CONS_ACP"",""Res"":""PT1H"",""Uom"":""KWH"",""ReadTS"":""2026-09-02T20:00:00Z"",""Value"":""4703194.251"",""Count"":""3794485""}"
363;"2026-09-02T19:00:00.000Z";"2026-09-02T20:00:00.000Z";5054797.689;"{""TimeSeriesType"":""CTT_SUM_CONS_ACP"",""Res"":""PT1H"",""Uom"":""KWH"",""ReadTS"":""2026-09-02T19:00:00Z"",""Value"":""5054797.689"",""Count"":""3794484""}"
363;"2026-09-02T18:00:00.000Z";"2026-09-02T19:00:00.000Z";5165955.502;"{""TimeSeriesType"":""CTT_SUM_CONS_ACP"",""Res"":""PT1H"",""Uom"":""KWH"",""ReadTS"":""2026-09-02T18:00:00Z"",""Value"":""5165955.502"",""Count"":""3794484""}"
363;"2026-09-02T17:00:00.000Z";"2026-09-02T18:00:00.000Z";5304327.016;"{""TimeSeriesType"":""CTT_SUM_CONS_ACP"",""Res"":""PT1H"",""Uom"":""KWH"",""ReadTS"":""2026-09-02T17:00:00Z"",""Value"":""5304327.016"",""Count"":""3794484""}"
363;"2026-09-02T16:00:00.000Z";"2026-09-02T17:00:00.000Z";5243435.138;"{""TimeSeriesType"":""CTT_SUM_CONS_ACP"",""Res"":""PT1H"",""Uom"":""KWH"",""ReadTS"":""2026-09-02T16:00:00Z"",""Value"":""5243435.138"",""Count"":""3794483""}"
363;"2026-09-02T15:00:00.000Z";"2026-09-02T16:00:00.000Z";5142348.366;"{""TimeSeriesType"":""CTT_SUM_CONS_ACP"",""Res"":""PT1H"",""Uom"":""KWH"",""ReadTS"":""2026-09-02T15:00:00Z"",""Value"":""5142348.366"",""Count"":""3794477""}"
363;"2026-09-02T14:00:00.000Z";"2026-09-02T15:00:00.000Z";5130238.153;"{""TimeSeriesType"":""CTT_SUM_CONS_ACP"",""Res"":""PT1H"",""Uom"":""KWH"",""ReadTS"":""2026-09-02T14:00:00Z"",""Value"":""5130238.153"",""Count"":""3794470""}"
363;"2026-09-02T13:00:00.000Z";"2026-09-02T14:00:00.000Z";5060348.576;"{""TimeSeriesType"":""CTT_SUM_CONS_ACP"",""Res"":""PT1H"",""Uom"":""KWH"",""ReadTS"":""2026-09-02T13:00:00Z"",""Value"":""5060348.576"",""Count"":""3794458""}"
363;"2026-09-02T12:00:00.000Z";"2026-09-02T13:00:00.000Z";4997385.056;"{""TimeSeriesType"":""CTT_SUM_CONS_ACP"",""Res"":""PT1H"",""Uom"":""KWH"",""ReadTS"":""2026-09-02T12:00:00Z"",""Value"":""4997385.056"",""Count"":""3794444""}"
363;"2026-09-02T11:00:00.000Z";"2026-09-02T12:00:00.000Z";5026185.66;"{""TimeSeriesType"":""CTT_SUM_CONS_ACP"",""Res"":""PT1H"",""Uom"":""KWH"",""ReadTS"":""2026-09-02T11:00:00Z"",""Value"":""5026185.66"",""Count"":""3794430""}"
363;"2026-09-02T10:00:00.000Z";"2026-09-02T11:00:00.000Z";5087537.591;"{""TimeSeriesType"":""CTT_SUM_CONS_ACP"",""Res"":""PT1H"",""Uom"":""KWH"",""ReadTS"":""2026-09-02T10:00:00Z"",""Value"":""5087537.591"",""Count"":""3794415""}"
363;"2026-09-02T09:00:00.000Z";"2026-09-02T10:00:00.000Z";5162259.151;"{""TimeSeriesType"":""CTT_SUM_CONS_ACP"",""Res"":""PT1H"",""Uom"":""KWH"",""ReadTS"":""2026-09-02T09:00:00Z"",""Value"":""5162259.151"",""Count"":""3794410""}"
363;"2026-09-02T08:00:00.000Z";"2026-09-02T09:00:00.000Z";5193299.282;"{""TimeSeriesType"":""CTT_SUM_CONS_ACP"",""Res"":""PT1H"",""Uom"":""KWH"",""ReadTS"":""2026-09-02T08:00:00Z"",""Value"":""5193299.282"",""Count"":""3794399""}"
363;"2026-09-02T07:00:00.000Z";"2026-09-02T08:00:00.000Z";5222613.525;"{""TimeSeriesType"":""CTT_SUM_CONS_ACP"",""Res"":""PT1H"",""Uom"":""KWH"",""ReadTS"":""2026-09-02T07:00:00Z"",""Value"":""5222613.525"",""Count"":""3794374""}"
363;"2026-09-02T06:00:00.000Z";"2026-09-02T07:00:00.000Z";5344763.824;"{""TimeSeriesType"":""CTT_SUM_CONS_ACP"",""Res"":""PT1H"",""Uom"":""KWH"",""ReadTS"":""2026-09-02T06:00:00Z"",""Value"":""5344763.824"",""Count"":""3794398""}"
363;"2026-09-02T05:00:00.000Z";"2026-09-02T06:00:00.000Z";5238305.303;"{""TimeSeriesType"":""CTT_SUM_CONS_ACP"",""Res"":""PT1H"",""Uom"":""KWH"",""ReadTS"":""2026-09-02T05:00:00Z"",""Value"":""5238305.303"",""Count"":""3794561""}"
363;"2026-09-02T04:00:00.000Z";"2026-09-02T05:00:00.000Z";5024086.947;"{""TimeSeriesType"":""CTT_SUM_CONS_ACP"",""Res"":""PT1H"",""Uom"":""KWH"",""ReadTS"":""2026-09-02T04:00:00Z"",""Value"":""5024086.947"",""Count"":""3794592""}"
363;"2026-09-02T03:00:00.000Z";"2026-09-02T04:00:00.000Z";4571438.651;"{""TimeSeriesType"":""CTT_SUM_CONS_ACP"",""Res"":""PT1H"",""Uom"":""KWH"",""ReadTS"":""2026-09-02T03:00:00Z"",""Value"":""4571438.651"",""Count"":""3794608""}"
363;"2026-09-02T02:00:00.000Z";"2026-09-02T03:00:00.000Z";4088261.532;"{""TimeSeriesType"":""CTT_SUM_CONS_ACP"",""Res"":""PT1H"",""Uom"":""KWH"",""ReadTS"":""2026-09-02T02:00:00Z"",""Value"":""4088261.532"",""Count"":""3794611""}"
363;"2026-09-02T01:00:00.000Z";"2026-09-02T02:00:00.000Z";3891294.49;"{""TimeSeriesType"":""CTT_SUM_CONS_ACP"",""Res"":""PT1H"",""Uom"":""KWH"",""ReadTS"":""2026-09-02T01:00:00Z"",""Value"":""3891294.49"",""Count"":""3794635""}"
363;"2026-09-02T00:00:00.000Z";"2026-09-02T01:00:00.000Z";3900607.664;"{""TimeSeriesType"":""CTT_SUM_CONS_ACP"",""Res"":""PT1H"",""Uom"":""KWH"",""ReadTS"":""2026-09-02T00:00:00Z"",""Value"":""3900607.664"",""Count"":""3794636""}"
363;"2026-09-01T23:00:00.000Z";"2026-09-02T00:00:00.000Z";3949692.788;"{""TimeSeriesType"":""CTT_SUM_CONS_ACP"",""Res"":""PT1H"",""Uom"":""KWH"",""ReadTS"":""2026-09-01T23:00:00Z"",""Value"":""3949692.788"",""Count"":""3794636""}"
363;"2026-09-01T22:00:00.000Z";"2026-09-01T23:00:00.000Z";4027943.094;"{""TimeSeriesType"":""CTT_SUM_CONS_ACP"",""Res"":""PT1H"",""Uom"":""KWH"",""ReadTS"":""2026-09-01T22:00:00Z"",""Value"":""4027943.094"",""Count"":""3794636""}"
363;"2026-09-01T21:00:00.000Z";"2026-09-01T22:00:00.000Z";4245138.995;"{""TimeSeriesType"":""CTT_SUM_CONS_ACP"",""Res"":""PT1H"",""Uom"":""KWH"",""ReadTS"":""2026-09-01T21:00:00Z"",""Value"":""4245138.995"",""Count"":""3794639""}"
363;"2026-09-01T20:00:00.000Z";"2026-09-01T21:00:00.000Z";4625737.45;"{""TimeSeriesType"":""CTT_SUM_CONS_ACP"",""Res"":""PT1H"",""Uom"":""KWH"",""ReadTS"":""2026-09-01T20:00:00Z"",""Value"":""4625737.45"",""Count"":""3794772""}"
363;"2026-09-01T19:00:00.000Z";"2026-09-01T20:00:00.000Z";4969225.456;"{""TimeSeriesType"":""CTT_SUM_CONS_ACP"",""Res"":""PT1H"",""Uom"":""KWH"",""ReadTS"":""2026-09-01T19:00:00Z"",""Value"":""4969225.456"",""Count"":""3794772""}"
363;"2026-09-01T18:00:00.000Z";"2026-09-01T19:00:00.000Z";5074805.385;"{""TimeSeriesType"":""CTT_SUM_CONS_ACP"",""Res"":""PT1H"",""Uom"":""KWH"",""ReadTS"":""2026-09-01T18:00:00Z"",""Value"":""5074805.385"",""Count"":""3794771""}"
363;"2026-09-01T17:00:00.000Z";"2026-09-01T18:00:00.000Z";5184959.825;"{""TimeSeriesType"":""CTT_SUM_CONS_ACP"",""Res"":""PT1H"",""Uom"":""KWH"",""ReadTS"":""2026-09-01T17:00:00Z"",""Value"":""5184959.825"",""Count"":""3794770""}"
363;"2026-09-01T16:00:00.000Z";"2026-09-01T17:00:00.000Z";5134902.533;"{""TimeSeriesType"":""CTT_SUM_CONS_ACP"",""Res"":""PT1H"",""Uom"":""KWH"",""ReadTS"":""2026-09-01T16:00:00Z"",""Value"":""5134902.533"",""Count"":""3794769""}"
363;"2026-09-01T15:00:00.000Z";"2026-09-01T16:00:00.000Z";5046152.981;"{""TimeSeriesType"":""CTT_SUM_CONS_ACP"",""Res"":""PT1H"",""Uom"":""KWH"",""ReadTS"":""2026-09-01T15:00:00Z"",""Value"":""5046152.981"",""Count"":""3794769""}"
363;"2026-09-01T14:00:00.000Z";"2026-09-01T15:00:00.000Z";5070810.903;"{""TimeSeriesType"":""CTT_SUM_CONS_ACP"",""Res"":""PT1H"",""Uom"":""KWH"",""ReadTS"":""2026-09-01T14:00:00Z"",""Value"":""5070810.903"",""Count"":""3794763""}"
363;"2026-09-01T13:00:00.000Z";"2026-09-01T14:00:00.000Z";5047080.385;"{""TimeSeriesType"":""CTT_SUM_CONS_ACP"",""Res"":""PT1H"",""Uom"":""KWH"",""ReadTS"":""2026-09-01T13:00:00Z"",""Value"":""5047080.385"",""Count"":""3794756""}"
363;"2026-09-01T12:00:00.000Z";"2026-09-01T13:00:00.000Z";5021939.041;"{""TimeSeriesType"":""CTT_SUM_CONS_ACP"",""Res"":""PT1H"",""Uom"":""KWH"",""ReadTS"":""2026-09-01T12:00:00Z"",""Value"":""5021939.041"",""Count"":""3794735""}"
363;"2026-09-01T11:00:00.000Z";"2026-09-01T12:00:00.000Z";5092823.383;"{""TimeSeriesType"":""CTT_SUM_CONS_ACP"",""Res"":""PT1H"",""Uom"":""KWH"",""ReadTS"":""2026-09-01T11:00:00Z"",""Value"":""5092823.383"",""Count"":""3794705""}"
363;"2026-09-01T10:00:00.000Z";"2026-09-01T11:00:00.000Z";5171389.541;"{""TimeSeriesType"":""CTT_SUM_CONS_ACP"",""Res"":""PT1H"",""Uom"":""KWH"",""ReadTS"":""2026-09-01T10:00:00Z"",""Value"":""5171389.541"",""Count"":""3794668""}"
363;"2026-09-01T09:00:00.000Z";"2026-09-01T10:00:00.000Z";5269657.776;"{""TimeSeriesType"":""CTT_SUM_CONS_ACP"",""Res"":""PT1H"",""Uom"":""KWH"",""ReadTS"":""2026-09-01T09:00:00Z"",""Value"":""5269657.776"",""Count"":""3794639""}"
363;"2026-09-01T08:00:00.000Z";"2026-09-01T09:00:00.000Z";5299884.813;"{""TimeSeriesType"":""CTT_SUM_CONS_ACP"",""Res"":""PT1H"",""Uom"":""KWH"",""ReadTS"":""2026-09-01T08:00:00Z"",""Value"":""5299884.813"",""Count"":""3794604""}"
363;"2026-09-01T07:00:00.000Z";"2026-09-01T08:00:00.000Z";5303784.848;"{""TimeSeriesType"":""CTT_SUM_CONS_ACP"",""Res"":""PT1H"",""Uom"":""KWH"",""ReadTS"":""2026-09-01T07:00:00Z"",""Value"":""5303784.848"",""Count"":""3794570""}"
363;"2026-09-01T06:00:00.000Z";"2026-09-01T07:00:00.000Z";5315464.966;"{""TimeSeriesType"":""CTT_SUM_CONS_ACP"",""Res"":""PT1H"",""Uom"":""KWH"",""ReadTS"":""2026-09-01T06:00:00Z"",""Value"":""5315464.966"",""Count"":""3794541""}"
363;"2026-09-01T05:00:00.000Z";"2026-09-01T06:00:00.000Z";5231634.437;"{""TimeSeriesType"":""CTT_SUM_CONS_ACP"",""Res"":""PT1H"",""Uom"":""KWH"",""ReadTS"":""2026-09-01T05:00:00Z"",""Value"":""5231634.437"",""Count"":""3794802""}"
363;"2026-09-01T04:00:00.000Z";"2026-09-01T05:00:00.000Z";5026737.538;"{""TimeSeriesType"":""CTT_SUM_CONS_ACP"",""Res"":""PT1H"",""Uom"":""KWH"",""ReadTS"":""2026-09-01T04:00:00Z"",""Value"":""5026737.538"",""Count"":""3794853""}"
363;"2026-09-01T03:00:00.000Z";"2026-09-01T04:00:00.000Z";4524310.176;"{""TimeSeriesType"":""CTT_SUM_CONS_ACP"",""Res"":""PT1H"",""Uom"":""KWH"",""ReadTS"":""2026-09-01T03:00:00Z"",""Value"":""4524310.176"",""Count"":""3794861""}"
363;"2026-09-01T02:00:00.000Z";"2026-09-01T03:00:00.000Z";4019866.645;"{""TimeSeriesType"":""CTT_SUM_CONS_ACP"",""Res"":""PT1H"",""Uom"":""KWH"",""ReadTS"":""2026-09-01T02:00:00Z"",""Value"":""4019866.645"",""Count"":""3794872""}"
363;"2026-09-01T01:00:00.000Z";"2026-09-01T02:00:00.000Z";3819575.19;"{""TimeSeriesType"":""CTT_SUM_CONS_ACP"",""Res"":""PT1H"",""Uom"":""KWH"",""ReadTS"":""2026-09-01T01:00:00Z"",""Value"":""3819575.19"",""Count"":""3794908""}"
363;"2026-09-01T00:00:00.000Z";"2026-09-01T01:00:00.000Z";3771540.744;"{""TimeSeriesType"":""CTT_SUM_CONS_ACP"",""Res"":""PT1H"",""Uom"":""KWH"",""ReadTS"":""2026-09-01T00:00:00Z"",""Value"":""3771540.744"",""Count"":""3794907""}"
363;"2026-08-31T23:00:00.000Z";"2026-09-01T00:00:00.000Z";3860502.331;"{""TimeSeriesType"":""CTT_SUM_CONS_ACP"",""Res"":""PT1H"",""Uom"":""KWH"",""ReadTS"":""2026-08-31T23:00:00Z"",""Value"":""3860502.331"",""Count"":""3794905""}"
363;"2026-08-31T22:00:00.000Z";"2026-08-31T23:00:00.000Z";3993614.954;"{""TimeSeriesType"":""CTT_SUM_CONS_ACP"",""Res"":""PT1H"",""Uom"":""KWH"",""ReadTS"":""2026-08-31T22:00:00Z"",""Value"":""3993614.954"",""Count"":""3794905""}"
363;"2026-08-31T21:00:00.000Z";"2026-08-31T22:00:00.000Z";4204122.46;"{""TimeSeriesType"":""CTT_SUM_CONS_ACP"",""Res"":""PT1H"",""Uom"":""KWH"",""ReadTS"":""2026-08-31T21:00:00Z"",""Value"":""4204122.46"",""Count"":""3794904""}"
363;"2026-08-31T20:00:00.000Z";"2026-08-31T21:00:00.000Z";4583939.33;"{""TimeSeriesType"":""CTT_SUM_CONS_ACP"",""Res"":""PT1H"",""Uom"":""KWH"",""ReadTS"":""2026-08-31T20:00:00Z"",""Value"":""4583939.33"",""Count"":""3799569""}"
363;"2026-08-31T19:00:00.000Z";"2026-08-31T20:00:00.000Z";4878777.827;"{""TimeSeriesType"":""CTT_SUM_CONS_ACP"",""Res"":""PT1H"",""Uom"":""KWH"",""ReadTS"":""2026-08-31T19:00:00Z"",""Value"":""4878777.827"",""Count"":""3799568""}"
363;"2026-08-31T18:00:00.000Z";"2026-08-31T19:00:00.000Z";5003003.176;"{""TimeSeriesType"":""CTT_SUM_CONS_ACP"",""Res"":""PT1H"",""Uom"":""KWH"",""ReadTS"":""2026-08-31T18:00:00Z"",""Value"":""5003003.176"",""Count"":""3799568""}"
363;"2026-08-31T17:00:00.000Z";"2026-08-31T18:00:00.000Z";5171688.181;"{""TimeSeriesType"":""CTT_SUM_CONS_ACP"",""Res"":""PT1H"",""Uom"":""KWH"",""ReadTS"":""2026-08-31T17:00:00Z"",""Value"":""5171688.181"",""Count"":""3799568""}"
363;"2026-08-31T16:00:00.000Z";"2026-08-31T17:00:00.000Z";5159779.81;"{""TimeSeriesType"":""CTT_SUM_CONS_ACP"",""Res"":""PT1H"",""Uom"":""KWH"",""ReadTS"":""2026-08-31T16:00:00Z"",""Value"":""5159779.81"",""Count"":""3799568""}"
363;"2026-08-31T15:00:00.000Z";"2026-08-31T16:00:00.000Z";5114565.954;"{""TimeSeriesType"":""CTT_SUM_CONS_ACP"",""Res"":""PT1H"",""Uom"":""KWH"",""ReadTS"":""2026-08-31T15:00:00Z"",""Value"":""5114565.954"",""Count"":""3799565""}"
363;"2026-08-31T14:00:00.000Z";"2026-08-31T15:00:00.000Z";5147163.492;"{""TimeSeriesType"":""CTT_SUM_CONS_ACP"",""Res"":""PT1H"",""Uom"":""KWH"",""ReadTS"":""2026-08-31T14:00:00Z"",""Value"":""5147163.492"",""Count"":""3799565""}"
363;"2026-08-31T13:00:00.000Z";"2026-08-31T14:00:00.000Z";5159648.967;"{""TimeSeriesType"":""CTT_SUM_CONS_ACP"",""Res"":""PT1H"",""Uom"":""KWH"",""ReadTS"":""2026-08-31T13:00:00Z"",""Value"":""5159648.967"",""Count"":""3799559""}"
363;"2026-08-31T12:00:00.000Z";"2026-08-31T13:00:00.000Z";5197359.315;"{""TimeSeriesType"":""CTT_SUM_CONS_ACP"",""Res"":""PT1H"",""Uom"":""KWH"",""ReadTS"":""2026-08-31T12:00:00Z"",""Value"":""5197359.315"",""Count"":""3799552""}"
363;"2026-08-31T11:00:00.000Z";"2026-08-31T12:00:00.000Z";5258147.116;"{""TimeSeriesType"":""CTT_SUM_CONS_ACP"",""Res"":""PT1H"",""Uom"":""KWH"",""ReadTS"":""2026-08-31T11:00:00Z"",""Value"":""5258147.116"",""Count"":""3799516""}"
363;"2026-08-31T10:00:00.000Z";"2026-08-31T11:00:00.000Z";5363338.824;"{""TimeSeriesType"":""CTT_SUM_CONS_ACP"",""Res"":""PT1H"",""Uom"":""KWH"",""ReadTS"":""2026-08-31T10:00:00Z"",""Value"":""5363338.824"",""Count"":""3799491""}"
363;"2026-08-31T09:00:00.000Z";"2026-08-31T10:00:00.000Z";5428124.617;"{""TimeSeriesType"":""CTT_SUM_CONS_ACP"",""Res"":""PT1H"",""Uom"":""KWH"",""ReadTS"":""2026-08-31T09:00:00Z"",""Value"":""5428124.617"",""Count"":""3799452""}"
363;"2026-08-31T08:00:00.000Z";"2026-08-31T09:00:00.000Z";5467355.061;"{""TimeSeriesType"":""CTT_SUM_CONS_ACP"",""Res"":""PT1H"",""Uom"":""KWH"",""ReadTS"":""2026-08-31T08:00:00Z"",""Value"":""5467355.061"",""Count"":""3799423""}"
363;"2026-08-31T07:00:00.000Z";"2026-08-31T08:00:00.000Z";5373536.324;"{""TimeSeriesType"":""CTT_SUM_CONS_ACP"",""Res"":""PT1H"",""Uom"":""KWH"",""ReadTS"":""2026-08-31T07:00:00Z"",""Value"":""5373536.324"",""Count"":""3799464""}"
363;"2026-08-31T06:00:00.000Z";"2026-08-31T07:00:00.000Z";5336836.42;"{""TimeSeriesType"":""CTT_SUM_CONS_ACP"",""Res"":""PT1H"",""Uom"":""KWH"",""ReadTS"":""2026-08-31T06:00:00Z"",""Value"":""5336836.42"",""Count"":""3799572""}"
363;"2026-08-31T05:00:00.000Z";"2026-08-31T06:00:00.000Z";5142581.124;"{""TimeSeriesType"":""CTT_SUM_CONS_ACP"",""Res"":""PT1H"",""Uom"":""KWH"",""ReadTS"":""2026-08-31T05:00:00Z"",""Value"":""5142581.124"",""Count"":""3799794""}"
363;"2026-08-31T04:00:00.000Z";"2026-08-31T05:00:00.000Z";4836673.908;"{""TimeSeriesType"":""CTT_SUM_CONS_ACP"",""Res"":""PT1H"",""Uom"":""KWH"",""ReadTS"":""2026-08-31T04:00:00Z"",""Value"":""4836673.908"",""Count"":""3799845""}"
363;"2026-08-31T03:00:00.000Z";"2026-08-31T04:00:00.000Z";4372352.644;"{""TimeSeriesType"":""CTT_SUM_CONS_ACP"",""Res"":""PT1H"",""Uom"":""KWH"",""ReadTS"":""2026-08-31T03:00:00Z"",""Value"":""4372352.644"",""Count"":""3799849""}"
363;"2026-08-31T02:00:00.000Z";"2026-08-31T03:00:00.000Z";3873402.176;"{""TimeSeriesType"":""CTT_SUM_CONS_ACP"",""Res"":""PT1H"",""Uom"":""KWH"",""ReadTS"":""2026-08-31T02:00:00Z"",""Value"":""3873402.176"",""Count"":""3799850""}"
363;"2026-08-31T01:00:00.000Z";"2026-08-31T02:00:00.000Z";3676698.857;"{""TimeSeriesType"":""CTT_SUM_CONS_ACP"",""Res"":""PT1H"",""Uom"":""KWH"",""ReadTS"":""2026-08-31T01:00:00Z"",""Value"":""3676698.857"",""Count"":""3799858""}"
363;"2026-08-31T00:00:00.000Z";"2026-08-31T01:00:00.000Z";3669689.771;"{""TimeSeriesType"":""CTT_SUM_CONS_ACP"",""Res"":""PT1H"",""Uom"":""KWH"",""ReadTS"":""2026-08-31T00:00:00Z"",""Value"":""3669689.771"",""Count"":""3799858""}"
363;"2026-08-30T23:00:00.000Z";"2026-08-31T00:00:00.000Z";3775640.52;"{""TimeSeriesType"":""CTT_SUM_CONS_ACP"",""Res"":""PT1H"",""Uom"":""KWH"",""ReadTS"":""2026-08-30T23:00:00Z"",""Value"":""3775640.52"",""Count"":""3799858""}"
363;"2026-08-30T22:00:00.000Z";"2026-08-30T23:00:00.000Z";3962718.535;"{""TimeSeriesType"":""CTT_SUM_CONS_ACP"",""Res"":""PT1H"",""Uom"":""KWH"",""ReadTS"":""2026-08-30T22:00:00Z"",""Value"":""3962718.535"",""Count"":""3799858""}"
363;"2026-08-30T21:00:00.000Z";"2026-08-30T22:00:00.000Z";4152412.88;"{""TimeSeriesType"":""CTT_SUM_CONS_ACP"",""Res"":""PT1H"",""Uom"":""KWH"",""ReadTS"":""2026-08-30T21:00:00Z"",""Value"":""4152412.88"",""Count"":""3799865""}"
363;"2026-08-30T20:00:00.000Z";"2026-08-30T21:00:00.000Z";4483617.132;"{""TimeSeriesType"":""CTT_SUM_CONS_ACP"",""Res"":""PT1H"",""Uom"":""KWH"",""ReadTS"":""2026-08-30T20:00:00Z"",""Value"":""4483617.132"",""Count"":""3799801""}"
363;"2026-08-30T19:00:00.000Z";"2026-08-30T20:00:00.000Z";4782810.323;"{""TimeSeriesType"":""CTT_SUM_CONS_ACP"",""Res"":""PT1H"",""Uom"":""KWH"",""ReadTS"":""2026-08-30T19:00:00Z"",""Value"":""4782810.323"",""Count"":""3799806""}"
363;"2026-08-30T18:00:00.000Z";"2026-08-30T19:00:00.000Z";4792597.969;"{""TimeSeriesType"":""CTT_SUM_CONS_ACP"",""Res"":""PT1H"",""Uom"":""KWH"",""ReadTS"":""2026-08-30T18:00:00Z"",""Value"":""4792597.969"",""Count"":""3799806""}"
363;"2026-08-30T17:00:00.000Z";"2026-08-30T18:00:00.000Z";4897814.026;"{""TimeSeriesType"":""CTT_SUM_CONS_ACP"",""Res"":""PT1H"",""Uom"":""KWH"",""ReadTS"":""2026-08-30T17:00:00Z"",""Value"":""4897814.026"",""Count"":""3799806""}"
363;"2026-08-30T16:00:00.000Z";"2026-08-30T17:00:00.000Z";4864061.495;"{""TimeSeriesType"":""CTT_SUM_CONS_ACP"",""Res"":""PT1H"",""Uom"":""KWH"",""ReadTS"":""2026-08-30T16:00:00Z"",""Value"":""4864061.495"",""Count"":""3799806""}"
363;"2026-08-30T15:00:00.000Z";"2026-08-30T16:00:00.000Z";4760578.801;"{""TimeSeriesType"":""CTT_SUM_CONS_ACP"",""Res"":""PT1H"",""Uom"":""KWH"",""ReadTS"":""2026-08-30T15:00:00Z"",""Value"":""4760578.801"",""Count"":""3799806""}"
363;"2026-08-30T14:00:00.000Z";"2026-08-30T15:00:00.000Z";4659155.371;"{""TimeSeriesType"":""CTT_SUM_CONS_ACP"",""Res"":""PT1H"",""Uom"":""KWH"",""ReadTS"":""2026-08-30T14:00:00Z"",""Value"":""4659155.371"",""Count"":""3799800""}"
363;"2026-08-30T13:00:00.000Z";"2026-08-30T14:00:00.000Z";4572244.626;"{""TimeSeriesType"":""CTT_SUM_CONS_ACP"",""Res"":""PT1H"",""Uom"":""KWH"",""ReadTS"":""2026-08-30T13:00:00Z"",""Value"":""4572244.626"",""Count"":""3799804""}"
363;"2026-08-30T12:00:00.000Z";"2026-08-30T13:00:00.000Z";4568506.075;"{""TimeSeriesType"":""CTT_SUM_CONS_ACP"",""Res"":""PT1H"",""Uom"":""KWH"",""ReadTS"":""2026-08-30T12:00:00Z"",""Value"":""4568506.075"",""Count"":""3799804""}"
363;"2026-08-30T11:00:00.000Z";"2026-08-30T12:00:00.000Z";4545112.444;"{""TimeSeriesType"":""CTT_SUM_CONS_ACP"",""Res"":""PT1H"",""Uom"":""KWH"",""ReadTS"":""2026-08-30T11:00:00Z"",""Value"":""4545112.444"",""Count"":""3799804""}"
363;"2026-08-30T10:00:00.000Z";"2026-08-30T11:00:00.000Z";4553263.733;"{""TimeSeriesType"":""CTT_SUM_CONS_ACP"",""Res"":""PT1H"",""Uom"":""KWH"",""ReadTS"":""2026-08-30T10:00:00Z"",""Value"":""4553263.733"",""Count"":""3799805""}"
363;"2026-08-30T09:00:00.000Z";"2026-08-30T10:00:00.000Z";4553200.336;"{""TimeSeriesType"":""CTT_SUM_CONS_ACP"",""Res"":""PT1H"",""Uom"":""KWH"",""ReadTS"":""2026-08-30T09:00:00Z"",""Value"":""4553200.336"",""Count"":""3799805""}"
363;"2026-08-30T08:00:00.000Z";"2026-08-30T09:00:00.000Z";4501954.031;"{""TimeSeriesType"":""CTT_SUM_CONS_ACP"",""Res"":""PT1H"",""Uom"":""KWH"",""ReadTS"":""2026-08-30T08:00:00Z"",""Value"":""4501954.031"",""Count"":""3799805""}"
363;"2026-08-30T07:00:00.000Z";"2026-08-30T08:00:00.000Z";4331503.074;"{""TimeSeriesType"":""CTT_SUM_CONS_ACP"",""Res"":""PT1H"",""Uom"":""KWH"",""ReadTS"":""2026-08-30T07:00:00Z"",""Value"":""4331503.074"",""Count"":""3799805""}"
363;"2026-08-30T06:00:00.000Z";"2026-08-30T07:00:00.000Z";4094902.974;"{""TimeSeriesType"":""CTT_SUM_CONS_ACP"",""Res"":""PT1H"",""Uom"":""KWH"",""ReadTS"":""2026-08-30T06:00:00Z"",""Value"":""4094902.974"",""Count"":""3799805""}"
363;"2026-08-30T05:00:00.000Z";"2026-08-30T06:00:00.000Z";3868013.89;"{""TimeSeriesType"":""CTT_SUM_CONS_ACP"",""Res"":""PT1H"",""Uom"":""KWH"",""ReadTS"":""2026-08-30T05:00:00Z"",""Value"":""3868013.89"",""Count"":""3799805""}"
363;"2026-08-30T04:00:00.000Z";"2026-08-30T05:00:00.000Z";3687850.527;"{""TimeSeriesType"":""CTT_SUM_CONS_ACP"",""Res"":""PT1H"",""Uom"":""KWH"",""ReadTS"":""2026-08-30T04:00:00Z"",""Value"":""3687850.527"",""Count"":""3799805""}"
363;"2026-08-30T03:00:00.000Z";"2026-08-30T04:00:00.000Z";3590008.175;"{""TimeSeriesType"":""CTT_SUM_CONS_ACP"",""Res"":""PT1H"",""Uom"":""KWH"",""ReadTS"":""2026-08-30T03:00:00Z"",""Value"":""3590008.175"",""Count"":""3799805""}"
363;"2026-08-30T02:00:00.000Z";"2026-08-30T03:00:00.000Z";3573302.313;"{""TimeSeriesType"":""CTT_SUM_CONS_ACP"",""Res"":""PT1H"",""Uom"":""KWH"",""ReadTS"":""2026-08-30T02:00:00Z"",""Value"":""3573302.313"",""Count"":""3799805""}"
363;"2026-08-30T01:00:00.000Z";"2026-08-30T02:00:00.000Z";3555781.348;"{""TimeSeriesType"":""CTT_SUM_CONS_ACP"",""Res"":""PT1H"",""Uom"":""KWH"",""ReadTS"":""2026-08-30T01:00:00Z"",""Value"":""3555781.348"",""Count"":""3799807""}"
363;"2026-08-30T00:00:00.000Z";"2026-08-30T01:00:00.000Z";3615582.129;"{""TimeSeriesType"":""CTT_SUM_CONS_ACP"",""Res"":""PT1H"",""Uom"":""KWH"",""ReadTS"":""2026-08-30T00:00:00Z"",""Value"":""3615582.129"",""Count"":""3799807""}"
363;"2026-08-29T23:00:00.000Z";"2026-08-30T00:00:00.000Z";3727866.382;"{""TimeSeriesType"":""CTT_SUM_CONS_ACP"",""Res"":""PT1H"",""Uom"":""KWH"",""ReadTS"":""2026-08-29T23:00:00Z"",""Value"":""3727866.382"",""Count"":""3799806""}"
363;"2026-08-29T22:00:00.000Z";"2026-08-29T23:00:00.000Z";3881770.718;"{""TimeSeriesType"":""CTT_SUM_CONS_ACP"",""Res"":""PT1H"",""Uom"":""KWH"",""ReadTS"":""2026-08-29T22:00:00Z"",""Value"":""3881770.718"",""Count"":""3799806""}"
363;"2026-08-29T21:00:00.000Z";"2026-08-29T22:00:00.000Z";4141028.103;"{""TimeSeriesType"":""CTT_SUM_CONS_ACP"",""Res"":""PT1H"",""Uom"":""KWH"",""ReadTS"":""2026-08-29T21:00:00Z"",""Value"":""4141028.103"",""Count"":""3799807""}"
363;"2026-08-29T20:00:00.000Z";"2026-08-29T21:00:00.000Z";4478701.157;"{""TimeSeriesType"":""CTT_SUM_CONS_ACP"",""Res"":""PT1H"",""Uom"":""KWH"",""ReadTS"":""2026-08-29T20:00:00Z"",""Value"":""4478701.157"",""Count"":""3800037""}"
363;"2026-08-29T19:00:00.000Z";"2026-08-29T20:00:00.000Z";4811129.776;"{""TimeSeriesType"":""CTT_SUM_CONS_ACP"",""Res"":""PT1H"",""Uom"":""KWH"",""ReadTS"":""2026-08-29T19:00:00Z"",""Value"":""4811129.776"",""Count"":""3800037""}"
363;"2026-08-29T18:00:00.000Z";"2026-08-29T19:00:00.000Z";4837440.508;"{""TimeSeriesType"":""CTT_SUM_CONS_ACP"",""Res"":""PT1H"",""Uom"":""KWH"",""ReadTS"":""2026-08-29T18:00:00Z"",""Value"":""4837440.508"",""Count"":""3800037""}"
363;"2026-08-29T17:00:00.000Z";"2026-08-29T18:00:00.000Z";4928541.653;"{""TimeSeriesType"":""CTT_SUM_CONS_ACP"",""Res"":""PT1H"",""Uom"":""KWH"",""ReadTS"":""2026-08-29T17:00:00Z"",""Value"":""4928541.653"",""Count"":""3800037""}"
363;"2026-08-29T16:00:00.000Z";"2026-08-29T17:00:00.000Z";4920193.456;"{""TimeSeriesType"":""CTT_SUM_CONS_ACP"",""Res"":""PT1H"",""Uom"":""KWH"",""ReadTS"":""2026-08-29T16:00:00Z"",""Value"":""4920193.456"",""Count"":""3800037""}"
363;"2026-08-29T15:00:00.000Z";"2026-08-29T16:00:00.000Z";4877701.385;"{""TimeSeriesType"":""CTT_SUM_CONS_ACP"",""Res"":""PT1H"",""Uom"":""KWH"",""ReadTS"":""2026-08-29T15:00:00Z"",""Value"":""4877701.385"",""Count"":""3800037""}"
363;"2026-08-29T14:00:00.000Z";"2026-08-29T15:00:00.000Z";4819345.456;"{""TimeSeriesType"":""CTT_SUM_CONS_ACP"",""Res"":""PT1H"",""Uom"":""KWH"",""ReadTS"":""2026-08-29T14:00:00Z"",""Value"":""4819345.456"",""Count"":""3800037""}"
363;"2026-08-29T13:00:00.000Z";"2026-08-29T14:00:00.000Z";4748736.812;"{""TimeSeriesType"":""CTT_SUM_CONS_ACP"",""Res"":""PT1H"",""Uom"":""KWH"",""ReadTS"":""2026-08-29T13:00:00Z"",""Value"":""4748736.812"",""Count"":""3800037""}"
363;"2026-08-29T12:00:00.000Z";"2026-08-29T13:00:00.000Z";4641943.275;"{""TimeSeriesType"":""CTT_SUM_CONS_ACP"",""Res"":""PT1H"",""Uom"":""KWH"",""ReadTS"":""2026-08-29T12:00:00Z"",""Value"":""4641943.275"",""Count"":""3800037""}"
363;"2026-08-29T11:00:00.000Z";"2026-08-29T12:00:00.000Z";4575879.323;"{""TimeSeriesType"":""CTT_SUM_CONS_ACP"",""Res"":""PT1H"",""Uom"":""KWH"",""ReadTS"":""2026-08-29T11:00:00Z"",""Value"":""4575879.323"",""Count"":""3800037""}"
363;"2026-08-29T10:00:00.000Z";"2026-08-29T11:00:00.000Z";4565536.106;"{""TimeSeriesType"":""CTT_SUM_CONS_ACP"",""Res"":""PT1H"",""Uom"":""KWH"",""ReadTS"":""2026-08-29T10:00:00Z"",""Value"":""4565536.106"",""Count"":""3800037""}"
363;"2026-08-29T09:00:00.000Z";"2026-08-29T10:00:00.000Z";4584667.788;"{""TimeSeriesType"":""CTT_SUM_CONS_ACP"",""Res"":""PT1H"",""Uom"":""KWH"",""ReadTS"":""2026-08-29T09:00:00Z"",""Value"":""4584667.788"",""Count"":""3800037""}"
363;"2026-08-29T08:00:00.000Z";"2026-08-29T09:00:00.000Z";4564111.019;"{""TimeSeriesType"":""CTT_SUM_CONS_ACP"",""Res"":""PT1H"",""Uom"":""KWH"",""ReadTS"":""2026-08-29T08:00:00Z"",""Value"":""4564111.019"",""Count"":""3800034""}"
363;"2026-08-29T07:00:00.000Z";"2026-08-29T08:00:00.000Z";4505762.626;"{""TimeSeriesType"":""CTT_SUM_CONS_ACP"",""Res"":""PT1H"",""Uom"":""KWH"",""ReadTS"":""2026-08-29T07:00:00Z"",""Value"":""4505762.626"",""Count"":""3800035""}"
363;"2026-08-29T06:00:00.000Z";"2026-08-29T07:00:00.000Z";4339583.943;"{""TimeSeriesType"":""CTT_SUM_CONS_ACP"",""Res"":""PT1H"",""Uom"":""KWH"",""ReadTS"":""2026-08-29T06:00:00Z"",""Value"":""4339583.943"",""Count"":""3800035""}"
363;"2026-08-29T05:00:00.000Z";"2026-08-29T06:00:00.000Z";4130025.501;"{""TimeSeriesType"":""CTT_SUM_CONS_ACP"",""Res"":""PT1H"",""Uom"":""KWH"",""ReadTS"":""2026-08-29T05:00:00Z"",""Value"":""4130025.501"",""Count"":""3800034""}"
363;"2026-08-29T04:00:00.000Z";"2026-08-29T05:00:00.000Z";3905650.404;"{""TimeSeriesType"":""CTT_SUM_CONS_ACP"",""Res"":""PT1H"",""Uom"":""KWH"",""ReadTS"":""2026-08-29T04:00:00Z"",""Value"":""3905650.404"",""Count"":""3800034""}"
363;"2026-08-29T03:00:00.000Z";"2026-08-29T04:00:00.000Z";3768505.575;"{""TimeSeriesType"":""CTT_SUM_CONS_ACP"",""Res"":""PT1H"",""Uom"":""KWH"",""ReadTS"":""2026-08-29T03:00:00Z"",""Value"":""3768505.575"",""Count"":""3800034""}"
363;"2026-08-29T02:00:00.000Z";"2026-08-29T03:00:00.000Z";3734648.368;"{""TimeSeriesType"":""CTT_SUM_CONS_ACP"",""Res"":""PT1H"",""Uom"":""KWH"",""ReadTS"":""2026-08-29T02:00:00Z"",""Value"":""3734648.368"",""Count"":""3800034""}"
363;"2026-08-29T01:00:00.000Z";"2026-08-29T02:00:00.000Z";3754727.343;"{""TimeSeriesType"":""CTT_SUM_CONS_ACP"",""Res"":""PT1H"",""Uom"":""KWH"",""ReadTS"":""2026-08-29T01:00:00Z"",""Value"":""3754727.343"",""Count"":""3800034""}"
363;"2026-08-29T00:00:00.000Z";"2026-08-29T01:00:00.000Z";3832360.164;"{""TimeSeriesType"":""CTT_SUM_CONS_ACP"",""Res"":""PT1H"",""Uom"":""KWH"",""ReadTS"":""2026-08-29T00:00:00Z"",""Value"":""3832360.164"",""Count"":""3800034""}"
363;"2026-08-28T23:00:00.000Z";"2026-08-29T00:00:00.000Z";3967595.202;"{""TimeSeriesType"":""CTT_SUM_CONS_ACP"",""Res"":""PT1H"",""Uom"":""KWH"",""ReadTS"":""2026-08-28T23:00:00Z"",""Value"":""3967595.202"",""Count"":""3800034""}"
363;"2026-08-28T22:00:00.000Z";"2026-08-28T23:00:00.000Z";4107127.23;"{""TimeSeriesType"":""CTT_SUM_CONS_ACP"",""Res"":""PT1H"",""Uom"":""KWH"",""ReadTS"":""2026-08-28T22:00:00Z"",""Value"":""4107127.23"",""Count"":""3800034""}"
363;"2026-08-28T21:00:00.000Z";"2026-08-28T22:00:00.000Z";4335741.822;"{""TimeSeriesType"":""CTT_SUM_CONS_ACP"",""Res"":""PT1H"",""Uom"":""KWH"",""ReadTS"":""2026-08-28T21:00:00Z"",""Value"":""4335741.822"",""Count"":""3800032""}"
363;"2026-08-28T20:00:00.000Z";"2026-08-28T21:00:00.000Z";4677454.619;"{""TimeSeriesType"":""CTT_SUM_CONS_ACP"",""Res"":""PT1H"",""Uom"":""KWH"",""ReadTS"":""2026-08-28T20:00:00Z"",""Value"":""4677454.619"",""Count"":""3800420""}"
363;"2026-08-28T19:00:00.000Z";"2026-08-28T20:00:00.000Z";5022999.772;"{""TimeSeriesType"":""CTT_SUM_CONS_ACP"",""Res"":""PT1H"",""Uom"":""KWH"",""ReadTS"":""2026-08-28T19:00:00Z"",""Value"":""5022999.772"",""Count"":""3800419""}"
363;"2026-08-28T18:00:00.000Z";"2026-08-28T19:00:00.000Z";5079644.486;"{""TimeSeriesType"":""CTT_SUM_CONS_ACP"",""Res"":""PT1H"",""Uom"":""KWH"",""ReadTS"":""2026-08-28T18:00:00Z"",""Value"":""5079644.486"",""Count"":""3800419""}"
363;"2026-08-28T17:00:00.000Z";"2026-08-28T18:00:00.000Z";5108023.487;"{""TimeSeriesType"":""CTT_SUM_CONS_ACP"",""Res"":""PT1H"",""Uom"":""KWH"",""ReadTS"":""2026-08-28T17:00:00Z"",""Value"":""5108023.487"",""Count"":""3800418""}"
363;"2026-08-28T16:00:00.000Z";"2026-08-28T17:00:00.000Z";5102216.88;"{""TimeSeriesType"":""CTT_SUM_CONS_ACP"",""Res"":""PT1H"",""Uom"":""KWH"",""ReadTS"":""2026-08-28T16:00:00Z"",""Value"":""5102216.88"",""Count"":""3800417""}"
363;"2026-08-28T15:00:00.000Z";"2026-08-28T16:00:00.000Z";5079930.63;"{""TimeSeriesType"":""CTT_SUM_CONS_ACP"",""Res"":""PT1H"",""Uom"":""KWH"",""ReadTS"":""2026-08-28T15:00:00Z"",""Value"":""5079930.63"",""Count"":""3800416""}"
363;"2026-08-28T14:00:00.000Z";"2026-08-28T15:00:00.000Z";5098636.795;"{""TimeSeriesType"":""CTT_SUM_CONS_ACP"",""Res"":""PT1H"",""Uom"":""KWH"",""ReadTS"":""2026-08-28T14:00:00Z"",""Value"":""5098636.795"",""Count"":""3800416""}"
363;"2026-08-28T13:00:00.000Z";"2026-08-28T14:00:00.000Z";5094966.581;"{""TimeSeriesType"":""CTT_SUM_CONS_ACP"",""Res"":""PT1H"",""Uom"":""KWH"",""ReadTS"":""2026-08-28T13:00:00Z"",""Value"":""5094966.581"",""Count"":""3800413""}"
363;"2026-08-28T12:00:00.000Z";"2026-08-28T13:00:00.000Z";5071291.291;"{""TimeSeriesType"":""CTT_SUM_CONS_ACP"",""Res"":""PT1H"",""Uom"":""KWH"",""ReadTS"":""2026-08-28T12:00:00Z"",""Value"":""5071291.291"",""Count"":""3800409""}"
363;"2026-08-28T11:00:00.000Z";"2026-08-28T12:00:00.000Z";5097847.082;"{""TimeSeriesType"":""CTT_SUM_CONS_ACP"",""Res"":""PT1H"",""Uom"":""KWH"",""ReadTS"":""2026-08-28T11:00:00Z"",""Value"":""5097847.082"",""Count"":""3800395""}"
363;"2026-08-28T10:00:00.000Z";"2026-08-28T11:00:00.000Z";5191223.027;"{""TimeSeriesType"":""CTT_SUM_CONS_ACP"",""Res"":""PT1H"",""Uom"":""KWH"",""ReadTS"":""2026-08-28T10:00:00Z"",""Value"":""5191223.027"",""Count"":""3800378""}"
363;"2026-08-28T09:00:00.000Z";"2026-08-28T10:00:00.000Z";5259253.102;"{""TimeSeriesType"":""CTT_SUM_CONS_ACP"",""Res"":""PT1H"",""Uom"":""KWH"",""ReadTS"":""2026-08-28T09:00:00Z"",""Value"":""5259253.102"",""Count"":""3800369""}"
363;"2026-08-28T08:00:00.000Z";"2026-08-28T09:00:00.000Z";5274836.519;"{""TimeSeriesType"":""CTT_SUM_CONS_ACP"",""Res"":""PT1H"",""Uom"":""KWH"",""ReadTS"":""2026-08-28T08:00:00Z"",""Value"":""5274836.519"",""Count"":""3800361""}"
363;"2026-08-28T07:00:00.000Z";"2026-08-28T08:00:00.000Z";5262181.37;"{""TimeSeriesType"":""CTT_SUM_CONS_ACP"",""Res"":""PT1H"",""Uom"":""KWH"",""ReadTS"":""2026-08-28T07:00:00Z"",""Value"":""5262181.37"",""Count"":""3800350""}"
363;"2026-08-28T06:00:00.000Z";"2026-08-28T07:00:00.000Z";5292011.679;"{""TimeSeriesType"":""CTT_SUM_CONS_ACP"",""Res"":""PT1H"",""Uom"":""KWH"",""ReadTS"":""2026-08-28T06:00:00Z"",""Value"":""5292011.679"",""Count"":""3800329""}"
363;"2026-08-28T05:00:00.000Z";"2026-08-28T06:00:00.000Z";5213433.132;"{""TimeSeriesType"":""CTT_SUM_CONS_ACP"",""Res"":""PT1H"",""Uom"":""KWH"",""ReadTS"":""2026-08-28T05:00:00Z"",""Value"":""5213433.132"",""Count"":""3800319""}"
363;"2026-08-28T04:00:00.000Z";"2026-08-28T05:00:00.000Z";4999609.582;"{""TimeSeriesType"":""CTT_SUM_CONS_ACP"",""Res"":""PT1H"",""Uom"":""KWH"",""ReadTS"":""2026-08-28T04:00:00Z"",""Value"":""4999609.582"",""Count"":""3800317""}"
363;"2026-08-28T03:00:00.000Z";"2026-08-28T04:00:00.000Z";4546279.002;"{""TimeSeriesType"":""CTT_SUM_CONS_ACP"",""Res"":""PT1H"",""Uom"":""KWH"",""ReadTS"":""2026-08-28T03:00:00Z"",""Value"":""4546279.002"",""Count"":""3800317""}"
363;"2026-08-28T02:00:00.000Z";"2026-08-28T03:00:00.000Z";4097605.008;"{""TimeSeriesType"":""CTT_SUM_CONS_ACP"",""Res"":""PT1H"",""Uom"":""KWH"",""ReadTS"":""2026-08-28T02:00:00Z"",""Value"":""4097605.008"",""Count"":""3800317""}"
363;"2026-08-28T01:00:00.000Z";"2026-08-28T02:00:00.000Z";3937879.891;"{""TimeSeriesType"":""CTT_SUM_CONS_ACP"",""Res"":""PT1H"",""Uom"":""KWH"",""ReadTS"":""2026-08-28T01:00:00Z"",""Value"":""3937879.891"",""Count"":""3800331""}"
363;"2026-08-28T00:00:00.000Z";"2026-08-28T01:00:00.000Z";3931825.991;"{""TimeSeriesType"":""CTT_SUM_CONS_ACP"",""Res"":""PT1H"",""Uom"":""KWH"",""ReadTS"":""2026-08-28T00:00:00Z"",""Value"":""3931825.991"",""Count"":""3800331""}"
363;"2026-08-27T23:00:00.000Z";"2026-08-28T00:00:00.000Z";4028759.405;"{""TimeSeriesType"":""CTT_SUM_CONS_ACP"",""Res"":""PT1H"",""Uom"":""KWH"",""ReadTS"":""2026-08-27T23:00:00Z"",""Value"":""4028759.405"",""Count"":""3800331""}"
363;"2026-08-27T22:00:00.000Z";"2026-08-27T23:00:00.000Z";4149751.141;"{""TimeSeriesType"":""CTT_SUM_CONS_ACP"",""Res"":""PT1H"",""Uom"":""KWH"",""ReadTS"":""2026-08-27T22:00:00Z"",""Value"":""4149751.141"",""Count"":""3800331""}"
363;"2026-08-27T21:00:00.000Z";"2026-08-27T22:00:00.000Z";4306836.898;"{""TimeSeriesType"":""CTT_SUM_CONS_ACP"",""Res"":""PT1H"",""Uom"":""KWH"",""ReadTS"":""2026-08-27T21:00:00Z"",""Value"":""4306836.898"",""Count"":""3800334""}"
363;"2026-08-27T20:00:00.000Z";"2026-08-27T21:00:00.000Z";4682274.041;"{""TimeSeriesType"":""CTT_SUM_CONS_ACP"",""Res"":""PT1H"",""Uom"":""KWH"",""ReadTS"":""2026-08-27T20:00:00Z"",""Value"":""4682274.041"",""Count"":""3798509""}"
363;"2026-08-27T19:00:00.000Z";"2026-08-27T20:00:00.000Z";5025340.571;"{""TimeSeriesType"":""CTT_SUM_CONS_ACP"",""Res"":""PT1H"",""Uom"":""KWH"",""ReadTS"":""2026-08-27T19:00:00Z"",""Value"":""5025340.571"",""Count"":""3798509""}"
363;"2026-08-27T18:00:00.000Z";"2026-08-27T19:00:00.000Z";5092779.866;"{""TimeSeriesType"":""CTT_SUM_CONS_ACP"",""Res"":""PT1H"",""Uom"":""KWH"",""ReadTS"":""2026-08-27T18:00:00Z"",""Value"":""5092779.866"",""Count"":""3798509""}"
363;"2026-08-27T17:00:00.000Z";"2026-08-27T18:00:00.000Z";5155790.641;"{""TimeSeriesType"":""CTT_SUM_CONS_ACP"",""Res"":""PT1H"",""Uom"":""KWH"",""ReadTS"":""2026-08-27T17:00:00Z"",""Value"":""5155790.641"",""Count"":""3798509""}"
363;"2026-08-27T16:00:00.000Z";"2026-08-27T17:00:00.000Z";5136668.385;"{""TimeSeriesType"":""CTT_SUM_CONS_ACP"",""Res"":""PT1H"",""Uom"":""KWH"",""ReadTS"":""2026-08-27T16:00:00Z"",""Value"":""5136668.385"",""Count"":""3798495""}"
363;"2026-08-27T15:00:00.000Z";"2026-08-27T16:00:00.000Z";5067795.269;"{""TimeSeriesType"":""CTT_SUM_CONS_ACP"",""Res"":""PT1H"",""Uom"":""KWH"",""ReadTS"":""2026-08-27T15:00:00Z"",""Value"":""5067795.269"",""Count"":""3798503""}"
363;"2026-08-27T14:00:00.000Z";"2026-08-27T15:00:00.000Z";5119161.668;"{""TimeSeriesType"":""CTT_SUM_CONS_ACP"",""Res"":""PT1H"",""Uom"":""KWH"",""ReadTS"":""2026-08-27T14:00:00Z"",""Value"":""5119161.668"",""Count"":""3798504""}"
363;"2026-08-27T13:00:00.000Z";"2026-08-27T14:00:00.000Z";5136942.425;"{""TimeSeriesType"":""CTT_SUM_CONS_ACP"",""Res"":""PT1H"",""Uom"":""KWH"",""ReadTS"":""2026-08-27T13:00:00Z"",""Value"":""5136942.425"",""Count"":""3798497""}"
363;"2026-08-27T12:00:00.000Z";"2026-08-27T13:00:00.000Z";5118429.446;"{""TimeSeriesType"":""CTT_SUM_CONS_ACP"",""Res"":""PT1H"",""Uom"":""KWH"",""ReadTS"":""2026-08-27T12:00:00Z"",""Value"":""5118429.446"",""Count"":""3798474""}"
363;"2026-08-27T11:00:00.000Z";"2026-08-27T12:00:00.000Z";5158387.005;"{""TimeSeriesType"":""CTT_SUM_CONS_ACP"",""Res"":""PT1H"",""Uom"":""KWH"",""ReadTS"":""2026-08-27T11:00:00Z"",""Value"":""5158387.005"",""Count"":""3798467""}"
363;"2026-08-27T10:00:00.000Z";"2026-08-27T11:00:00.000Z";5195659.619;"{""TimeSeriesType"":""CTT_SUM_CONS_ACP"",""Res"":""PT1H"",""Uom"":""KWH"",""ReadTS"":""2026-08-27T10:00:00Z"",""Value"":""5195659.619"",""Count"":""3798460""}"
363;"2026-08-27T09:00:00.000Z";"2026-08-27T10:00:00.000Z";5293320.179;"{""TimeSeriesType"":""CTT_SUM_CONS_ACP"",""Res"":""PT1H"",""Uom"":""KWH"",""ReadTS"":""2026-08-27T09:00:00Z"",""Value"":""5293320.179"",""Count"":""3798432""}"
363;"2026-08-27T08:00:00.000Z";"2026-08-27T09:00:00.000Z";5305622.132;"{""TimeSeriesType"":""CTT_SUM_CONS_ACP"",""Res"":""PT1H"",""Uom"":""KWH"",""ReadTS"":""2026-08-27T08:00:00Z"",""Value"":""5305622.132"",""Count"":""3798420""}"
363;"2026-08-27T07:00:00.000Z";"2026-08-27T08:00:00.000Z";5279868.79;"{""TimeSeriesType"":""CTT_SUM_CONS_ACP"",""Res"":""PT1H"",""Uom"":""KWH"",""ReadTS"":""2026-08-27T07:00:00Z"",""Value"":""5279868.79"",""Count"":""3798428""}"
363;"2026-08-27T06:00:00.000Z";"2026-08-27T07:00:00.000Z";5282377.011;"{""TimeSeriesType"":""CTT_SUM_CONS_ACP"",""Res"":""PT1H"",""Uom"":""KWH"",""ReadTS"":""2026-08-27T06:00:00Z"",""Value"":""5282377.011"",""Count"":""3798415""}"
363;"2026-08-27T05:00:00.000Z";"2026-08-27T06:00:00.000Z";5204099.764;"{""TimeSeriesType"":""CTT_SUM_CONS_ACP"",""Res"":""PT1H"",""Uom"":""KWH"",""ReadTS"":""2026-08-27T05:00:00Z"",""Value"":""5204099.764"",""Count"":""3798485""}"
363;"2026-08-27T04:00:00.000Z";"2026-08-27T05:00:00.000Z";5031603.374;"{""TimeSeriesType"":""CTT_SUM_CONS_ACP"",""Res"":""PT1H"",""Uom"":""KWH"",""ReadTS"":""2026-08-27T04:00:00Z"",""Value"":""5031603.374"",""Count"":""3798485""}"
363;"2026-08-27T03:00:00.000Z";"2026-08-27T04:00:00.000Z";4571953.556;"{""TimeSeriesType"":""CTT_SUM_CONS_ACP"",""Res"":""PT1H"",""Uom"":""KWH"",""ReadTS"":""2026-08-27T03:00:00Z"",""Value"":""4571953.556"",""Count"":""3798456""}"
363;"2026-08-27T02:00:00.000Z";"2026-08-27T03:00:00.000Z";4092785.088;"{""TimeSeriesType"":""CTT_SUM_CONS_ACP"",""Res"":""PT1H"",""Uom"":""KWH"",""ReadTS"":""2026-08-27T02:00:00Z"",""Value"":""4092785.088"",""Count"":""3798456""}"
363;"2026-08-27T01:00:00.000Z";"2026-08-27T02:00:00.000Z";3951248.221;"{""TimeSeriesType"":""CTT_SUM_CONS_ACP"",""Res"":""PT1H"",""Uom"":""KWH"",""ReadTS"":""2026-08-27T01:00:00Z"",""Value"":""3951248.221"",""Count"":""3798494""}"
363;"2026-08-27T00:00:00.000Z";"2026-08-27T01:00:00.000Z";4008968.686;"{""TimeSeriesType"":""CTT_SUM_CONS_ACP"",""Res"":""PT1H"",""Uom"":""KWH"",""ReadTS"":""2026-08-27T00:00:00Z"",""Value"":""4008968.686"",""Count"":""3798493""}"
363;"2026-08-26T23:00:00.000Z";"2026-08-27T00:00:00.000Z";4116205.73;"{""TimeSeriesType"":""CTT_SUM_CONS_ACP"",""Res"":""PT1H"",""Uom"":""KWH"",""ReadTS"":""2026-08-26T23:00:00Z"",""Value"":""4116205.73"",""Count"":""3798492""}"
363;"2026-08-26T22:00:00.000Z";"2026-08-26T23:00:00.000Z";4231420.803;"{""TimeSeriesType"":""CTT_SUM_CONS_ACP"",""Res"":""PT1H"",""Uom"":""KWH"",""ReadTS"":""2026-08-26T22:00:00Z"",""Value"":""4231420.803"",""Count"":""3798491""}"
363;"2026-08-26T21:00:00.000Z";"2026-08-26T22:00:00.000Z";4340960.192;"{""TimeSeriesType"":""CTT_SUM_CONS_ACP"",""Res"":""PT1H"",""Uom"":""KWH"",""ReadTS"":""2026-08-26T21:00:00Z"",""Value"":""4340960.192"",""Count"":""3798491""}"
363;"2026-08-26T20:00:00.000Z";"2026-08-26T21:00:00.000Z";4678619.094;"{""TimeSeriesType"":""CTT_SUM_CONS_ACP"",""Res"":""PT1H"",""Uom"":""KWH"",""ReadTS"":""2026-08-26T20:00:00Z"",""Value"":""4678619.094"",""Count"":""3797871""}"
363;"2026-08-26T19:00:00.000Z";"2026-08-26T20:00:00.000Z";5002878.993;"{""TimeSeriesType"":""CTT_SUM_CONS_ACP"",""Res"":""PT1H"",""Uom"":""KWH"",""ReadTS"":""2026-08-26T19:00:00Z"",""Value"":""5002878.993"",""Count"":""3797871""}"
363;"2026-08-26T18:00:00.000Z";"2026-08-26T19:00:00.000Z";5070718.701;"{""TimeSeriesType"":""CTT_SUM_CONS_ACP"",""Res"":""PT1H"",""Uom"":""KWH"",""ReadTS"":""2026-08-26T18:00:00Z"",""Value"":""5070718.701"",""Count"":""3797871""}"
363;"2026-08-26T17:00:00.000Z";"2026-08-26T18:00:00.000Z";5169313.948;"{""TimeSeriesType"":""CTT_SUM_CONS_ACP"",""Res"":""PT1H"",""Uom"":""KWH"",""ReadTS"":""2026-08-26T17:00:00Z"",""Value"":""5169313.948"",""Count"":""3797870""}"
363;"2026-08-26T16:00:00.000Z";"2026-08-26T17:00:00.000Z";5170423.342;"{""TimeSeriesType"":""CTT_SUM_CONS_ACP"",""Res"":""PT1H"",""Uom"":""KWH"",""ReadTS"":""2026-08-26T16:00:00Z"",""Value"":""5170423.342"",""Count"":""3797868""}"
363;"2026-08-26T15:00:00.000Z";"2026-08-26T16:00:00.000Z";5093120.221;"{""TimeSeriesType"":""CTT_SUM_CONS_ACP"",""Res"":""PT1H"",""Uom"":""KWH"",""ReadTS"":""2026-08-26T15:00:00Z"",""Value"":""5093120.221"",""Count"":""3797869""}"
363;"2026-08-26T14:00:00.000Z";"2026-08-26T15:00:00.000Z";5127420.653;"{""TimeSeriesType"":""CTT_SUM_CONS_ACP"",""Res"":""PT1H"",""Uom"":""KWH"",""ReadTS"":""2026-08-26T14:00:00Z"",""Value"":""5127420.653"",""Count"":""3797867""}"
363;"2026-08-26T13:00:00.000Z";"2026-08-26T14:00:00.000Z";5139291.051;"{""TimeSeriesType"":""CTT_SUM_CONS_ACP"",""Res"":""PT1H"",""Uom"":""KWH"",""ReadTS"":""2026-08-26T13:00:00Z"",""Value"":""5139291.051"",""Count"":""3797864""}"
363;"2026-08-26T12:00:00.000Z";"2026-08-26T13:00:00.000Z";5158875.355;"{""TimeSeriesType"":""CTT_SUM_CONS_ACP"",""Res"":""PT1H"",""Uom"":""KWH"",""ReadTS"":""2026-08-26T12:00:00Z"",""Value"":""5158875.355"",""Count"":""3797857""}"
363;"2026-08-26T11:00:00.000Z";"2026-08-26T12:00:00.000Z";5141910.577;"{""TimeSeriesType"":""CTT_SUM_CONS_ACP"",""Res"":""PT1H"",""Uom"":""KWH"",""ReadTS"":""2026-08-26T11:00:00Z"",""Value"":""5141910.577"",""Count"":""3797829""}"
363;"2026-08-26T10:00:00.000Z";"2026-08-26T11:00:00.000Z";5184777.248;"{""TimeSeriesType"":""CTT_SUM_CONS_ACP"",""Res"":""PT1H"",""Uom"":""KWH"",""ReadTS"":""2026-08-26T10:00:00Z"",""Value"":""5184777.248"",""Count"":""3797820""}"
363;"2026-08-26T09:00:00.000Z";"2026-08-26T10:00:00.000Z";5245923.852;"{""TimeSeriesType"":""CTT_SUM_CONS_ACP"",""Res"":""PT1H"",""Uom"":""KWH"",""ReadTS"":""2026-08-26T09:00:00Z"",""Value"":""5245923.852"",""Count"":""3797797""}"
363;"2026-08-26T08:00:00.000Z";"2026-08-26T09:00:00.000Z";5231501.737;"{""TimeSeriesType"":""CTT_SUM_CONS_ACP"",""Res"":""PT1H"",""Uom"":""KWH"",""ReadTS"":""2026-08-26T08:00:00Z"",""Value"":""5231501.737"",""Count"":""3797770""}"
363;"2026-08-26T07:00:00.000Z";"2026-08-26T08:00:00.000Z";5253912.549;"{""TimeSeriesType"":""CTT_SUM_CONS_ACP"",""Res"":""PT1H"",""Uom"":""KWH"",""ReadTS"":""2026-08-26T07:00:00Z"",""Value"":""5253912.549"",""Count"":""3797760""}"
363;"2026-08-26T06:00:00.000Z";"2026-08-26T07:00:00.000Z";5248109.255;"{""TimeSeriesType"":""CTT_SUM_CONS_ACP"",""Res"":""PT1H"",""Uom"":""KWH"",""ReadTS"":""2026-08-26T06:00:00Z"",""Value"":""5248109.255"",""Count"":""3797762""}"
363;"2026-08-26T05:00:00.000Z";"2026-08-26T06:00:00.000Z";5198183.402;"{""TimeSeriesType"":""CTT_SUM_CONS_ACP"",""Res"":""PT1H"",""Uom"":""KWH"",""ReadTS"":""2026-08-26T05:00:00Z"",""Value"":""5198183.402"",""Count"":""3797913""}"
363;"2026-08-26T04:00:00.000Z";"2026-08-26T05:00:00.000Z";5025195.827;"{""TimeSeriesType"":""CTT_SUM_CONS_ACP"",""Res"":""PT1H"",""Uom"":""KWH"",""ReadTS"":""2026-08-26T04:00:00Z"",""Value"":""5025195.827"",""Count"":""3797944""}"
363;"2026-08-26T03:00:00.000Z";"2026-08-26T04:00:00.000Z";4608701.942;"{""TimeSeriesType"":""CTT_SUM_CONS_ACP"",""Res"":""PT1H"",""Uom"":""KWH"",""ReadTS"":""2026-08-26T03:00:00Z"",""Value"":""4608701.942"",""Count"":""3797944""}"
363;"2026-08-26T02:00:00.000Z";"2026-08-26T03:00:00.000Z";4151889.315;"{""TimeSeriesType"":""CTT_SUM_CONS_ACP"",""Res"":""PT1H"",""Uom"":""KWH"",""ReadTS"":""2026-08-26T02:00:00Z"",""Value"":""4151889.315"",""Count"":""3797946""}"
363;"2026-08-26T01:00:00.000Z";"2026-08-26T02:00:00.000Z";4001217.17;"{""TimeSeriesType"":""CTT_SUM_CONS_ACP"",""Res"":""PT1H"",""Uom"":""KWH"",""ReadTS"":""2026-08-26T01:00:00Z"",""Value"":""4001217.17"",""Count"":""3797969""}"
363;"2026-08-26T00:00:00.000Z";"2026-08-26T01:00:00.000Z";3987004.664;"{""TimeSeriesType"":""CTT_SUM_CONS_ACP"",""Res"":""PT1H"",""Uom"":""KWH"",""ReadTS"":""2026-08-26T00:00:00Z"",""Value"":""3987004.664"",""Count"":""3797969""}"
363;"2026-08-25T23:00:00.000Z";"2026-08-26T00:00:00.000Z";4085573.856;"{""TimeSeriesType"":""CTT_SUM_CONS_ACP"",""Res"":""PT1H"",""Uom"":""KWH"",""ReadTS"":""2026-08-25T23:00:00Z"",""Value"":""4085573.856"",""Count"":""3797970""}"
363;"2026-08-25T22:00:00.000Z";"2026-08-25T23:00:00.000Z";4251564.636;"{""TimeSeriesType"":""CTT_SUM_CONS_ACP"",""Res"":""PT1H"",""Uom"":""KWH"",""ReadTS"":""2026-08-25T22:00:00Z"",""Value"":""4251564.636"",""Count"":""3797970""}"
363;"2026-08-25T21:00:00.000Z";"2026-08-25T22:00:00.000Z";4528132.705;"{""TimeSeriesType"":""CTT_SUM_CONS_ACP"",""Res"":""PT1H"",""Uom"":""KWH"",""ReadTS"":""2026-08-25T21:00:00Z"",""Value"":""4528132.705"",""Count"":""3797970""}"
363;"2026-08-25T20:00:00.000Z";"2026-08-25T21:00:00.000Z";4792417.805;"{""TimeSeriesType"":""CTT_SUM_CONS_ACP"",""Res"":""PT1H"",""Uom"":""KWH"",""ReadTS"":""2026-08-25T20:00:00Z"",""Value"":""4792417.805"",""Count"":""3797691""}"
363;"2026-08-25T19:00:00.000Z";"2026-08-25T20:00:00.000Z";5028568.854;"{""TimeSeriesType"":""CTT_SUM_CONS_ACP"",""Res"":""PT1H"",""Uom"":""KWH"",""ReadTS"":""2026-08-25T19:00:00Z"",""Value"":""5028568.854"",""Count"":""3797691""}"
363;"2026-08-25T18:00:00.000Z";"2026-08-25T19:00:00.000Z";5023435.83;"{""TimeSeriesType"":""CTT_SUM_CONS_ACP"",""Res"":""PT1H"",""Uom"":""KWH"",""ReadTS"":""2026-08-25T18:00:00Z"",""Value"":""5023435.83"",""Count"":""3797691""}"
363;"2026-08-25T17:00:00.000Z";"2026-08-25T18:00:00.000Z";5113770.839;"{""TimeSeriesType"":""CTT_SUM_CONS_ACP"",""Res"":""PT1H"",""Uom"":""KWH"",""ReadTS"":""2026-08-25T17:00:00Z"",""Value"":""5113770.839"",""Count"":""3797690""}"
363;"2026-08-25T16:00:00.000Z";"2026-08-25T17:00:00.000Z";5104994.982;"{""TimeSeriesType"":""CTT_SUM_CONS_ACP"",""Res"":""PT1H"",""Uom"":""KWH"",""ReadTS"":""2026-08-25T16:00:00Z"",""Value"":""5104994.982"",""Count"":""3797690""}"
363;"2026-08-25T15:00:00.000Z";"2026-08-25T16:00:00.000Z";5044051.634;"{""TimeSeriesType"":""CTT_SUM_CONS_ACP"",""Res"":""PT1H"",""Uom"":""KWH"",""ReadTS"":""2026-08-25T15:00:00Z"",""Value"":""5044051.634"",""Count"":""3797688""}"
363;"2026-08-25T14:00:00.000Z";"2026-08-25T15:00:00.000Z";5081099.011;"{""TimeSeriesType"":""CTT_SUM_CONS_ACP"",""Res"":""PT1H"",""Uom"":""KWH"",""ReadTS"":""2026-08-25T14:00:00Z"",""Value"":""5081099.011"",""Count"":""3797687""}"
363;"2026-08-25T13:00:00.000Z";"2026-08-25T14:00:00.000Z";5025157.71;"{""TimeSeriesType"":""CTT_SUM_CONS_ACP"",""Res"":""PT1H"",""Uom"":""KWH"",""ReadTS"":""2026-08-25T13:00:00Z"",""Value"":""5025157.71"",""Count"":""3797683""}"
363;"2026-08-25T12:00:00.000Z";"2026-08-25T13:00:00.000Z";5015249.46;"{""TimeSeriesType"":""CTT_SUM_CONS_ACP"",""Res"":""PT1H"",""Uom"":""KWH"",""ReadTS"":""2026-08-25T12:00:00Z"",""Value"":""5015249.46"",""Count"":""3797677""}"
363;"2026-08-25T11:00:00.000Z";"2026-08-25T12:00:00.000Z";5043049.687;"{""TimeSeriesType"":""CTT_SUM_CONS_ACP"",""Res"":""PT1H"",""Uom"":""KWH"",""ReadTS"":""2026-08-25T11:00:00Z"",""Value"":""5043049.687"",""Count"":""3797653""}"
363;"2026-08-25T10:00:00.000Z";"2026-08-25T11:00:00.000Z";5106712.456;"{""TimeSeriesType"":""CTT_SUM_CONS_ACP"",""Res"":""PT1H"",""Uom"":""KWH"",""ReadTS"":""2026-08-25T10:00:00Z"",""Value"":""5106712.456"",""Count"":""3797608""}"
363;"2026-08-25T09:00:00.000Z";"2026-08-25T10:00:00.000Z";5182370.666;"{""TimeSeriesType"":""CTT_SUM_CONS_ACP"",""Res"":""PT1H"",""Uom"":""KWH"",""ReadTS"":""2026-08-25T09:00:00Z"",""Value"":""5182370.666"",""Count"":""3797599""}"
363;"2026-08-25T08:00:00.000Z";"2026-08-25T09:00:00.000Z";5230380.877;"{""TimeSeriesType"":""CTT_SUM_CONS_ACP"",""Res"":""PT1H"",""Uom"":""KWH"",""ReadTS"":""2026-08-25T08:00:00Z"",""Value"":""5230380.877"",""Count"":""3797616""}"
363;"2026-08-25T07:00:00.000Z";"2026-08-25T08:00:00.000Z";5227400.1;"{""TimeSeriesType"":""CTT_SUM_CONS_ACP"",""Res"":""PT1H"",""Uom"":""KWH"",""ReadTS"":""2026-08-25T07:00:00Z"",""Value"":""5227400.1"",""Count"":""3797624""}"
363;"2026-08-25T06:00:00.000Z";"2026-08-25T07:00:00.000Z";5267851.287;"{""TimeSeriesType"":""CTT_SUM_CONS_ACP"",""Res"":""PT1H"",""Uom"":""KWH"",""ReadTS"":""2026-08-25T06:00:00Z"",""Value"":""5267851.287"",""Count"":""3797641""}"
363;"2026-08-25T05:00:00.000Z";"2026-08-25T06:00:00.000Z";5210463.01;"{""TimeSeriesType"":""CTT_SUM_CONS_ACP"",""Res"":""PT1H"",""Uom"":""KWH"",""ReadTS"":""2026-08-25T05:00:00Z"",""Value"":""5210463.01"",""Count"":""3797740""}"
363;"2026-08-25T04:00:00.000Z";"2026-08-25T05:00:00.000Z";5040384.903;"{""TimeSeriesType"":""CTT_SUM_CONS_ACP"",""Res"":""PT1H"",""Uom"":""KWH"",""ReadTS"":""2026-08-25T04:00:00Z"",""Value"":""5040384.903"",""Count"":""3797793""}"
363;"2026-08-25T03:00:00.000Z";"2026-08-25T04:00:00.000Z";4657739.452;"{""TimeSeriesType"":""CTT_SUM_CONS_ACP"",""Res"":""PT1H"",""Uom"":""KWH"",""ReadTS"":""2026-08-25T03:00:00Z"",""Value"":""4657739.452"",""Count"":""3797796""}"
363;"2026-08-25T02:00:00.000Z";"2026-08-25T03:00:00.000Z";4163953.898;"{""TimeSeriesType"":""CTT_SUM_CONS_ACP"",""Res"":""PT1H"",""Uom"":""KWH"",""ReadTS"":""2026-08-25T02:00:00Z"",""Value"":""4163953.898"",""Count"":""3797797""}"
363;"2026-08-25T01:00:00.000Z";"2026-08-25T02:00:00.000Z";3977568.028;"{""TimeSeriesType"":""CTT_SUM_CONS_ACP"",""Res"":""PT1H"",""Uom"":""KWH"",""ReadTS"":""2026-08-25T01:00:00Z"",""Value"":""3977568.028"",""Count"":""3797807""}"
363;"2026-08-25T00:00:00.000Z";"2026-08-25T01:00:00.000Z";3965765.021;"{""TimeSeriesType"":""CTT_SUM_CONS_ACP"",""Res"":""PT1H"",""Uom"":""KWH"",""ReadTS"":""2026-08-25T00:00:00Z"",""Value"":""3965765.021"",""Count"":""3797805""}"
363;"2026-08-24T23:00:00.000Z";"2026-08-25T00:00:00.000Z";4070008.095;"{""TimeSeriesType"":""CTT_SUM_CONS_ACP"",""Res"":""PT1H"",""Uom"":""KWH"",""ReadTS"":""2026-08-24T23:00:00Z"",""Value"":""4070008.095"",""Count"":""3797805""}"
363;"2026-08-24T22:00:00.000Z";"2026-08-24T23:00:00.000Z";4139060.669;"{""TimeSeriesType"":""CTT_SUM_CONS_ACP"",""Res"":""PT1H"",""Uom"":""KWH"",""ReadTS"":""2026-08-24T22:00:00Z"",""Value"":""4139060.669"",""Count"":""3797805""}"
363;"2026-08-24T21:00:00.000Z";"2026-08-24T22:00:00.000Z";4402012.388;"{""TimeSeriesType"":""CTT_SUM_CONS_ACP"",""Res"":""PT1H"",""Uom"":""KWH"",""ReadTS"":""2026-08-24T21:00:00Z"",""Value"":""4402012.388"",""Count"":""3797805""}"
363;"2026-08-24T20:00:00.000Z";"2026-08-24T21:00:00.000Z";4744598.031;"{""TimeSeriesType"":""CTT_SUM_CONS_ACP"",""Res"":""PT1H"",""Uom"":""KWH"",""ReadTS"":""2026-08-24T20:00:00Z"",""Value"":""4744598.031"",""Count"":""3797602""}"
363;"2026-08-24T19:00:00.000Z";"2026-08-24T20:00:00.000Z";5039008.374;"{""TimeSeriesType"":""CTT_SUM_CONS_ACP"",""Res"":""PT1H"",""Uom"":""KWH"",""ReadTS"":""2026-08-24T19:00:00Z"",""Value"":""5039008.374"",""Count"":""3797601""}"
363;"2026-08-24T18:00:00.000Z";"2026-08-24T19:00:00.000Z";5069398.851;"{""TimeSeriesType"":""CTT_SUM_CONS_ACP"",""Res"":""PT1H"",""Uom"":""KWH"",""ReadTS"":""2026-08-24T18:00:00Z"",""Value"":""5069398.851"",""Count"":""3797601""}"
363;"2026-08-24T17:00:00.000Z";"2026-08-24T18:00:00.000Z";5136336.724;"{""TimeSeriesType"":""CTT_SUM_CONS_ACP"",""Res"":""PT1H"",""Uom"":""KWH"",""ReadTS"":""2026-08-24T17:00:00Z"",""Value"":""5136336.724"",""Count"":""3797600""}"
363;"2026-08-24T16:00:00.000Z";"2026-08-24T17:00:00.000Z";5138030.261;"{""TimeSeriesType"":""CTT_SUM_CONS_ACP"",""Res"":""PT1H"",""Uom"":""KWH"",""ReadTS"":""2026-08-24T16:00:00Z"",""Value"":""5138030.261"",""Count"":""3797599""}"
363;"2026-08-24T15:00:00.000Z";"2026-08-24T16:00:00.000Z";5073803.001;"{""TimeSeriesType"":""CTT_SUM_CONS_ACP"",""Res"":""PT1H"",""Uom"":""KWH"",""ReadTS"":""2026-08-24T15:00:00Z"",""Value"":""5073803.001"",""Count"":""3797598""}"
363;"2026-08-24T14:00:00.000Z";"2026-08-24T15:00:00.000Z";5082918.463;"{""TimeSeriesType"":""CTT_SUM_CONS_ACP"",""Res"":""PT1H"",""Uom"":""KWH"",""ReadTS"":""2026-08-24T14:00:00Z"",""Value"":""5082918.463"",""Count"":""3797596""}"
363;"2026-08-24T13:00:00.000Z";"2026-08-24T14:00:00.000Z";5092782.093;"{""TimeSeriesType"":""CTT_SUM_CONS_ACP"",""Res"":""PT1H"",""Uom"":""KWH"",""ReadTS"":""2026-08-24T13:00:00Z"",""Value"":""5092782.093"",""Count"":""3797595""}"
363;"2026-08-24T12:00:00.000Z";"2026-08-24T13:00:00.000Z";5085444.13;"{""TimeSeriesType"":""CTT_SUM_CONS_ACP"",""Res"":""PT1H"",""Uom"":""KWH"",""ReadTS"":""2026-08-24T12:00:00Z"",""Value"":""5085444.13"",""Count"":""3797592""}"
363;"2026-08-24T11:00:00.000Z";"2026-08-24T12:00:00.000Z";5134337.821;"{""TimeSeriesType"":""CTT_SUM_CONS_ACP"",""Res"":""PT1H"",""Uom"":""KWH"",""ReadTS"":""2026-08-24T11:00:00Z"",""Value"":""5134337.821"",""Count"":""3797577""}"
363;"2026-08-24T10:00:00.000Z";"2026-08-24T11:00:00.000Z";5219610.348;"{""TimeSeriesType"":""CTT_SUM_CONS_ACP"",""Res"":""PT1H"",""Uom"":""KWH"",""ReadTS"":""2026-08-24T10:00:00Z"",""Value"":""5219610.348"",""Count"":""3797563""}"
363;"2026-08-24T09:00:00.000Z";"2026-08-24T10:00:00.000Z";5312728.842;"{""TimeSeriesType"":""CTT_SUM_CONS_ACP"",""Res"":""PT1H"",""Uom"":""KWH"",""ReadTS"":""2026-08-24T09:00:00Z"",""Value"":""5312728.842"",""Count"":""3797547""}"
363;"2026-08-24T08:00:00.000Z";"2026-08-24T09:00:00.000Z";5353599.955;"{""TimeSeriesType"":""CTT_SUM_CONS_ACP"",""Res"":""PT1H"",""Uom"":""KWH"",""ReadTS"":""2026-08-24T08:00:00Z"",""Value"":""5353599.955"",""Count"":""3797538""}"
363;"2026-08-24T07:00:00.000Z";"2026-08-24T08:00:00.000Z";5357856.659;"{""TimeSeriesType"":""CTT_SUM_CONS_ACP"",""Res"":""PT1H"",""Uom"":""KWH"",""ReadTS"":""2026-08-24T07:00:00Z"",""Value"":""5357856.659"",""Count"":""3797544""}"
363;"2026-08-24T06:00:00.000Z";"2026-08-24T07:00:00.000Z";5351027.16;"{""TimeSeriesType"":""CTT_SUM_CONS_ACP"",""Res"":""PT1H"",""Uom"":""KWH"",""ReadTS"":""2026-08-24T06:00:00Z"",""Value"":""5351027.16"",""Count"":""3797553""}"
363;"2026-08-24T05:00:00.000Z";"2026-08-24T06:00:00.000Z";5261190.07;"{""TimeSeriesType"":""CTT_SUM_CONS_ACP"",""Res"":""PT1H"",""Uom"":""KWH"",""ReadTS"":""2026-08-24T05:00:00Z"",""Value"":""5261190.07"",""Count"":""3797647""}"
363;"2026-08-24T04:00:00.000Z";"2026-08-24T05:00:00.000Z";5026937.367;"{""TimeSeriesType"":""CTT_SUM_CONS_ACP"",""Res"":""PT1H"",""Uom"":""KWH"",""ReadTS"":""2026-08-24T04:00:00Z"",""Value"":""5026937.367"",""Count"":""3797691""}"
363;"2026-08-24T03:00:00.000Z";"2026-08-24T04:00:00.000Z";4533161.729;"{""TimeSeriesType"":""CTT_SUM_CONS_ACP"",""Res"":""PT1H"",""Uom"":""KWH"",""ReadTS"":""2026-08-24T03:00:00Z"",""Value"":""4533161.729"",""Count"":""3797703""}"
363;"2026-08-24T02:00:00.000Z";"2026-08-24T03:00:00.000Z";4040506.69;"{""TimeSeriesType"":""CTT_SUM_CONS_ACP"",""Res"":""PT1H"",""Uom"":""KWH"",""ReadTS"":""2026-08-24T02:00:00Z"",""Value"":""4040506.69"",""Count"":""3797705""}"
363;"2026-08-24T01:00:00.000Z";"2026-08-24T02:00:00.000Z";3884817.845;"{""TimeSeriesType"":""CTT_SUM_CONS_ACP"",""Res"":""PT1H"",""Uom"":""KWH"",""ReadTS"":""2026-08-24T01:00:00Z"",""Value"":""3884817.845"",""Count"":""3797757""}"
363;"2026-08-24T00:00:00.000Z";"2026-08-24T01:00:00.000Z";3867701.15;"{""TimeSeriesType"":""CTT_SUM_CONS_ACP"",""Res"":""PT1H"",""Uom"":""KWH"",""ReadTS"":""2026-08-24T00:00:00Z"",""Value"":""3867701.15"",""Count"":""3797757""}"
363;"2026-08-23T23:00:00.000Z";"2026-08-24T00:00:00.000Z";3960007.629;"{""TimeSeriesType"":""CTT_SUM_CONS_ACP"",""Res"":""PT1H"",""Uom"":""KWH"",""ReadTS"":""2026-08-23T23:00:00Z"",""Value"":""3960007.629"",""Count"":""3797758""}"
363;"2026-08-23T22:00:00.000Z";"2026-08-23T23:00:00.000Z";4130562.065;"{""TimeSeriesType"":""CTT_SUM_CONS_ACP"",""Res"":""PT1H"",""Uom"":""KWH"",""ReadTS"":""2026-08-23T22:00:00Z"",""Value"":""4130562.065"",""Count"":""3797758""}"
363;"2026-08-23T21:00:00.000Z";"2026-08-23T22:00:00.000Z";4344924.118;"{""TimeSeriesType"":""CTT_SUM_CONS_ACP"",""Res"":""PT1H"",""Uom"":""KWH"",""ReadTS"":""2026-08-23T21:00:00Z"",""Value"":""4344924.118"",""Count"":""3797754""}"
363;"2026-08-23T20:00:00.000Z";"2026-08-23T21:00:00.000Z";4629600.556;"{""TimeSeriesType"":""CTT_SUM_CONS_ACP"",""Res"":""PT1H"",""Uom"":""KWH"",""ReadTS"":""2026-08-23T20:00:00Z"",""Value"":""4629600.556"",""Count"":""3796961""}"
363;"2026-08-23T19:00:00.000Z";"2026-08-23T20:00:00.000Z";4874212.778;"{""TimeSeriesType"":""CTT_SUM_CONS_ACP"",""Res"":""PT1H"",""Uom"":""KWH"",""ReadTS"":""2026-08-23T19:00:00Z"",""Value"":""4874212.778"",""Count"":""3796962""}"
363;"2026-08-23T18:00:00.000Z";"2026-08-23T19:00:00.000Z";4816281.056;"{""TimeSeriesType"":""CTT_SUM_CONS_ACP"",""Res"":""PT1H"",""Uom"":""KWH"",""ReadTS"":""2026-08-23T18:00:00Z"",""Value"":""4816281.056"",""Count"":""3796961""}"
363;"2026-08-23T17:00:00.000Z";"2026-08-23T18:00:00.000Z";4937132.53;"{""TimeSeriesType"":""CTT_SUM_CONS_ACP"",""Res"":""PT1H"",""Uom"":""KWH"",""ReadTS"":""2026-08-23T17:00:00Z"",""Value"":""4937132.53"",""Count"":""3796962""}"
363;"2026-08-23T16:00:00.000Z";"2026-08-23T17:00:00.000Z";4989278.294;"{""TimeSeriesType"":""CTT_SUM_CONS_ACP"",""Res"":""PT1H"",""Uom"":""KWH"",""ReadTS"":""2026-08-23T16:00:00Z"",""Value"":""4989278.294"",""Count"":""3796956""}"
363;"2026-08-23T15:00:00.000Z";"2026-08-23T16:00:00.000Z";4902398.021;"{""TimeSeriesType"":""CTT_SUM_CONS_ACP"",""Res"":""PT1H"",""Uom"":""KWH"",""ReadTS"":""2026-08-23T15:00:00Z"",""Value"":""4902398.021"",""Count"":""3796960""}"
363;"2026-08-23T14:00:00.000Z";"2026-08-23T15:00:00.000Z";4795511.468;"{""TimeSeriesType"":""CTT_SUM_CONS_ACP"",""Res"":""PT1H"",""Uom"":""KWH"",""ReadTS"":""2026-08-23T14:00:00Z"",""Value"":""4795511.468"",""Count"":""3796956""}"
363;"2026-08-23T13:00:00.000Z";"2026-08-23T14:00:00.000Z";4729452.647;"{""TimeSeriesType"":""CTT_SUM_CONS_ACP"",""Res"":""PT1H"",""Uom"":""KWH"",""ReadTS"":""2026-08-23T13:00:00Z"",""Value"":""4729452.647"",""Count"":""3796962""}"
363;"2026-08-23T12:00:00.000Z";"2026-08-23T13:00:00.000Z";4686392.973;"{""TimeSeriesType"":""CTT_SUM_CONS_ACP"",""Res"":""PT1H"",""Uom"":""KWH"",""ReadTS"":""2026-08-23T12:00:00Z"",""Value"":""4686392.973"",""Count"":""3796962""}"
363;"2026-08-23T11:00:00.000Z";"2026-08-23T12:00:00.000Z";4658334.975;"{""TimeSeriesType"":""CTT_SUM_CONS_ACP"",""Res"":""PT1H"",""Uom"":""KWH"",""ReadTS"":""2026-08-23T11:00:00Z"",""Value"":""4658334.975"",""Count"":""3796963""}"
363;"2026-08-23T10:00:00.000Z";"2026-08-23T11:00:00.000Z";4652969.43;"{""TimeSeriesType"":""CTT_SUM_CONS_ACP"",""Res"":""PT1H"",""Uom"":""KWH"",""ReadTS"":""2026-08-23T10:00:00Z"",""Value"":""4652969.43"",""Count"":""3796962""}"
363;"2026-08-23T09:00:00.000Z";"2026-08-23T10:00:00.000Z";4639189.357;"{""TimeSeriesType"":""CTT_SUM_CONS_ACP"",""Res"":""PT1H"",""Uom"":""KWH"",""ReadTS"":""2026-08-23T09:00:00Z"",""Value"":""4639189.357"",""Count"":""3796962""}"
363;"2026-08-23T08:00:00.000Z";"2026-08-23T09:00:00.000Z";4598470.877;"{""TimeSeriesType"":""CTT_SUM_CONS_ACP"",""Res"":""PT1H"",""Uom"":""KWH"",""ReadTS"":""2026-08-23T08:00:00Z"",""Value"":""4598470.877"",""Count"":""3796961""}"
363;"2026-08-23T07:00:00.000Z";"2026-08-23T08:00:00.000Z";4408588.066;"{""TimeSeriesType"":""CTT_SUM_CONS_ACP"",""Res"":""PT1H"",""Uom"":""KWH"",""ReadTS"":""2026-08-23T07:00:00Z"",""Value"":""4408588.066"",""Count"":""3796961""}"
363;"2026-08-23T06:00:00.000Z";"2026-08-23T07:00:00.000Z";4212390.882;"{""TimeSeriesType"":""CTT_SUM_CONS_ACP"",""Res"":""PT1H"",""Uom"":""KWH"",""ReadTS"":""2026-08-23T06:00:00Z"",""Value"":""4212390.882"",""Count"":""3796963""}"
363;"2026-08-23T05:00:00.000Z";"2026-08-23T06:00:00.000Z";4002227.333;"{""TimeSeriesType"":""CTT_SUM_CONS_ACP"",""Res"":""PT1H"",""Uom"":""KWH"",""ReadTS"":""2026-08-23T05:00:00Z"",""Value"":""4002227.333"",""Count"":""3796962""}"
363;"2026-08-23T04:00:00.000Z";"2026-08-23T05:00:00.000Z";3812361.236;"{""TimeSeriesType"":""CTT_SUM_CONS_ACP"",""Res"":""PT1H"",""Uom"":""KWH"",""ReadTS"":""2026-08-23T04:00:00Z"",""Value"":""3812361.236"",""Count"":""3796956""}"
363;"2026-08-23T03:00:00.000Z";"2026-08-23T04:00:00.000Z";3766989.488;"{""TimeSeriesType"":""CTT_SUM_CONS_ACP"",""Res"":""PT1H"",""Uom"":""KWH"",""ReadTS"":""2026-08-23T03:00:00Z"",""Value"":""3766989.488"",""Count"":""3796955""}"
363;"2026-08-23T02:00:00.000Z";"2026-08-23T03:00:00.000Z";3797200.518;"{""TimeSeriesType"":""CTT_SUM_CONS_ACP"",""Res"":""PT1H"",""Uom"":""KWH"",""ReadTS"":""2026-08-23T02:00:00Z"",""Value"":""3797200.518"",""Count"":""3796955""}"
363;"2026-08-23T01:00:00.000Z";"2026-08-23T02:00:00.000Z";3808927.336;"{""TimeSeriesType"":""CTT_SUM_CONS_ACP"",""Res"":""PT1H"",""Uom"":""KWH"",""ReadTS"":""2026-08-23T01:00:00Z"",""Value"":""3808927.336"",""Count"":""3796955""}"
363;"2026-08-23T00:00:00.000Z";"2026-08-23T01:00:00.000Z";3827308.28;"{""TimeSeriesType"":""CTT_SUM_CONS_ACP"",""Res"":""PT1H"",""Uom"":""KWH"",""ReadTS"":""2026-08-23T00:00:00Z"",""Value"":""3827308.28"",""Count"":""3796955""}"
363;"2026-08-22T23:00:00.000Z";"2026-08-23T00:00:00.000Z";3896914.113;"{""TimeSeriesType"":""CTT_SUM_CONS_ACP"",""Res"":""PT1H"",""Uom"":""KWH"",""ReadTS"":""2026-08-22T23:00:00Z"",""Value"":""3896914.113"",""Count"":""3796955""}"
363;"2026-08-22T22:00:00.000Z";"2026-08-22T23:00:00.000Z";3996751.752;"{""TimeSeriesType"":""CTT_SUM_CONS_ACP"",""Res"":""PT1H"",""Uom"":""KWH"",""ReadTS"":""2026-08-22T22:00:00Z"",""Value"":""3996751.752"",""Count"":""3796955""}"
363;"2026-08-22T21:00:00.000Z";"2026-08-22T22:00:00.000Z";4232250.098;"{""TimeSeriesType"":""CTT_SUM_CONS_ACP"",""Res"":""PT1H"",""Uom"":""KWH"",""ReadTS"":""2026-08-22T21:00:00Z"",""Value"":""4232250.098"",""Count"":""3796945""}"
363;"2026-08-22T20:00:00.000Z";"2026-08-22T21:00:00.000Z";4549660.404;"{""TimeSeriesType"":""CTT_SUM_CONS_ACP"",""Res"":""PT1H"",""Uom"":""KWH"",""ReadTS"":""2026-08-22T20:00:00Z"",""Value"":""4549660.404"",""Count"":""3796997""}"
363;"2026-08-22T19:00:00.000Z";"2026-08-22T20:00:00.000Z";4772352.452;"{""TimeSeriesType"":""CTT_SUM_CONS_ACP"",""Res"":""PT1H"",""Uom"":""KWH"",""ReadTS"":""2026-08-22T19:00:00Z"",""Value"":""4772352.452"",""Count"":""3796997""}"
363;"2026-08-22T18:00:00.000Z";"2026-08-22T19:00:00.000Z";4756534.886;"{""TimeSeriesType"":""CTT_SUM_CONS_ACP"",""Res"":""PT1H"",""Uom"":""KWH"",""ReadTS"":""2026-08-22T18:00:00Z"",""Value"":""4756534.886"",""Count"":""3796997""}"
363;"2026-08-22T17:00:00.000Z";"2026-08-22T18:00:00.000Z";4862817.457;"{""TimeSeriesType"":""CTT_SUM_CONS_ACP"",""Res"":""PT1H"",""Uom"":""KWH"",""ReadTS"":""2026-08-22T17:00:00Z"",""Value"":""4862817.457"",""Count"":""3796997""}"
363;"2026-08-22T16:00:00.000Z";"2026-08-22T17:00:00.000Z";4922429.654;"{""TimeSeriesType"":""CTT_SUM_CONS_ACP"",""Res"":""PT1H"",""Uom"":""KWH"",""ReadTS"":""2026-08-22T16:00:00Z"",""Value"":""4922429.654"",""Count"":""3796997""}"
363;"2026-08-22T15:00:00.000Z";"2026-08-22T16:00:00.000Z";4931174.782;"{""TimeSeriesType"":""CTT_SUM_CONS_ACP"",""Res"":""PT1H"",""Uom"":""KWH"",""ReadTS"":""2026-08-22T15:00:00Z"",""Value"":""4931174.782"",""Count"":""3796997""}"
363;"2026-08-22T14:00:00.000Z";"2026-08-22T15:00:00.000Z";4837062.881;"{""TimeSeriesType"":""CTT_SUM_CONS_ACP"",""Res"":""PT1H"",""Uom"":""KWH"",""ReadTS"":""2026-08-22T14:00:00Z"",""Value"":""4837062.881"",""Count"":""3796997""}"
363;"2026-08-22T13:00:00.000Z";"2026-08-22T14:00:00.000Z";4711493.441;"{""TimeSeriesType"":""CTT_SUM_CONS_ACP"",""Res"":""PT1H"",""Uom"":""KWH"",""ReadTS"":""2026-08-22T13:00:00Z"",""Value"":""4711493.441"",""Count"":""3796997""}"
363;"2026-08-22T12:00:00.000Z";"2026-08-22T13:00:00.000Z";4623064.887;"{""TimeSeriesType"":""CTT_SUM_CONS_ACP"",""Res"":""PT1H"",""Uom"":""KWH"",""ReadTS"":""2026-08-22T12:00:00Z"",""Value"":""4623064.887"",""Count"":""3796997""}"
363;"2026-08-22T11:00:00.000Z";"2026-08-22T12:00:00.000Z";4547205.058;"{""TimeSeriesType"":""CTT_SUM_CONS_ACP"",""Res"":""PT1H"",""Uom"":""KWH"",""ReadTS"":""2026-08-22T11:00:00Z"",""Value"":""4547205.058"",""Count"":""3796997""}"
363;"2026-08-22T10:00:00.000Z";"2026-08-22T11:00:00.000Z";4547705.438;"{""TimeSeriesType"":""CTT_SUM_CONS_ACP"",""Res"":""PT1H"",""Uom"":""KWH"",""ReadTS"":""2026-08-22T10:00:00Z"",""Value"":""4547705.438"",""Count"":""3796997""}"
363;"2026-08-22T09:00:00.000Z";"2026-08-22T10:00:00.000Z";4580888.74;"{""TimeSeriesType"":""CTT_SUM_CONS_ACP"",""Res"":""PT1H"",""Uom"":""KWH"",""ReadTS"":""2026-08-22T09:00:00Z"",""Value"":""4580888.74"",""Count"":""3796995""}"
363;"2026-08-22T08:00:00.000Z";"2026-08-22T09:00:00.000Z";4509983.695;"{""TimeSeriesType"":""CTT_SUM_CONS_ACP"",""Res"":""PT1H"",""Uom"":""KWH"",""ReadTS"":""2026-08-22T08:00:00Z"",""Value"":""4509983.695"",""Count"":""3796993""}"
363;"2026-08-22T07:00:00.000Z";"2026-08-22T08:00:00.000Z";4378353.673;"{""TimeSeriesType"":""CTT_SUM_CONS_ACP"",""Res"":""PT1H"",""Uom"":""KWH"",""ReadTS"":""2026-08-22T07:00:00Z"",""Value"":""4378353.673"",""Count"":""3796994""}"
363;"2026-08-22T06:00:00.000Z";"2026-08-22T07:00:00.000Z";4239073.841;"{""TimeSeriesType"":""CTT_SUM_CONS_ACP"",""Res"":""PT1H"",""Uom"":""KWH"",""ReadTS"":""2026-08-22T06:00:00Z"",""Value"":""4239073.841"",""Count"":""3796994""}"
363;"2026-08-22T05:00:00.000Z";"2026-08-22T06:00:00.000Z";4075742.392;"{""TimeSeriesType"":""CTT_SUM_CONS_ACP"",""Res"":""PT1H"",""Uom"":""KWH"",""ReadTS"":""2026-08-22T05:00:00Z"",""Value"":""4075742.392"",""Count"":""3796994""}"
363;"2026-08-22T04:00:00.000Z";"2026-08-22T05:00:00.000Z";3873962.701;"{""TimeSeriesType"":""CTT_SUM_CONS_ACP"",""Res"":""PT1H"",""Uom"":""KWH"",""ReadTS"":""2026-08-22T04:00:00Z"",""Value"":""3873962.701"",""Count"":""3796994""}"
363;"2026-08-22T03:00:00.000Z";"2026-08-22T04:00:00.000Z";3717637.395;"{""TimeSeriesType"":""CTT_SUM_CONS_ACP"",""Res"":""PT1H"",""Uom"":""KWH"",""ReadTS"":""2026-08-22T03:00:00Z"",""Value"":""3717637.395"",""Count"":""3796994""}"
363;"2026-08-22T02:00:00.000Z";"2026-08-22T03:00:00.000Z";3647216.166;"{""TimeSeriesType"":""CTT_SUM_CONS_ACP"",""Res"":""PT1H"",""Uom"":""KWH"",""ReadTS"":""2026-08-22T02:00:00Z"",""Value"":""3647216.166"",""Count"":""3796994""}"
363;"2026-08-22T01:00:00.000Z";"2026-08-22T02:00:00.000Z";3664271.203;"{""TimeSeriesType"":""CTT_SUM_CONS_ACP"",""Res"":""PT1H"",""Uom"":""KWH"",""ReadTS"":""2026-08-22T01:00:00Z"",""Value"":""3664271.203"",""Count"":""3796994""}"
363;"2026-08-22T00:00:00.000Z";"2026-08-22T01:00:00.000Z";3710842.71;"{""TimeSeriesType"":""CTT_SUM_CONS_ACP"",""Res"":""PT1H"",""Uom"":""KWH"",""ReadTS"":""2026-08-22T00:00:00Z"",""Value"":""3710842.71"",""Count"":""3796994""}"
363;"2026-08-21T23:00:00.000Z";"2026-08-22T00:00:00.000Z";3817779.882;"{""TimeSeriesType"":""CTT_SUM_CONS_ACP"",""Res"":""PT1H"",""Uom"":""KWH"",""ReadTS"":""2026-08-21T23:00:00Z"",""Value"":""3817779.882"",""Count"":""3796994""}"
363;"2026-08-21T22:00:00.000Z";"2026-08-21T23:00:00.000Z";3968063.082;"{""TimeSeriesType"":""CTT_SUM_CONS_ACP"",""Res"":""PT1H"",""Uom"":""KWH"",""ReadTS"":""2026-08-21T22:00:00Z"",""Value"":""3968063.082"",""Count"":""3796994""}"
363;"2026-08-21T21:00:00.000Z";"2026-08-21T22:00:00.000Z";4211895.471;"{""TimeSeriesType"":""CTT_SUM_CONS_ACP"",""Res"":""PT1H"",""Uom"":""KWH"",""ReadTS"":""2026-08-21T21:00:00Z"",""Value"":""4211895.471"",""Count"":""3796993""}"
363;"2026-08-21T20:00:00.000Z";"2026-08-21T21:00:00.000Z";4553140.295;"{""TimeSeriesType"":""CTT_SUM_CONS_ACP"",""Res"":""PT1H"",""Uom"":""KWH"",""ReadTS"":""2026-08-21T20:00:00Z"",""Value"":""4553140.295"",""Count"":""3797178""}"
363;"2026-08-21T19:00:00.000Z";"2026-08-21T20:00:00.000Z";4884808.742;"{""TimeSeriesType"":""CTT_SUM_CONS_ACP"",""Res"":""PT1H"",""Uom"":""KWH"",""ReadTS"":""2026-08-21T19:00:00Z"",""Value"":""4884808.742"",""Count"":""3797179""}"
363;"2026-08-21T18:00:00.000Z";"2026-08-21T19:00:00.000Z";4884515.5;"{""TimeSeriesType"":""CTT_SUM_CONS_ACP"",""Res"":""PT1H"",""Uom"":""KWH"",""ReadTS"":""2026-08-21T18:00:00Z"",""Value"":""4884515.5"",""Count"":""3797179""}"
363;"2026-08-21T17:00:00.000Z";"2026-08-21T18:00:00.000Z";4970946.384;"{""TimeSeriesType"":""CTT_SUM_CONS_ACP"",""Res"":""PT1H"",""Uom"":""KWH"",""ReadTS"":""2026-08-21T17:00:00Z"",""Value"":""4970946.384"",""Count"":""3797178""}"
363;"2026-08-21T16:00:00.000Z";"2026-08-21T17:00:00.000Z";5015266.903;"{""TimeSeriesType"":""CTT_SUM_CONS_ACP"",""Res"":""PT1H"",""Uom"":""KWH"",""ReadTS"":""2026-08-21T16:00:00Z"",""Value"":""5015266.903"",""Count"":""3797178""}"
363;"2026-08-21T15:00:00.000Z";"2026-08-21T16:00:00.000Z";5063757.972;"{""TimeSeriesType"":""CTT_SUM_CONS_ACP"",""Res"":""PT1H"",""Uom"":""KWH"",""ReadTS"":""2026-08-21T15:00:00Z"",""Value"":""5063757.972"",""Count"":""3797179""}"
363;"2026-08-21T14:00:00.000Z";"2026-08-21T15:00:00.000Z";5102917.608;"{""TimeSeriesType"":""CTT_SUM_CONS_ACP"",""Res"":""PT1H"",""Uom"":""KWH"",""ReadTS"":""2026-08-21T14:00:00Z"",""Value"":""5102917.608"",""Count"":""3797178""}"
363;"2026-08-21T13:00:00.000Z";"2026-08-21T14:00:00.000Z";5081776.067;"{""TimeSeriesType"":""CTT_SUM_CONS_ACP"",""Res"":""PT1H"",""Uom"":""KWH"",""ReadTS"":""2026-08-21T13:00:00Z"",""Value"":""5081776.067"",""Count"":""3797173""}"
363;"2026-08-21T12:00:00.000Z";"2026-08-21T13:00:00.000Z";5104371.138;"{""TimeSeriesType"":""CTT_SUM_CONS_ACP"",""Res"":""PT1H"",""Uom"":""KWH"",""ReadTS"":""2026-08-21T12:00:00Z"",""Value"":""5104371.138"",""Count"":""3797173""}"
363;"2026-08-21T11:00:00.000Z";"2026-08-21T12:00:00.000Z";5099402.669;"{""TimeSeriesType"":""CTT_SUM_CONS_ACP"",""Res"":""PT1H"",""Uom"":""KWH"",""ReadTS"":""2026-08-21T11:00:00Z"",""Value"":""5099402.669"",""Count"":""3797165""}"
363;"2026-08-21T10:00:00.000Z";"2026-08-21T11:00:00.000Z";5186095.032;"{""TimeSeriesType"":""CTT_SUM_CONS_ACP"",""Res"":""PT1H"",""Uom"":""KWH"",""ReadTS"":""2026-08-21T10:00:00Z"",""Value"":""5186095.032"",""Count"":""3797155""}"
363;"2026-08-21T09:00:00.000Z";"2026-08-21T10:00:00.000Z";5245455.513;"{""TimeSeriesType"":""CTT_SUM_CONS_ACP"",""Res"":""PT1H"",""Uom"":""KWH"",""ReadTS"":""2026-08-21T09:00:00Z"",""Value"":""5245455.513"",""Count"":""3797142""}"
363;"2026-08-21T08:00:00.000Z";"2026-08-21T09:00:00.000Z";5240907.286;"{""TimeSeriesType"":""CTT_SUM_CONS_ACP"",""Res"":""PT1H"",""Uom"":""KWH"",""ReadTS"":""2026-08-21T08:00:00Z"",""Value"":""5240907.286"",""Count"":""3797135""}"
363;"2026-08-21T07:00:00.000Z";"2026-08-21T08:00:00.000Z";5217221.56;"{""TimeSeriesType"":""CTT_SUM_CONS_ACP"",""Res"":""PT1H"",""Uom"":""KWH"",""ReadTS"":""2026-08-21T07:00:00Z"",""Value"":""5217221.56"",""Count"":""3797126""}"
363;"2026-08-21T06:00:00.000Z";"2026-08-21T07:00:00.000Z";5229933.163;"{""TimeSeriesType"":""CTT_SUM_CONS_ACP"",""Res"":""PT1H"",""Uom"":""KWH"",""ReadTS"":""2026-08-21T06:00:00Z"",""Value"":""5229933.163"",""Count"":""3797123""}"
363;"2026-08-21T05:00:00.000Z";"2026-08-21T06:00:00.000Z";5186550.777;"{""TimeSeriesType"":""CTT_SUM_CONS_ACP"",""Res"":""PT1H"",""Uom"":""KWH"",""ReadTS"":""2026-08-21T05:00:00Z"",""Value"":""5186550.777"",""Count"":""3797118""}"
363;"2026-08-21T04:00:00.000Z";"2026-08-21T05:00:00.000Z";5055632.444;"{""TimeSeriesType"":""CTT_SUM_CONS_ACP"",""Res"":""PT1H"",""Uom"":""KWH"",""ReadTS"":""2026-08-21T04:00:00Z"",""Value"":""5055632.444"",""Count"":""3797105""}"
363;"2026-08-21T03:00:00.000Z";"2026-08-21T04:00:00.000Z";4583703.893;"{""TimeSeriesType"":""CTT_SUM_CONS_ACP"",""Res"":""PT1H"",""Uom"":""KWH"",""ReadTS"":""2026-08-21T03:00:00Z"",""Value"":""4583703.893"",""Count"":""3797103""}"
363;"2026-08-21T02:00:00.000Z";"2026-08-21T03:00:00.000Z";4139202.575;"{""TimeSeriesType"":""CTT_SUM_CONS_ACP"",""Res"":""PT1H"",""Uom"":""KWH"",""ReadTS"":""2026-08-21T02:00:00Z"",""Value"":""4139202.575"",""Count"":""3797103""}"
363;"2026-08-21T01:00:00.000Z";"2026-08-21T02:00:00.000Z";3991411.615;"{""TimeSeriesType"":""CTT_SUM_CONS_ACP"",""Res"":""PT1H"",""Uom"":""KWH"",""ReadTS"":""2026-08-21T01:00:00Z"",""Value"":""3991411.615"",""Count"":""3797109""}"
363;"2026-08-21T00:00:00.000Z";"2026-08-21T01:00:00.000Z";4033819.694;"{""TimeSeriesType"":""CTT_SUM_CONS_ACP"",""Res"":""PT1H"",""Uom"":""KWH"",""ReadTS"":""2026-08-21T00:00:00Z"",""Value"":""4033819.694"",""Count"":""3797109""}"
363;"2026-08-20T23:00:00.000Z";"2026-08-21T00:00:00.000Z";4134874.442;"{""TimeSeriesType"":""CTT_SUM_CONS_ACP"",""Res"":""PT1H"",""Uom"":""KWH"",""ReadTS"":""2026-08-20T23:00:00Z"",""Value"":""4134874.442"",""Count"":""3797110""}"
363;"2026-08-20T22:00:00.000Z";"2026-08-20T23:00:00.000Z";4267184.246;"{""TimeSeriesType"":""CTT_SUM_CONS_ACP"",""Res"":""PT1H"",""Uom"":""KWH"",""ReadTS"":""2026-08-20T22:00:00Z"",""Value"":""4267184.246"",""Count"":""3797110""}"
363;"2026-08-20T21:00:00.000Z";"2026-08-20T22:00:00.000Z";4515145.402;"{""TimeSeriesType"":""CTT_SUM_CONS_ACP"",""Res"":""PT1H"",""Uom"":""KWH"",""ReadTS"":""2026-08-20T21:00:00Z"",""Value"":""4515145.402"",""Count"":""3797112""}"
363;"2026-08-20T20:00:00.000Z";"2026-08-20T21:00:00.000Z";4776590.825;"{""TimeSeriesType"":""CTT_SUM_CONS_ACP"",""Res"":""PT1H"",""Uom"":""KWH"",""ReadTS"":""2026-08-20T20:00:00Z"",""Value"":""4776590.825"",""Count"":""3796166""}"
363;"2026-08-20T19:00:00.000Z";"2026-08-20T20:00:00.000Z";5094060.27;"{""TimeSeriesType"":""CTT_SUM_CONS_ACP"",""Res"":""PT1H"",""Uom"":""KWH"",""ReadTS"":""2026-08-20T19:00:00Z"",""Value"":""5094060.27"",""Count"":""3796166""}"
363;"2026-08-20T18:00:00.000Z";"2026-08-20T19:00:00.000Z";5076287.435;"{""TimeSeriesType"":""CTT_SUM_CONS_ACP"",""Res"":""PT1H"",""Uom"":""KWH"",""ReadTS"":""2026-08-20T18:00:00Z"",""Value"":""5076287.435"",""Count"":""3796166""}"
363;"2026-08-20T17:00:00.000Z";"2026-08-20T18:00:00.000Z";5196483.866;"{""TimeSeriesType"":""CTT_SUM_CONS_ACP"",""Res"":""PT1H"",""Uom"":""KWH"",""ReadTS"":""2026-08-20T17:00:00Z"",""Value"":""5196483.866"",""Count"":""3796166""}"
363;"2026-08-20T16:00:00.000Z";"2026-08-20T17:00:00.000Z";5222245.541;"{""TimeSeriesType"":""CTT_SUM_CONS_ACP"",""Res"":""PT1H"",""Uom"":""KWH"",""ReadTS"":""2026-08-20T16:00:00Z"",""Value"":""5222245.541"",""Count"":""3796166""}"
363;"2026-08-20T15:00:00.000Z";"2026-08-20T16:00:00.000Z";5203992.052;"{""TimeSeriesType"":""CTT_SUM_CONS_ACP"",""Res"":""PT1H"",""Uom"":""KWH"",""ReadTS"":""2026-08-20T15:00:00Z"",""Value"":""5203992.052"",""Count"":""3796166""}"
363;"2026-08-20T14:00:00.000Z";"2026-08-20T15:00:00.000Z";5230285.075;"{""TimeSeriesType"":""CTT_SUM_CONS_ACP"",""Res"":""PT1H"",""Uom"":""KWH"",""ReadTS"":""2026-08-20T14:00:00Z"",""Value"":""5230285.075"",""Count"":""3796164""}"
363;"2026-08-20T13:00:00.000Z";"2026-08-20T14:00:00.000Z";5196188.362;"{""TimeSeriesType"":""CTT_SUM_CONS_ACP"",""Res"":""PT1H"",""Uom"":""KWH"",""ReadTS"":""2026-08-20T13:00:00Z"",""Value"":""5196188.362"",""Count"":""3796161""}"
363;"2026-08-20T12:00:00.000Z";"2026-08-20T13:00:00.000Z";5175829.113;"{""TimeSeriesType"":""CTT_SUM_CONS_ACP"",""Res"":""PT1H"",""Uom"":""KWH"",""ReadTS"":""2026-08-20T12:00:00Z"",""Value"":""5175829.113"",""Count"":""3796153""}"
363;"2026-08-20T11:00:00.000Z";"2026-08-20T12:00:00.000Z";5232485.938;"{""TimeSeriesType"":""CTT_SUM_CONS_ACP"",""Res"":""PT1H"",""Uom"":""KWH"",""ReadTS"":""2026-08-20T11:00:00Z"",""Value"":""5232485.938"",""Count"":""3796141""}"
363;"2026-08-20T10:00:00.000Z";"2026-08-20T11:00:00.000Z";5274206.522;"{""TimeSeriesType"":""CTT_SUM_CONS_ACP"",""Res"":""PT1H"",""Uom"":""KWH"",""ReadTS"":""2026-08-20T10:00:00Z"",""Value"":""5274206.522"",""Count"":""3796129""}"
363;"2026-08-20T09:00:00.000Z";"2026-08-20T10:00:00.000Z";5318284.014;"{""TimeSeriesType"":""CTT_SUM_CONS_ACP"",""Res"":""PT1H"",""Uom"":""KWH"",""ReadTS"":""2026-08-20T09:00:00Z"",""Value"":""5318284.014"",""Count"":""3796098""}"
363;"2026-08-20T08:00:00.000Z";"2026-08-20T09:00:00.000Z";5314853.496;"{""TimeSeriesType"":""CTT_SUM_CONS_ACP"",""Res"":""PT1H"",""Uom"":""KWH"",""ReadTS"":""2026-08-20T08:00:00Z"",""Value"":""5314853.496"",""Count"":""3796093""}"
363;"2026-08-20T07:00:00.000Z";"2026-08-20T08:00:00.000Z";5331662.878;"{""TimeSeriesType"":""CTT_SUM_CONS_ACP"",""Res"":""PT1H"",""Uom"":""KWH"",""ReadTS"":""2026-08-20T07:00:00Z"",""Value"":""5331662.878"",""Count"":""3796083""}"
363;"2026-08-20T06:00:00.000Z";"2026-08-20T07:00:00.000Z";5348746.734;"{""TimeSeriesType"":""CTT_SUM_CONS_ACP"",""Res"":""PT1H"",""Uom"":""KWH"",""ReadTS"":""2026-08-20T06:00:00Z"",""Value"":""5348746.734"",""Count"":""3796071""}"
363;"2026-08-20T05:00:00.000Z";"2026-08-20T06:00:00.000Z";5292966.364;"{""TimeSeriesType"":""CTT_SUM_CONS_ACP"",""Res"":""PT1H"",""Uom"":""KWH"",""ReadTS"":""2026-08-20T05:00:00Z"",""Value"":""5292966.364"",""Count"":""3796097""}"
363;"2026-08-20T04:00:00.000Z";"2026-08-20T05:00:00.000Z";5168219.96;"{""TimeSeriesType"":""CTT_SUM_CONS_ACP"",""Res"":""PT1H"",""Uom"":""KWH"",""ReadTS"":""2026-08-20T04:00:00Z"",""Value"":""5168219.96"",""Count"":""3796109""}"
363;"2026-08-20T03:00:00.000Z";"2026-08-20T04:00:00.000Z";4708694.215;"{""TimeSeriesType"":""CTT_SUM_CONS_ACP"",""Res"":""PT1H"",""Uom"":""KWH"",""ReadTS"":""2026-08-20T03:00:00Z"",""Value"":""4708694.215"",""Count"":""3796085""}"
363;"2026-08-20T02:00:00.000Z";"2026-08-20T03:00:00.000Z";4245836.717;"{""TimeSeriesType"":""CTT_SUM_CONS_ACP"",""Res"":""PT1H"",""Uom"":""KWH"",""ReadTS"":""2026-08-20T02:00:00Z"",""Value"":""4245836.717"",""Count"":""3796086""}"
363;"2026-08-20T01:00:00.000Z";"2026-08-20T02:00:00.000Z";4104367.641;"{""TimeSeriesType"":""CTT_SUM_CONS_ACP"",""Res"":""PT1H"",""Uom"":""KWH"",""ReadTS"":""2026-08-20T01:00:00Z"",""Value"":""4104367.641"",""Count"":""3796097""}"
363;"2026-08-20T00:00:00.000Z";"2026-08-20T01:00:00.000Z";4085658.04;"{""TimeSeriesType"":""CTT_SUM_CONS_ACP"",""Res"":""PT1H"",""Uom"":""KWH"",""ReadTS"":""2026-08-20T00:00:00Z"",""Value"":""4085658.04"",""Count"":""3796097""}"
363;"2026-08-19T23:00:00.000Z";"2026-08-20T00:00:00.000Z";4150069.373;"{""TimeSeriesType"":""CTT_SUM_CONS_ACP"",""Res"":""PT1H"",""Uom"":""KWH"",""ReadTS"":""2026-08-19T23:00:00Z"",""Value"":""4150069.373"",""Count"":""3796092""}"
363;"2026-08-19T22:00:00.000Z";"2026-08-19T23:00:00.000Z";4212828.041;"{""TimeSeriesType"":""CTT_SUM_CONS_ACP"",""Res"":""PT1H"",""Uom"":""KWH"",""ReadTS"":""2026-08-19T22:00:00Z"",""Value"":""4212828.041"",""Count"":""3796092""}"
363;"2026-08-19T21:00:00.000Z";"2026-08-19T22:00:00.000Z";4369754.973;"{""TimeSeriesType"":""CTT_SUM_CONS_ACP"",""Res"":""PT1H"",""Uom"":""KWH"",""ReadTS"":""2026-08-19T21:00:00Z"",""Value"":""4369754.973"",""Count"":""3796092""}"
363;"2026-08-19T20:00:00.000Z";"2026-08-19T21:00:00.000Z";4712404.9;"{""TimeSeriesType"":""CTT_SUM_CONS_ACP"",""Res"":""PT1H"",""Uom"":""KWH"",""ReadTS"":""2026-08-19T20:00:00Z"",""Value"":""4712404.9"",""Count"":""3795603""}"
363;"2026-08-19T19:00:00.000Z";"2026-08-19T20:00:00.000Z";5030243.985;"{""TimeSeriesType"":""CTT_SUM_CONS_ACP"",""Res"":""PT1H"",""Uom"":""KWH"",""ReadTS"":""2026-08-19T19:00:00Z"",""Value"":""5030243.985"",""Count"":""3795605""}"
363;"2026-08-19T18:00:00.000Z";"2026-08-19T19:00:00.000Z";5020676.02;"{""TimeSeriesType"":""CTT_SUM_CONS_ACP"",""Res"":""PT1H"",""Uom"":""KWH"",""ReadTS"":""2026-08-19T18:00:00Z"",""Value"":""5020676.02"",""Count"":""3795609""}"
363;"2026-08-19T17:00:00.000Z";"2026-08-19T18:00:00.000Z";5161969.141;"{""TimeSeriesType"":""CTT_SUM_CONS_ACP"",""Res"":""PT1H"",""Uom"":""KWH"",""ReadTS"":""2026-08-19T17:00:00Z"",""Value"":""5161969.141"",""Count"":""3795618""}"
363;"2026-08-19T16:00:00.000Z";"2026-08-19T17:00:00.000Z";5185119.155;"{""TimeSeriesType"":""CTT_SUM_CONS_ACP"",""Res"":""PT1H"",""Uom"":""KWH"",""ReadTS"":""2026-08-19T16:00:00Z"",""Value"":""5185119.155"",""Count"":""3795617""}"
363;"2026-08-19T15:00:00.000Z";"2026-08-19T16:00:00.000Z";5131715.526;"{""TimeSeriesType"":""CTT_SUM_CONS_ACP"",""Res"":""PT1H"",""Uom"":""KWH"",""ReadTS"":""2026-08-19T15:00:00Z"",""Value"":""5131715.526"",""Count"":""3795626""}"
363;"2026-08-19T14:00:00.000Z";"2026-08-19T15:00:00.000Z";5127532.989;"{""TimeSeriesType"":""CTT_SUM_CONS_ACP"",""Res"":""PT1H"",""Uom"":""KWH"",""ReadTS"":""2026-08-19T14:00:00Z"",""Value"":""5127532.989"",""Count"":""3795625""}"
363;"2026-08-19T13:00:00.000Z";"2026-08-19T14:00:00.000Z";5119816.987;"{""TimeSeriesType"":""CTT_SUM_CONS_ACP"",""Res"":""PT1H"",""Uom"":""KWH"",""ReadTS"":""2026-08-19T13:00:00Z"",""Value"":""5119816.987"",""Count"":""3795620""}"
363;"2026-08-19T12:00:00.000Z";"2026-08-19T13:00:00.000Z";5085005.465;"{""TimeSeriesType"":""CTT_SUM_CONS_ACP"",""Res"":""PT1H"",""Uom"":""KWH"",""ReadTS"":""2026-08-19T12:00:00Z"",""Value"":""5085005.465"",""Count"":""3795615""}"
363;"2026-08-19T11:00:00.000Z";"2026-08-19T12:00:00.000Z";5117297.234;"{""TimeSeriesType"":""CTT_SUM_CONS_ACP"",""Res"":""PT1H"",""Uom"":""KWH"",""ReadTS"":""2026-08-19T11:00:00Z"",""Value"":""5117297.234"",""Count"":""3795601""}"
363;"2026-08-19T10:00:00.000Z";"2026-08-19T11:00:00.000Z";5177780.756;"{""TimeSeriesType"":""CTT_SUM_CONS_ACP"",""Res"":""PT1H"",""Uom"":""KWH"",""ReadTS"":""2026-08-19T10:00:00Z"",""Value"":""5177780.756"",""Count"":""3795583""}"
363;"2026-08-19T09:00:00.000Z";"2026-08-19T10:00:00.000Z";5251666.011;"{""TimeSeriesType"":""CTT_SUM_CONS_ACP"",""Res"":""PT1H"",""Uom"":""KWH"",""ReadTS"":""2026-08-19T09:00:00Z"",""Value"":""5251666.011"",""Count"":""3795563""}"
363;"2026-08-19T08:00:00.000Z";"2026-08-19T09:00:00.000Z";5252312.477;"{""TimeSeriesType"":""CTT_SUM_CONS_ACP"",""Res"":""PT1H"",""Uom"":""KWH"",""ReadTS"":""2026-08-19T08:00:00Z"",""Value"":""5252312.477"",""Count"":""3795543""}"
363;"2026-08-19T07:00:00.000Z";"2026-08-19T08:00:00.000Z";5247191.448;"{""TimeSeriesType"":""CTT_SUM_CONS_ACP"",""Res"":""PT1H"",""Uom"":""KWH"",""ReadTS"":""2026-08-19T07:00:00Z"",""Value"":""5247191.448"",""Count"":""3795489""}"
363;"2026-08-19T06:00:00.000Z";"2026-08-19T07:00:00.000Z";5259904.462;"{""TimeSeriesType"":""CTT_SUM_CONS_ACP"",""Res"":""PT1H"",""Uom"":""KWH"",""ReadTS"":""2026-08-19T06:00:00Z"",""Value"":""5259904.462"",""Count"":""3795491""}"
363;"2026-08-19T05:00:00.000Z";"2026-08-19T06:00:00.000Z";5162572.039;"{""TimeSeriesType"":""CTT_SUM_CONS_ACP"",""Res"":""PT1H"",""Uom"":""KWH"",""ReadTS"":""2026-08-19T05:00:00Z"",""Value"":""5162572.039"",""Count"":""3795550""}"
363;"2026-08-19T04:00:00.000Z";"2026-08-19T05:00:00.000Z";4982794.298;"{""TimeSeriesType"":""CTT_SUM_CONS_ACP"",""Res"":""PT1H"",""Uom"":""KWH"",""ReadTS"":""2026-08-19T04:00:00Z"",""Value"":""4982794.298"",""Count"":""3795579""}"
363;"2026-08-19T03:00:00.000Z";"2026-08-19T04:00:00.000Z";4553993.572;"{""TimeSeriesType"":""CTT_SUM_CONS_ACP"",""Res"":""PT1H"",""Uom"":""KWH"",""ReadTS"":""2026-08-19T03:00:00Z"",""Value"":""4553993.572"",""Count"":""3795579""}"
363;"2026-08-19T02:00:00.000Z";"2026-08-19T03:00:00.000Z";4030010.847;"{""TimeSeriesType"":""CTT_SUM_CONS_ACP"",""Res"":""PT1H"",""Uom"":""KWH"",""ReadTS"":""2026-08-19T02:00:00Z"",""Value"":""4030010.847"",""Count"":""3795580""}"
363;"2026-08-19T01:00:00.000Z";"2026-08-19T02:00:00.000Z";3907344.193;"{""TimeSeriesType"":""CTT_SUM_CONS_ACP"",""Res"":""PT1H"",""Uom"":""KWH"",""ReadTS"":""2026-08-19T01:00:00Z"",""Value"":""3907344.193"",""Count"":""3795604""}"
363;"2026-08-19T00:00:00.000Z";"2026-08-19T01:00:00.000Z";3910467.849;"{""TimeSeriesType"":""CTT_SUM_CONS_ACP"",""Res"":""PT1H"",""Uom"":""KWH"",""ReadTS"":""2026-08-19T00:00:00Z"",""Value"":""3910467.849"",""Count"":""3795604""}"
363;"2026-08-18T23:00:00.000Z";"2026-08-19T00:00:00.000Z";3982973.085;"{""TimeSeriesType"":""CTT_SUM_CONS_ACP"",""Res"":""PT1H"",""Uom"":""KWH"",""ReadTS"":""2026-08-18T23:00:00Z"",""Value"":""3982973.085"",""Count"":""3795605""}"
363;"2026-08-18T22:00:00.000Z";"2026-08-18T23:00:00.000Z";4110199.568;"{""TimeSeriesType"":""CTT_SUM_CONS_ACP"",""Res"":""PT1H"",""Uom"":""KWH"",""ReadTS"":""2026-08-18T22:00:00Z"",""Value"":""4110199.568"",""Count"":""3795605""}"
363;"2026-08-18T21:00:00.000Z";"2026-08-18T22:00:00.000Z";4320513.581;"{""TimeSeriesType"":""CTT_SUM_CONS_ACP"",""Res"":""PT1H"",""Uom"":""KWH"",""ReadTS"":""2026-08-18T21:00:00Z"",""Value"":""4320513.581"",""Count"":""3795602""}"
363;"2026-08-18T20:00:00.000Z";"2026-08-18T21:00:00.000Z";4681460.702;"{""TimeSeriesType"":""CTT_SUM_CONS_ACP"",""Res"":""PT1H"",""Uom"":""KWH"",""ReadTS"":""2026-08-18T20:00:00Z"",""Value"":""4681460.702"",""Count"":""3795162""}"
363;"2026-08-18T19:00:00.000Z";"2026-08-18T20:00:00.000Z";5008032.049;"{""TimeSeriesType"":""CTT_SUM_CONS_ACP"",""Res"":""PT1H"",""Uom"":""KWH"",""ReadTS"":""2026-08-18T19:00:00Z"",""Value"":""5008032.049"",""Count"":""3795162""}"
363;"2026-08-18T18:00:00.000Z";"2026-08-18T19:00:00.000Z";5010711.71;"{""TimeSeriesType"":""CTT_SUM_CONS_ACP"",""Res"":""PT1H"",""Uom"":""KWH"",""ReadTS"":""2026-08-18T18:00:00Z"",""Value"":""5010711.71"",""Count"":""3795161""}"
363;"2026-08-18T17:00:00.000Z";"2026-08-18T18:00:00.000Z";5120117.049;"{""TimeSeriesType"":""CTT_SUM_CONS_ACP"",""Res"":""PT1H"",""Uom"":""KWH"",""ReadTS"":""2026-08-18T17:00:00Z"",""Value"":""5120117.049"",""Count"":""3795161""}"
363;"2026-08-18T16:00:00.000Z";"2026-08-18T17:00:00.000Z";5156025.07;"{""TimeSeriesType"":""CTT_SUM_CONS_ACP"",""Res"":""PT1H"",""Uom"":""KWH"",""ReadTS"":""2026-08-18T16:00:00Z"",""Value"":""5156025.07"",""Count"":""3795160""}"
363;"2026-08-18T15:00:00.000Z";"2026-08-18T16:00:00.000Z";5100041.542;"{""TimeSeriesType"":""CTT_SUM_CONS_ACP"",""Res"":""PT1H"",""Uom"":""KWH"",""ReadTS"":""2026-08-18T15:00:00Z"",""Value"":""5100041.542"",""Count"":""3795160""}"
363;"2026-08-18T14:00:00.000Z";"2026-08-18T15:00:00.000Z";5117898.219;"{""TimeSeriesType"":""CTT_SUM_CONS_ACP"",""Res"":""PT1H"",""Uom"":""KWH"",""ReadTS"":""2026-08-18T14:00:00Z"",""Value"":""5117898.219"",""Count"":""3795159""}"
363;"2026-08-18T13:00:00.000Z";"2026-08-18T14:00:00.000Z";5105404.684;"{""TimeSeriesType"":""CTT_SUM_CONS_ACP"",""Res"":""PT1H"",""Uom"":""KWH"",""ReadTS"":""2026-08-18T13:00:00Z"",""Value"":""5105404.684"",""Count"":""3795155""}"
363;"2026-08-18T12:00:00.000Z";"2026-08-18T13:00:00.000Z";5102412.938;"{""TimeSeriesType"":""CTT_SUM_CONS_ACP"",""Res"":""PT1H"",""Uom"":""KWH"",""ReadTS"":""2026-08-18T12:00:00Z"",""Value"":""5102412.938"",""Count"":""3795149""}"
363;"2026-08-18T11:00:00.000Z";"2026-08-18T12:00:00.000Z";5131675.826;"{""TimeSeriesType"":""CTT_SUM_CONS_ACP"",""Res"":""PT1H"",""Uom"":""KWH"",""ReadTS"":""2026-08-18T11:00:00Z"",""Value"":""5131675.826"",""Count"":""3795141""}"
363;"2026-08-18T10:00:00.000Z";"2026-08-18T11:00:00.000Z";5222320.256;"{""TimeSeriesType"":""CTT_SUM_CONS_ACP"",""Res"":""PT1H"",""Uom"":""KWH"",""ReadTS"":""2026-08-18T10:00:00Z"",""Value"":""5222320.256"",""Count"":""3795136""}"
363;"2026-08-18T09:00:00.000Z";"2026-08-18T10:00:00.000Z";5311934.217;"{""TimeSeriesType"":""CTT_SUM_CONS_ACP"",""Res"":""PT1H"",""Uom"":""KWH"",""ReadTS"":""2026-08-18T09:00:00Z"",""Value"":""5311934.217"",""Count"":""3795127""}"
363;"2026-08-18T08:00:00.000Z";"2026-08-18T09:00:00.000Z";5329655.944;"{""TimeSeriesType"":""CTT_SUM_CONS_ACP"",""Res"":""PT1H"",""Uom"":""KWH"",""ReadTS"":""2026-08-18T08:00:00Z"",""Value"":""5329655.944"",""Count"":""3795103""}"
363;"2026-08-18T07:00:00.000Z";"2026-08-18T08:00:00.000Z";5307178.775;"{""TimeSeriesType"":""CTT_SUM_CONS_ACP"",""Res"":""PT1H"",""Uom"":""KWH"",""ReadTS"":""2026-08-18T07:00:00Z"",""Value"":""5307178.775"",""Count"":""3795086""}"
363;"2026-08-18T06:00:00.000Z";"2026-08-18T07:00:00.000Z";5269086.662;"{""TimeSeriesType"":""CTT_SUM_CONS_ACP"",""Res"":""PT1H"",""Uom"":""KWH"",""ReadTS"":""2026-08-18T06:00:00Z"",""Value"":""5269086.662"",""Count"":""3795089""}"
363;"2026-08-18T05:00:00.000Z";"2026-08-18T06:00:00.000Z";5161770.068;"{""TimeSeriesType"":""CTT_SUM_CONS_ACP"",""Res"":""PT1H"",""Uom"":""KWH"",""ReadTS"":""2026-08-18T05:00:00Z"",""Value"":""5161770.068"",""Count"":""3795162""}"
363;"2026-08-18T04:00:00.000Z";"2026-08-18T05:00:00.000Z";4999386.377;"{""TimeSeriesType"":""CTT_SUM_CONS_ACP"",""Res"":""PT1H"",""Uom"":""KWH"",""ReadTS"":""2026-08-18T04:00:00Z"",""Value"":""4999386.377"",""Count"":""3795194""}"
363;"2026-08-18T03:00:00.000Z";"2026-08-18T04:00:00.000Z";4557055.981;"{""TimeSeriesType"":""CTT_SUM_CONS_ACP"",""Res"":""PT1H"",""Uom"":""KWH"",""ReadTS"":""2026-08-18T03:00:00Z"",""Value"":""4557055.981"",""Count"":""3795195""}"
363;"2026-08-18T02:00:00.000Z";"2026-08-18T03:00:00.000Z";4028626.866;"{""TimeSeriesType"":""CTT_SUM_CONS_ACP"",""Res"":""PT1H"",""Uom"":""KWH"",""ReadTS"":""2026-08-18T02:00:00Z"",""Value"":""4028626.866"",""Count"":""3795197""}"
363;"2026-08-18T01:00:00.000Z";"2026-08-18T02:00:00.000Z";3896162.648;"{""TimeSeriesType"":""CTT_SUM_CONS_ACP"",""Res"":""PT1H"",""Uom"":""KWH"",""ReadTS"":""2026-08-18T01:00:00Z"",""Value"":""3896162.648"",""Count"":""3795212""}"
363;"2026-08-18T00:00:00.000Z";"2026-08-18T01:00:00.000Z";3883162.238;"{""TimeSeriesType"":""CTT_SUM_CONS_ACP"",""Res"":""PT1H"",""Uom"":""KWH"",""ReadTS"":""2026-08-18T00:00:00Z"",""Value"":""3883162.238"",""Count"":""3795212""}"
363;"2026-08-17T23:00:00.000Z";"2026-08-18T00:00:00.000Z";3981528.431;"{""TimeSeriesType"":""CTT_SUM_CONS_ACP"",""Res"":""PT1H"",""Uom"":""KWH"",""ReadTS"":""2026-08-17T23:00:00Z"",""Value"":""3981528.431"",""Count"":""3795212""}"
363;"2026-08-17T22:00:00.000Z";"2026-08-17T23:00:00.000Z";4127211.884;"{""TimeSeriesType"":""CTT_SUM_CONS_ACP"",""Res"":""PT1H"",""Uom"":""KWH"",""ReadTS"":""2026-08-17T22:00:00Z"",""Value"":""4127211.884"",""Count"":""3795213""}"
363;"2026-08-17T21:00:00.000Z";"2026-08-17T22:00:00.000Z";4387047.309;"{""TimeSeriesType"":""CTT_SUM_CONS_ACP"",""Res"":""PT1H"",""Uom"":""KWH"",""ReadTS"":""2026-08-17T21:00:00Z"",""Value"":""4387047.309"",""Count"":""3795214""}"
363;"2026-08-17T20:00:00.000Z";"2026-08-17T21:00:00.000Z";4663246.918;"{""TimeSeriesType"":""CTT_SUM_CONS_ACP"",""Res"":""PT1H"",""Uom"":""KWH"",""ReadTS"":""2026-08-17T20:00:00Z"",""Value"":""4663246.918"",""Count"":""3795001""}"
363;"2026-08-17T19:00:00.000Z";"2026-08-17T20:00:00.000Z";4972555.783;"{""TimeSeriesType"":""CTT_SUM_CONS_ACP"",""Res"":""PT1H"",""Uom"":""KWH"",""ReadTS"":""2026-08-17T19:00:00Z"",""Value"":""4972555.783"",""Count"":""3794999""}"
363;"2026-08-17T18:00:00.000Z";"2026-08-17T19:00:00.000Z";4940251.238;"{""TimeSeriesType"":""CTT_SUM_CONS_ACP"",""Res"":""PT1H"",""Uom"":""KWH"",""ReadTS"":""2026-08-17T18:00:00Z"",""Value"":""4940251.238"",""Count"":""3795000""}"
363;"2026-08-17T17:00:00.000Z";"2026-08-17T18:00:00.000Z";5106144.854;"{""TimeSeriesType"":""CTT_SUM_CONS_ACP"",""Res"":""PT1H"",""Uom"":""KWH"",""ReadTS"":""2026-08-17T17:00:00Z"",""Value"":""5106144.854"",""Count"":""3795001""}"
363;"2026-08-17T16:00:00.000Z";"2026-08-17T17:00:00.000Z";5163442.409;"{""TimeSeriesType"":""CTT_SUM_CONS_ACP"",""Res"":""PT1H"",""Uom"":""KWH"",""ReadTS"":""2026-08-17T16:00:00Z"",""Value"":""5163442.409"",""Count"":""3795001""}"
363;"2026-08-17T15:00:00.000Z";"2026-08-17T16:00:00.000Z";5110139.9;"{""TimeSeriesType"":""CTT_SUM_CONS_ACP"",""Res"":""PT1H"",""Uom"":""KWH"",""ReadTS"":""2026-08-17T15:00:00Z"",""Value"":""5110139.9"",""Count"":""3795000""}"
363;"2026-08-17T14:00:00.000Z";"2026-08-17T15:00:00.000Z";5132510.786;"{""TimeSeriesType"":""CTT_SUM_CONS_ACP"",""Res"":""PT1H"",""Uom"":""KWH"",""ReadTS"":""2026-08-17T14:00:00Z"",""Value"":""5132510.786"",""Count"":""3794998""}"
363;"2026-08-17T13:00:00.000Z";"2026-08-17T14:00:00.000Z";5135120.125;"{""TimeSeriesType"":""CTT_SUM_CONS_ACP"",""Res"":""PT1H"",""Uom"":""KWH"",""ReadTS"":""2026-08-17T13:00:00Z"",""Value"":""5135120.125"",""Count"":""3794998""}"
363;"2026-08-17T12:00:00.000Z";"2026-08-17T13:00:00.000Z";5123439.375;"{""TimeSeriesType"":""CTT_SUM_CONS_ACP"",""Res"":""PT1H"",""Uom"":""KWH"",""ReadTS"":""2026-08-17T12:00:00Z"",""Value"":""5123439.375"",""Count"":""3794996""}"
363;"2026-08-17T11:00:00.000Z";"2026-08-17T12:00:00.000Z";5179917.391;"{""TimeSeriesType"":""CTT_SUM_CONS_ACP"",""Res"":""PT1H"",""Uom"":""KWH"",""ReadTS"":""2026-08-17T11:00:00Z"",""Value"":""5179917.391"",""Count"":""3794984""}"
363;"2026-08-17T10:00:00.000Z";"2026-08-17T11:00:00.000Z";5225387.299;"{""TimeSeriesType"":""CTT_SUM_CONS_ACP"",""Res"":""PT1H"",""Uom"":""KWH"",""ReadTS"":""2026-08-17T10:00:00Z"",""Value"":""5225387.299"",""Count"":""3794981""}"
363;"2026-08-17T09:00:00.000Z";"2026-08-17T10:00:00.000Z";5304886.65;"{""TimeSeriesType"":""CTT_SUM_CONS_ACP"",""Res"":""PT1H"",""Uom"":""KWH"",""ReadTS"":""2026-08-17T09:00:00Z"",""Value"":""5304886.65"",""Count"":""3794948""}"
363;"2026-08-17T08:00:00.000Z";"2026-08-17T09:00:00.000Z";5325528.997;"{""TimeSeriesType"":""CTT_SUM_CONS_ACP"",""Res"":""PT1H"",""Uom"":""KWH"",""ReadTS"":""2026-08-17T08:00:00Z"",""Value"":""5325528.997"",""Count"":""3794935""}"
363;"2026-08-17T07:00:00.000Z";"2026-08-17T08:00:00.000Z";5284271.024;"{""TimeSeriesType"":""CTT_SUM_CONS_ACP"",""Res"":""PT1H"",""Uom"":""KWH"",""ReadTS"":""2026-08-17T07:00:00Z"",""Value"":""5284271.024"",""Count"":""3794931""}"
363;"2026-08-17T06:00:00.000Z";"2026-08-17T07:00:00.000Z";5273355.134;"{""TimeSeriesType"":""CTT_SUM_CONS_ACP"",""Res"":""PT1H"",""Uom"":""KWH"",""ReadTS"":""2026-08-17T06:00:00Z"",""Value"":""5273355.134"",""Count"":""3794930""}"
363;"2026-08-17T05:00:00.000Z";"2026-08-17T06:00:00.000Z";5138615.088;"{""TimeSeriesType"":""CTT_SUM_CONS_ACP"",""Res"":""PT1H"",""Uom"":""KWH"",""ReadTS"":""2026-08-17T05:00:00Z"",""Value"":""5138615.088"",""Count"":""3794985""}"
363;"2026-08-17T04:00:00.000Z";"2026-08-17T05:00:00.000Z";4858654.993;"{""TimeSeriesType"":""CTT_SUM_CONS_ACP"",""Res"":""PT1H"",""Uom"":""KWH"",""ReadTS"":""2026-08-17T04:00:00Z"",""Value"":""4858654.993"",""Count"":""3795015""}"
363;"2026-08-17T03:00:00.000Z";"2026-08-17T04:00:00.000Z";4371952.796;"{""TimeSeriesType"":""CTT_SUM_CONS_ACP"",""Res"":""PT1H"",""Uom"":""KWH"",""ReadTS"":""2026-08-17T03:00:00Z"",""Value"":""4371952.796"",""Count"":""3795018""}"
363;"2026-08-17T02:00:00.000Z";"2026-08-17T03:00:00.000Z";3905026.514;"{""TimeSeriesType"":""CTT_SUM_CONS_ACP"",""Res"":""PT1H"",""Uom"":""KWH"",""ReadTS"":""2026-08-17T02:00:00Z"",""Value"":""3905026.514"",""Count"":""3795020""}"
363;"2026-08-17T01:00:00.000Z";"2026-08-17T02:00:00.000Z";3791926.426;"{""TimeSeriesType"":""CTT_SUM_CONS_ACP"",""Res"":""PT1H"",""Uom"":""KWH"",""ReadTS"":""2026-08-17T01:00:00Z"",""Value"":""3791926.426"",""Count"":""3795041""}"
363;"2026-08-17T00:00:00.000Z";"2026-08-17T01:00:00.000Z";3781354.374;"{""TimeSeriesType"":""CTT_SUM_CONS_ACP"",""Res"":""PT1H"",""Uom"":""KWH"",""ReadTS"":""2026-08-17T00:00:00Z"",""Value"":""3781354.374"",""Count"":""3795041""}"
363;"2026-08-16T23:00:00.000Z";"2026-08-17T00:00:00.000Z";3862708.8;"{""TimeSeriesType"":""CTT_SUM_CONS_ACP"",""Res"":""PT1H"",""Uom"":""KWH"",""ReadTS"":""2026-08-16T23:00:00Z"",""Value"":""3862708.8"",""Count"":""3795041""}"
363;"2026-08-16T22:00:00.000Z";"2026-08-16T23:00:00.000Z";3971542.847;"{""TimeSeriesType"":""CTT_SUM_CONS_ACP"",""Res"":""PT1H"",""Uom"":""KWH"",""ReadTS"":""2026-08-16T22:00:00Z"",""Value"":""3971542.847"",""Count"":""3795034""}"
363;"2026-08-16T21:00:00.000Z";"2026-08-16T22:00:00.000Z";4194977.275;"{""TimeSeriesType"":""CTT_SUM_CONS_ACP"",""Res"":""PT1H"",""Uom"":""KWH"",""ReadTS"":""2026-08-16T21:00:00Z"",""Value"":""4194977.275"",""Count"":""3795036""}"
363;"2026-08-16T20:00:00.000Z";"2026-08-16T21:00:00.000Z";4522884.957;"{""TimeSeriesType"":""CTT_SUM_CONS_ACP"",""Res"":""PT1H"",""Uom"":""KWH"",""ReadTS"":""2026-08-16T20:00:00Z"",""Value"":""4522884.957"",""Count"":""3794214""}"
363;"2026-08-16T19:00:00.000Z";"2026-08-16T20:00:00.000Z";4804924.859;"{""TimeSeriesType"":""CTT_SUM_CONS_ACP"",""Res"":""PT1H"",""Uom"":""KWH"",""ReadTS"":""2026-08-16T19:00:00Z"",""Value"":""4804924.859"",""Count"":""3794214""}"
363;"2026-08-16T18:00:00.000Z";"2026-08-16T19:00:00.000Z";4692912.444;"{""TimeSeriesType"":""CTT_SUM_CONS_ACP"",""Res"":""PT1H"",""Uom"":""KWH"",""ReadTS"":""2026-08-16T18:00:00Z"",""Value"":""4692912.444"",""Count"":""3794213""}"
363;"2026-08-16T17:00:00.000Z";"2026-08-16T18:00:00.000Z";4786106.822;"{""TimeSeriesType"":""CTT_SUM_CONS_ACP"",""Res"":""PT1H"",""Uom"":""KWH"",""ReadTS"":""2026-08-16T17:00:00Z"",""Value"":""4786106.822"",""Count"":""3794213""}"
363;"2026-08-16T16:00:00.000Z";"2026-08-16T17:00:00.000Z";4810657.538;"{""TimeSeriesType"":""CTT_SUM_CONS_ACP"",""Res"":""PT1H"",""Uom"":""KWH"",""ReadTS"":""2026-08-16T16:00:00Z"",""Value"":""4810657.538"",""Count"":""3794213""}"
363;"2026-08-16T15:00:00.000Z";"2026-08-16T16:00:00.000Z";4714797.36;"{""TimeSeriesType"":""CTT_SUM_CONS_ACP"",""Res"":""PT1H"",""Uom"":""KWH"",""ReadTS"":""2026-08-16T15:00:00Z"",""Value"":""4714797.36"",""Count"":""3794213""}"
363;"2026-08-16T14:00:00.000Z";"2026-08-16T15:00:00.000Z";4657429.443;"{""TimeSeriesType"":""CTT_SUM_CONS_ACP"",""Res"":""PT1H"",""Uom"":""KWH"",""ReadTS"":""2026-08-16T14:00:00Z"",""Value"":""4657429.443"",""Count"":""3794214""}"
363;"2026-08-16T13:00:00.000Z";"2026-08-16T14:00:00.000Z";4539658.136;"{""TimeSeriesType"":""CTT_SUM_CONS_ACP"",""Res"":""PT1H"",""Uom"":""KWH"",""ReadTS"":""2026-08-16T13:00:00Z"",""Value"":""4539658.136"",""Count"":""3794214""}"
363;"2026-08-16T12:00:00.000Z";"2026-08-16T13:00:00.000Z";4471524.303;"{""TimeSeriesType"":""CTT_SUM_CONS_ACP"",""Res"":""PT1H"",""Uom"":""KWH"",""ReadTS"":""2026-08-16T12:00:00Z"",""Value"":""4471524.303"",""Count"":""3794214""}"
363;"2026-08-16T11:00:00.000Z";"2026-08-16T12:00:00.000Z";4462971.264;"{""TimeSeriesType"":""CTT_SUM_CONS_ACP"",""Res"":""PT1H"",""Uom"":""KWH"",""ReadTS"":""2026-08-16T11:00:00Z"",""Value"":""4462971.264"",""Count"":""3794214""}"
363;"2026-08-16T10:00:00.000Z";"2026-08-16T11:00:00.000Z";4488523.306;"{""TimeSeriesType"":""CTT_SUM_CONS_ACP"",""Res"":""PT1H"",""Uom"":""KWH"",""ReadTS"":""2026-08-16T10:00:00Z"",""Value"":""4488523.306"",""Count"":""3794213""}"
363;"2026-08-16T09:00:00.000Z";"2026-08-16T10:00:00.000Z";4468790.502;"{""TimeSeriesType"":""CTT_SUM_CONS_ACP"",""Res"":""PT1H"",""Uom"":""KWH"",""ReadTS"":""2026-08-16T09:00:00Z"",""Value"":""4468790.502"",""Count"":""3794212""}"
363;"2026-08-16T08:00:00.000Z";"2026-08-16T09:00:00.000Z";4405805.118;"{""TimeSeriesType"":""CTT_SUM_CONS_ACP"",""Res"":""PT1H"",""Uom"":""KWH"",""ReadTS"":""2026-08-16T08:00:00Z"",""Value"":""4405805.118"",""Count"":""3794212""}"
363;"2026-08-16T07:00:00.000Z";"2026-08-16T08:00:00.000Z";4282880.053;"{""TimeSeriesType"":""CTT_SUM_CONS_ACP"",""Res"":""PT1H"",""Uom"":""KWH"",""ReadTS"":""2026-08-16T07:00:00Z"",""Value"":""4282880.053"",""Count"":""3794212""}"
363;"2026-08-16T06:00:00.000Z";"2026-08-16T07:00:00.000Z";4095594.052;"{""TimeSeriesType"":""CTT_SUM_CONS_ACP"",""Res"":""PT1H"",""Uom"":""KWH"",""ReadTS"":""2026-08-16T06:00:00Z"",""Value"":""4095594.052"",""Count"":""3794212""}"
363;"2026-08-16T05:00:00.000Z";"2026-08-16T06:00:00.000Z";3851276.155;"{""TimeSeriesType"":""CTT_SUM_CONS_ACP"",""Res"":""PT1H"",""Uom"":""KWH"",""ReadTS"":""2026-08-16T05:00:00Z"",""Value"":""3851276.155"",""Count"":""3794212""}"
363;"2026-08-16T04:00:00.000Z";"2026-08-16T05:00:00.000Z";3649220.541;"{""TimeSeriesType"":""CTT_SUM_CONS_ACP"",""Res"":""PT1H"",""Uom"":""KWH"",""ReadTS"":""2026-08-16T04:00:00Z"",""Value"":""3649220.541"",""Count"":""3794212""}"
363;"2026-08-16T03:00:00.000Z";"2026-08-16T04:00:00.000Z";3530990.572;"{""TimeSeriesType"":""CTT_SUM_CONS_ACP"",""Res"":""PT1H"",""Uom"":""KWH"",""ReadTS"":""2026-08-16T03:00:00Z"",""Value"":""3530990.572"",""Count"":""3794212""}"
363;"2026-08-16T02:00:00.000Z";"2026-08-16T03:00:00.000Z";3502870.586;"{""TimeSeriesType"":""CTT_SUM_CONS_ACP"",""Res"":""PT1H"",""Uom"":""KWH"",""ReadTS"":""2026-08-16T02:00:00Z"",""Value"":""3502870.586"",""Count"":""3794212""}"
363;"2026-08-16T01:00:00.000Z";"2026-08-16T02:00:00.000Z";3591267.979;"{""TimeSeriesType"":""CTT_SUM_CONS_ACP"",""Res"":""PT1H"",""Uom"":""KWH"",""ReadTS"":""2026-08-16T01:00:00Z"",""Value"":""3591267.979"",""Count"":""3794212""}"
363;"2026-08-16T00:00:00.000Z";"2026-08-16T01:00:00.000Z";3646262.405;"{""TimeSeriesType"":""CTT_SUM_CONS_ACP"",""Res"":""PT1H"",""Uom"":""KWH"",""ReadTS"":""2026-08-16T00:00:00Z"",""Value"":""3646262.405"",""Count"":""3794212""}"
363;"2026-08-15T23:00:00.000Z";"2026-08-16T00:00:00.000Z";3738427.301;"{""TimeSeriesType"":""CTT_SUM_CONS_ACP"",""Res"":""PT1H"",""Uom"":""KWH"",""ReadTS"":""2026-08-15T23:00:00Z"",""Value"":""3738427.301"",""Count"":""3794210""}"
363;"2026-08-15T22:00:00.000Z";"2026-08-15T23:00:00.000Z";3878935.733;"{""TimeSeriesType"":""CTT_SUM_CONS_ACP"",""Res"":""PT1H"",""Uom"":""KWH"",""ReadTS"":""2026-08-15T22:00:00Z"",""Value"":""3878935.733"",""Count"":""3794210""}"
363;"2026-08-15T21:00:00.000Z";"2026-08-15T22:00:00.000Z";4166500.072;"{""TimeSeriesType"":""CTT_SUM_CONS_ACP"",""Res"":""PT1H"",""Uom"":""KWH"",""ReadTS"":""2026-08-15T21:00:00Z"",""Value"":""4166500.072"",""Count"":""3794209""}"
363;"2026-08-15T20:00:00.000Z";"2026-08-15T21:00:00.000Z";4521075.628;"{""TimeSeriesType"":""CTT_SUM_CONS_ACP"",""Res"":""PT1H"",""Uom"":""KWH"",""ReadTS"":""2026-08-15T20:00:00Z"",""Value"":""4521075.628"",""Count"":""3794561""}"
363;"2026-08-15T19:00:00.000Z";"2026-08-15T20:00:00.000Z";4786386.564;"{""TimeSeriesType"":""CTT_SUM_CONS_ACP"",""Res"":""PT1H"",""Uom"":""KWH"",""ReadTS"":""2026-08-15T19:00:00Z"",""Value"":""4786386.564"",""Count"":""3794561""}"
363;"2026-08-15T18:00:00.000Z";"2026-08-15T19:00:00.000Z";4634258.041;"{""TimeSeriesType"":""CTT_SUM_CONS_ACP"",""Res"":""PT1H"",""Uom"":""KWH"",""ReadTS"":""2026-08-15T18:00:00Z"",""Value"":""4634258.041"",""Count"":""3794561""}"
363;"2026-08-15T17:00:00.000Z";"2026-08-15T18:00:00.000Z";4738307.853;"{""TimeSeriesType"":""CTT_SUM_CONS_ACP"",""Res"":""PT1H"",""Uom"":""KWH"",""ReadTS"":""2026-08-15T17:00:00Z"",""Value"":""4738307.853"",""Count"":""3794561""}"
363;"2026-08-15T16:00:00.000Z";"2026-08-15T17:00:00.000Z";4811853.638;"{""TimeSeriesType"":""CTT_SUM_CONS_ACP"",""Res"":""PT1H"",""Uom"":""KWH"",""ReadTS"":""2026-08-15T16:00:00Z"",""Value"":""4811853.638"",""Count"":""3794561""}"
363;"2026-08-15T15:00:00.000Z";"2026-08-15T16:00:00.000Z";4774025.645;"{""TimeSeriesType"":""CTT_SUM_CONS_ACP"",""Res"":""PT1H"",""Uom"":""KWH"",""ReadTS"":""2026-08-15T15:00:00Z"",""Value"":""4774025.645"",""Count"":""3794561""}"
363;"2026-08-15T14:00:00.000Z";"2026-08-15T15:00:00.000Z";4692392.433;"{""TimeSeriesType"":""CTT_SUM_CONS_ACP"",""Res"":""PT1H"",""Uom"":""KWH"",""ReadTS"":""2026-08-15T14:00:00Z"",""Value"":""4692392.433"",""Count"":""3794561""}"
363;"2026-08-15T13:00:00.000Z";"2026-08-15T14:00:00.000Z";4607635.423;"{""TimeSeriesType"":""CTT_SUM_CONS_ACP"",""Res"":""PT1H"",""Uom"":""KWH"",""ReadTS"":""2026-08-15T13:00:00Z"",""Value"":""4607635.423"",""Count"":""3794560""}"
363;"2026-08-15T12:00:00.000Z";"2026-08-15T13:00:00.000Z";4563854.635;"{""TimeSeriesType"":""CTT_SUM_CONS_ACP"",""Res"":""PT1H"",""Uom"":""KWH"",""ReadTS"":""2026-08-15T12:00:00Z"",""Value"":""4563854.635"",""Count"":""3794559""}"
363;"2026-08-15T11:00:00.000Z";"2026-08-15T12:00:00.000Z";4524657.943;"{""TimeSeriesType"":""CTT_SUM_CONS_ACP"",""Res"":""PT1H"",""Uom"":""KWH"",""ReadTS"":""2026-08-15T11:00:00Z"",""Value"":""4524657.943"",""Count"":""3794558""}"
363;"2026-08-15T10:00:00.000Z";"2026-08-15T11:00:00.000Z";4489008.084;"{""TimeSeriesType"":""CTT_SUM_CONS_ACP"",""Res"":""PT1H"",""Uom"":""KWH"",""ReadTS"":""2026-08-15T10:00:00Z"",""Value"":""4489008.084"",""Count"":""3794558""}"
363;"2026-08-15T09:00:00.000Z";"2026-08-15T10:00:00.000Z";4476231.218;"{""TimeSeriesType"":""CTT_SUM_CONS_ACP"",""Res"":""PT1H"",""Uom"":""KWH"",""ReadTS"":""2026-08-15T09:00:00Z"",""Value"":""4476231.218"",""Count"":""3794560""}"
363;"2026-08-15T08:00:00.000Z";"2026-08-15T09:00:00.000Z";4431341.825;"{""TimeSeriesType"":""CTT_SUM_CONS_ACP"",""Res"":""PT1H"",""Uom"":""KWH"",""ReadTS"":""2026-08-15T08:00:00Z"",""Value"":""4431341.825"",""Count"":""3794560""}"
363;"2026-08-15T07:00:00.000Z";"2026-08-15T08:00:00.000Z";4377500.866;"{""TimeSeriesType"":""CTT_SUM_CONS_ACP"",""Res"":""PT1H"",""Uom"":""KWH"",""ReadTS"":""2026-08-15T07:00:00Z"",""Value"":""4377500.866"",""Count"":""3794560""}"
363;"2026-08-15T06:00:00.000Z";"2026-08-15T07:00:00.000Z";4242342.219;"{""TimeSeriesType"":""CTT_SUM_CONS_ACP"",""Res"":""PT1H"",""Uom"":""KWH"",""ReadTS"":""2026-08-15T06:00:00Z"",""Value"":""4242342.219"",""Count"":""3794560""}"
363;"2026-08-15T05:00:00.000Z";"2026-08-15T06:00:00.000Z";4048364.163;"{""TimeSeriesType"":""CTT_SUM_CONS_ACP"",""Res"":""PT1H"",""Uom"":""KWH"",""ReadTS"":""2026-08-15T05:00:00Z"",""Value"":""4048364.163"",""Count"":""3794560""}"
363;"2026-08-15T04:00:00.000Z";"2026-08-15T05:00:00.000Z";3861272.968;"{""TimeSeriesType"":""CTT_SUM_CONS_ACP"",""Res"":""PT1H"",""Uom"":""KWH"",""ReadTS"":""2026-08-15T04:00:00Z"",""Value"":""3861272.968"",""Count"":""3794560""}"
363;"2026-08-15T03:00:00.000Z";"2026-08-15T04:00:00.000Z";3762080.306;"{""TimeSeriesType"":""CTT_SUM_CONS_ACP"",""Res"":""PT1H"",""Uom"":""KWH"",""ReadTS"":""2026-08-15T03:00:00Z"",""Value"":""3762080.306"",""Count"":""3794560""}"
363;"2026-08-15T02:00:00.000Z";"2026-08-15T03:00:00.000Z";3704444.937;"{""TimeSeriesType"":""CTT_SUM_CONS_ACP"",""Res"":""PT1H"",""Uom"":""KWH"",""ReadTS"":""2026-08-15T02:00:00Z"",""Value"":""3704444.937"",""Count"":""3794560""}"
363;"2026-08-15T01:00:00.000Z";"2026-08-15T02:00:00.000Z";3778465.418;"{""TimeSeriesType"":""CTT_SUM_CONS_ACP"",""Res"":""PT1H"",""Uom"":""KWH"",""ReadTS"":""2026-08-15T01:00:00Z"",""Value"":""3778465.418"",""Count"":""3794342""}"
363;"2026-08-15T00:00:00.000Z";"2026-08-15T01:00:00.000Z";3815957.759;"{""TimeSeriesType"":""CTT_SUM_CONS_ACP"",""Res"":""PT1H"",""Uom"":""KWH"",""ReadTS"":""2026-08-15T00:00:00Z"",""Value"":""3815957.759"",""Count"":""3793891""}"
363;"2026-08-14T23:00:00.000Z";"2026-08-15T00:00:00.000Z";3912964.117;"{""TimeSeriesType"":""CTT_SUM_CONS_ACP"",""Res"":""PT1H"",""Uom"":""KWH"",""ReadTS"":""2026-08-14T23:00:00Z"",""Value"":""3912964.117"",""Count"":""3793890""}"
363;"2026-08-14T22:00:00.000Z";"2026-08-14T23:00:00.000Z";4097583.107;"{""TimeSeriesType"":""CTT_SUM_CONS_ACP"",""Res"":""PT1H"",""Uom"":""KWH"",""ReadTS"":""2026-08-14T22:00:00Z"",""Value"":""4097583.107"",""Count"":""3794162""}"
363;"2026-08-14T21:00:00.000Z";"2026-08-14T22:00:00.000Z";4305630.009;"{""TimeSeriesType"":""CTT_SUM_CONS_ACP"",""Res"":""PT1H"",""Uom"":""KWH"",""ReadTS"":""2026-08-14T21:00:00Z"",""Value"":""4305630.009"",""Count"":""3794557""}"
363;"2026-08-14T20:00:00.000Z";"2026-08-14T21:00:00.000Z";4686685.433;"{""TimeSeriesType"":""CTT_SUM_CONS_ACP"",""Res"":""PT1H"",""Uom"":""KWH"",""ReadTS"":""2026-08-14T20:00:00Z"",""Value"":""4686685.433"",""Count"":""3794728""}"
363;"2026-08-14T19:00:00.000Z";"2026-08-14T20:00:00.000Z";5016617.989;"{""TimeSeriesType"":""CTT_SUM_CONS_ACP"",""Res"":""PT1H"",""Uom"":""KWH"",""ReadTS"":""2026-08-14T19:00:00Z"",""Value"":""5016617.989"",""Count"":""3794728""}"
363;"2026-08-14T18:00:00.000Z";"2026-08-14T19:00:00.000Z";5047770.383;"{""TimeSeriesType"":""CTT_SUM_CONS_ACP"",""Res"":""PT1H"",""Uom"":""KWH"",""ReadTS"":""2026-08-14T18:00:00Z"",""Value"":""5047770.383"",""Count"":""3794728""}"
363;"2026-08-14T17:00:00.000Z";"2026-08-14T18:00:00.000Z";5182435.847;"{""TimeSeriesType"":""CTT_SUM_CONS_ACP"",""Res"":""PT1H"",""Uom"":""KWH"",""ReadTS"":""2026-08-14T17:00:00Z"",""Value"":""5182435.847"",""Count"":""3794727""}"
363;"2026-08-14T16:00:00.000Z";"2026-08-14T17:00:00.000Z";5233334.289;"{""TimeSeriesType"":""CTT_SUM_CONS_ACP"",""Res"":""PT1H"",""Uom"":""KWH"",""ReadTS"":""2026-08-14T16:00:00Z"",""Value"":""5233334.289"",""Count"":""3794726""}"
363;"2026-08-14T15:00:00.000Z";"2026-08-14T16:00:00.000Z";5169407.686;"{""TimeSeriesType"":""CTT_SUM_CONS_ACP"",""Res"":""PT1H"",""Uom"":""KWH"",""ReadTS"":""2026-08-14T15:00:00Z"",""Value"":""5169407.686"",""Count"":""3794723""}"
363;"2026-08-14T14:00:00.000Z";"2026-08-14T15:00:00.000Z";5168360.262;"{""TimeSeriesType"":""CTT_SUM_CONS_ACP"",""Res"":""PT1H"",""Uom"":""KWH"",""ReadTS"":""2026-08-14T14:00:00Z"",""Value"":""5168360.262"",""Count"":""3794713""}"
363;"2026-08-14T13:00:00.000Z";"2026-08-14T14:00:00.000Z";5143736.933;"{""TimeSeriesType"":""CTT_SUM_CONS_ACP"",""Res"":""PT1H"",""Uom"":""KWH"",""ReadTS"":""2026-08-14T13:00:00Z"",""Value"":""5143736.933"",""Count"":""3794703""}"
363;"2026-08-14T12:00:00.000Z";"2026-08-14T13:00:00.000Z";5078043.218;"{""TimeSeriesType"":""CTT_SUM_CONS_ACP"",""Res"":""PT1H"",""Uom"":""KWH"",""ReadTS"":""2026-08-14T12:00:00Z"",""Value"":""5078043.218"",""Count"":""3794693""}"
363;"2026-08-14T11:00:00.000Z";"2026-08-14T12:00:00.000Z";5124587.858;"{""TimeSeriesType"":""CTT_SUM_CONS_ACP"",""Res"":""PT1H"",""Uom"":""KWH"",""ReadTS"":""2026-08-14T11:00:00Z"",""Value"":""5124587.858"",""Count"":""3794679""}"
363;"2026-08-14T10:00:00.000Z";"2026-08-14T11:00:00.000Z";5201434.692;"{""TimeSeriesType"":""CTT_SUM_CONS_ACP"",""Res"":""PT1H"",""Uom"":""KWH"",""ReadTS"":""2026-08-14T10:00:00Z"",""Value"":""5201434.692"",""Count"":""3794661""}"
363;"2026-08-14T09:00:00.000Z";"2026-08-14T10:00:00.000Z";5266697.713;"{""TimeSeriesType"":""CTT_SUM_CONS_ACP"",""Res"":""PT1H"",""Uom"":""KWH"",""ReadTS"":""2026-08-14T09:00:00Z"",""Value"":""5266697.713"",""Count"":""3794655""}"
363;"2026-08-14T08:00:00.000Z";"2026-08-14T09:00:00.000Z";5294585.48;"{""TimeSeriesType"":""CTT_SUM_CONS_ACP"",""Res"":""PT1H"",""Uom"":""KWH"",""ReadTS"":""2026-08-14T08:00:00Z"",""Value"":""5294585.48"",""Count"":""3794634""}"
363;"2026-08-14T07:00:00.000Z";"2026-08-14T08:00:00.000Z";5287826.833;"{""TimeSeriesType"":""CTT_SUM_CONS_ACP"",""Res"":""PT1H"",""Uom"":""KWH"",""ReadTS"":""2026-08-14T07:00:00Z"",""Value"":""5287826.833"",""Count"":""3794605""}"
363;"2026-08-14T06:00:00.000Z";"2026-08-14T07:00:00.000Z";5309439.897;"{""TimeSeriesType"":""CTT_SUM_CONS_ACP"",""Res"":""PT1H"",""Uom"":""KWH"",""ReadTS"":""2026-08-14T06:00:00Z"",""Value"":""5309439.897"",""Count"":""3794589""}"
363;"2026-08-14T05:00:00.000Z";"2026-08-14T06:00:00.000Z";5218841.376;"{""TimeSeriesType"":""CTT_SUM_CONS_ACP"",""Res"":""PT1H"",""Uom"":""KWH"",""ReadTS"":""2026-08-14T05:00:00Z"",""Value"":""5218841.376"",""Count"":""3794572""}"
363;"2026-08-14T04:00:00.000Z";"2026-08-14T05:00:00.000Z";5014880.861;"{""TimeSeriesType"":""CTT_SUM_CONS_ACP"",""Res"":""PT1H"",""Uom"":""KWH"",""ReadTS"":""2026-08-14T04:00:00Z"",""Value"":""5014880.861"",""Count"":""3794558""}"
363;"2026-08-14T03:00:00.000Z";"2026-08-14T04:00:00.000Z";4553837.554;"{""TimeSeriesType"":""CTT_SUM_CONS_ACP"",""Res"":""PT1H"",""Uom"":""KWH"",""ReadTS"":""2026-08-14T03:00:00Z"",""Value"":""4553837.554"",""Count"":""3794556""}"
363;"2026-08-14T02:00:00.000Z";"2026-08-14T03:00:00.000Z";4092911.381;"{""TimeSeriesType"":""CTT_SUM_CONS_ACP"",""Res"":""PT1H"",""Uom"":""KWH"",""ReadTS"":""2026-08-14T02:00:00Z"",""Value"":""4092911.381"",""Count"":""3794554""}"
363;"2026-08-14T01:00:00.000Z";"2026-08-14T02:00:00.000Z";4006769.354;"{""TimeSeriesType"":""CTT_SUM_CONS_ACP"",""Res"":""PT1H"",""Uom"":""KWH"",""ReadTS"":""2026-08-14T01:00:00Z"",""Value"":""4006769.354"",""Count"":""3794605""}"
363;"2026-08-14T00:00:00.000Z";"2026-08-14T01:00:00.000Z";3994980.871;"{""TimeSeriesType"":""CTT_SUM_CONS_ACP"",""Res"":""PT1H"",""Uom"":""KWH"",""ReadTS"":""2026-08-14T00:00:00Z"",""Value"":""3994980.871"",""Count"":""3794605""}"
363;"2026-08-13T23:00:00.000Z";"2026-08-14T00:00:00.000Z";4046460.964;"{""TimeSeriesType"":""CTT_SUM_CONS_ACP"",""Res"":""PT1H"",""Uom"":""KWH"",""ReadTS"":""2026-08-13T23:00:00Z"",""Value"":""4046460.964"",""Count"":""3794603""}"
363;"2026-08-13T22:00:00.000Z";"2026-08-13T23:00:00.000Z";4133352.082;"{""TimeSeriesType"":""CTT_SUM_CONS_ACP"",""Res"":""PT1H"",""Uom"":""KWH"",""ReadTS"":""2026-08-13T22:00:00Z"",""Value"":""4133352.082"",""Count"":""3794604""}"
363;"2026-08-13T21:00:00.000Z";"2026-08-13T22:00:00.000Z";4370150.461;"{""TimeSeriesType"":""CTT_SUM_CONS_ACP"",""Res"":""PT1H"",""Uom"":""KWH"",""ReadTS"":""2026-08-13T21:00:00Z"",""Value"":""4370150.461"",""Count"":""3794603""}"
363;"2026-08-13T20:00:00.000Z";"2026-08-13T21:00:00.000Z";4758168.77;"{""TimeSeriesType"":""CTT_SUM_CONS_ACP"",""Res"":""PT1H"",""Uom"":""KWH"",""ReadTS"":""2026-08-13T20:00:00Z"",""Value"":""4758168.77"",""Count"":""3793032""}"
363;"2026-08-13T19:00:00.000Z";"2026-08-13T20:00:00.000Z";5058291.752;"{""TimeSeriesType"":""CTT_SUM_CONS_ACP"",""Res"":""PT1H"",""Uom"":""KWH"",""ReadTS"":""2026-08-13T19:00:00Z"",""Value"":""5058291.752"",""Count"":""3793032""}"
363;"2026-08-13T18:00:00.000Z";"2026-08-13T19:00:00.000Z";4948373.14;"{""TimeSeriesType"":""CTT_SUM_CONS_ACP"",""Res"":""PT1H"",""Uom"":""KWH"",""ReadTS"":""2026-08-13T18:00:00Z"",""Value"":""4948373.14"",""Count"":""3793032""}"
363;"2026-08-13T17:00:00.000Z";"2026-08-13T18:00:00.000Z";5085167.472;"{""TimeSeriesType"":""CTT_SUM_CONS_ACP"",""Res"":""PT1H"",""Uom"":""KWH"",""ReadTS"":""2026-08-13T17:00:00Z"",""Value"":""5085167.472"",""Count"":""3793032""}"
363;"2026-08-13T16:00:00.000Z";"2026-08-13T17:00:00.000Z";5078284.681;"{""TimeSeriesType"":""CTT_SUM_CONS_ACP"",""Res"":""PT1H"",""Uom"":""KWH"",""ReadTS"":""2026-08-13T16:00:00Z"",""Value"":""5078284.681"",""Count"":""3793030""}"
363;"2026-08-13T15:00:00.000Z";"2026-08-13T16:00:00.000Z";5005559.862;"{""TimeSeriesType"":""CTT_SUM_CONS_ACP"",""Res"":""PT1H"",""Uom"":""KWH"",""ReadTS"":""2026-08-13T15:00:00Z"",""Value"":""5005559.862"",""Count"":""3793029""}"
363;"2026-08-13T14:00:00.000Z";"2026-08-13T15:00:00.000Z";5029604.568;"{""TimeSeriesType"":""CTT_SUM_CONS_ACP"",""Res"":""PT1H"",""Uom"":""KWH"",""ReadTS"":""2026-08-13T14:00:00Z"",""Value"":""5029604.568"",""Count"":""3793025""}"
363;"2026-08-13T13:00:00.000Z";"2026-08-13T14:00:00.000Z";5083308.78;"{""TimeSeriesType"":""CTT_SUM_CONS_ACP"",""Res"":""PT1H"",""Uom"":""KWH"",""ReadTS"":""2026-08-13T13:00:00Z"",""Value"":""5083308.78"",""Count"":""3793018""}"
363;"2026-08-13T12:00:00.000Z";"2026-08-13T13:00:00.000Z";5109257.006;"{""TimeSeriesType"":""CTT_SUM_CONS_ACP"",""Res"":""PT1H"",""Uom"":""KWH"",""ReadTS"":""2026-08-13T12:00:00Z"",""Value"":""5109257.006"",""Count"":""3793010""}"
363;"2026-08-13T11:00:00.000Z";"2026-08-13T12:00:00.000Z";5166304.463;"{""TimeSeriesType"":""CTT_SUM_CONS_ACP"",""Res"":""PT1H"",""Uom"":""KWH"",""ReadTS"":""2026-08-13T11:00:00Z"",""Value"":""5166304.463"",""Count"":""3792988""}"
363;"2026-08-13T10:00:00.000Z";"2026-08-13T11:00:00.000Z";5225218.176;"{""TimeSeriesType"":""CTT_SUM_CONS_ACP"",""Res"":""PT1H"",""Uom"":""KWH"",""ReadTS"":""2026-08-13T10:00:00Z"",""Value"":""5225218.176"",""Count"":""3792970""}"
363;"2026-08-13T09:00:00.000Z";"2026-08-13T10:00:00.000Z";5263866.035;"{""TimeSeriesType"":""CTT_SUM_CONS_ACP"",""Res"":""PT1H"",""Uom"":""KWH"",""ReadTS"":""2026-08-13T09:00:00Z"",""Value"":""5263866.035"",""Count"":""3792927""}"
363;"2026-08-13T08:00:00.000Z";"2026-08-13T09:00:00.000Z";5234945.281;"{""TimeSeriesType"":""CTT_SUM_CONS_ACP"",""Res"":""PT1H"",""Uom"":""KWH"",""ReadTS"":""2026-08-13T08:00:00Z"",""Value"":""5234945.281"",""Count"":""3792911""}"
363;"2026-08-13T07:00:00.000Z";"2026-08-13T08:00:00.000Z";5223354.609;"{""TimeSeriesType"":""CTT_SUM_CONS_ACP"",""Res"":""PT1H"",""Uom"":""KWH"",""ReadTS"":""2026-08-13T07:00:00Z"",""Value"":""5223354.609"",""Count"":""3792875""}"
363;"2026-08-13T06:00:00.000Z";"2026-08-13T07:00:00.000Z";5241321.004;"{""TimeSeriesType"":""CTT_SUM_CONS_ACP"",""Res"":""PT1H"",""Uom"":""KWH"",""ReadTS"":""2026-08-13T06:00:00Z"",""Value"":""5241321.004"",""Count"":""3792883""}"
363;"2026-08-13T05:00:00.000Z";"2026-08-13T06:00:00.000Z";5199938.686;"{""TimeSeriesType"":""CTT_SUM_CONS_ACP"",""Res"":""PT1H"",""Uom"":""KWH"",""ReadTS"":""2026-08-13T05:00:00Z"",""Value"":""5199938.686"",""Count"":""3792976""}"
363;"2026-08-13T04:00:00.000Z";"2026-08-13T05:00:00.000Z";5059567.142;"{""TimeSeriesType"":""CTT_SUM_CONS_ACP"",""Res"":""PT1H"",""Uom"":""KWH"",""ReadTS"":""2026-08-13T04:00:00Z"",""Value"":""5059567.142"",""Count"":""3793010""}"
363;"2026-08-13T03:00:00.000Z";"2026-08-13T04:00:00.000Z";4661079.196;"{""TimeSeriesType"":""CTT_SUM_CONS_ACP"",""Res"":""PT1H"",""Uom"":""KWH"",""ReadTS"":""2026-08-13T03:00:00Z"",""Value"":""4661079.196"",""Count"":""3793012""}"
363;"2026-08-13T02:00:00.000Z";"2026-08-13T03:00:00.000Z";4126322.444;"{""TimeSeriesType"":""CTT_SUM_CONS_ACP"",""Res"":""PT1H"",""Uom"":""KWH"",""ReadTS"":""2026-08-13T02:00:00Z"",""Value"":""4126322.444"",""Count"":""3793025""}"
363;"2026-08-13T01:00:00.000Z";"2026-08-13T02:00:00.000Z";4019033.422;"{""TimeSeriesType"":""CTT_SUM_CONS_ACP"",""Res"":""PT1H"",""Uom"":""KWH"",""ReadTS"":""2026-08-13T01:00:00Z"",""Value"":""4019033.422"",""Count"":""3793113""}"
363;"2026-08-13T00:00:00.000Z";"2026-08-13T01:00:00.000Z";4008346.303;"{""TimeSeriesType"":""CTT_SUM_CONS_ACP"",""Res"":""PT1H"",""Uom"":""KWH"",""ReadTS"":""2026-08-13T00:00:00Z"",""Value"":""4008346.303"",""Count"":""3793110""}"
363;"2026-08-12T23:00:00.000Z";"2026-08-13T00:00:00.000Z";4088795.517;"{""TimeSeriesType"":""CTT_SUM_CONS_ACP"",""Res"":""PT1H"",""Uom"":""KWH"",""ReadTS"":""2026-08-12T23:00:00Z"",""Value"":""4088795.517"",""Count"":""3793106""}"
363;"2026-08-12T22:00:00.000Z";"2026-08-12T23:00:00.000Z";4195362.682;"{""TimeSeriesType"":""CTT_SUM_CONS_ACP"",""Res"":""PT1H"",""Uom"":""KWH"",""ReadTS"":""2026-08-12T22:00:00Z"",""Value"":""4195362.682"",""Count"":""3793107""}"
363;"2026-08-12T21:00:00.000Z";"2026-08-12T22:00:00.000Z";4466104.635;"{""TimeSeriesType"":""CTT_SUM_CONS_ACP"",""Res"":""PT1H"",""Uom"":""KWH"",""ReadTS"":""2026-08-12T21:00:00Z"",""Value"":""4466104.635"",""Count"":""3793109""}"
363;"2026-08-12T20:00:00.000Z";"2026-08-12T21:00:00.000Z";4802446.683;"{""TimeSeriesType"":""CTT_SUM_CONS_ACP"",""Res"":""PT1H"",""Uom"":""KWH"",""ReadTS"":""2026-08-12T20:00:00Z"",""Value"":""4802446.683"",""Count"":""3792689""}"
363;"2026-08-12T19:00:00.000Z";"2026-08-12T20:00:00.000Z";5110341.493;"{""TimeSeriesType"":""CTT_SUM_CONS_ACP"",""Res"":""PT1H"",""Uom"":""KWH"",""ReadTS"":""2026-08-12T19:00:00Z"",""Value"":""5110341.493"",""Count"":""3792687""}"
363;"2026-08-12T18:00:00.000Z";"2026-08-12T19:00:00.000Z";5014962.536;"{""TimeSeriesType"":""CTT_SUM_CONS_ACP"",""Res"":""PT1H"",""Uom"":""KWH"",""ReadTS"":""2026-08-12T18:00:00Z"",""Value"":""5014962.536"",""Count"":""3792687""}"
363;"2026-08-12T17:00:00.000Z";"2026-08-12T18:00:00.000Z";5186666.557;"{""TimeSeriesType"":""CTT_SUM_CONS_ACP"",""Res"":""PT1H"",""Uom"":""KWH"",""ReadTS"":""2026-08-12T17:00:00Z"",""Value"":""5186666.557"",""Count"":""3792687""}"
363;"2026-08-12T16:00:00.000Z";"2026-08-12T17:00:00.000Z";5195603.566;"{""TimeSeriesType"":""CTT_SUM_CONS_ACP"",""Res"":""PT1H"",""Uom"":""KWH"",""ReadTS"":""2026-08-12T16:00:00Z"",""Value"":""5195603.566"",""Count"":""3792687""}"
363;"2026-08-12T15:00:00.000Z";"2026-08-12T16:00:00.000Z";5135321.088;"{""TimeSeriesType"":""CTT_SUM_CONS_ACP"",""Res"":""PT1H"",""Uom"":""KWH"",""ReadTS"":""2026-08-12T15:00:00Z"",""Value"":""5135321.088"",""Count"":""3792687""}"
363;"2026-08-12T14:00:00.000Z";"2026-08-12T15:00:00.000Z";5108955.651;"{""TimeSeriesType"":""CTT_SUM_CONS_ACP"",""Res"":""PT1H"",""Uom"":""KWH"",""ReadTS"":""2026-08-12T14:00:00Z"",""Value"":""5108955.651"",""Count"":""3792687""}"
363;"2026-08-12T13:00:00.000Z";"2026-08-12T14:00:00.000Z";5113551.88;"{""TimeSeriesType"":""CTT_SUM_CONS_ACP"",""Res"":""PT1H"",""Uom"":""KWH"",""ReadTS"":""2026-08-12T13:00:00Z"",""Value"":""5113551.88"",""Count"":""3792675""}"
363;"2026-08-12T12:00:00.000Z";"2026-08-12T13:00:00.000Z";5120289.521;"{""TimeSeriesType"":""CTT_SUM_CONS_ACP"",""Res"":""PT1H"",""Uom"":""KWH"",""ReadTS"":""2026-08-12T12:00:00Z"",""Value"":""5120289.521"",""Count"":""3792679""}"
363;"2026-08-12T11:00:00.000Z";"2026-08-12T12:00:00.000Z";5176689.442;"{""TimeSeriesType"":""CTT_SUM_CONS_ACP"",""Res"":""PT1H"",""Uom"":""KWH"",""ReadTS"":""2026-08-12T11:00:00Z"",""Value"":""5176689.442"",""Count"":""3792668""}"
363;"2026-08-12T10:00:00.000Z";"2026-08-12T11:00:00.000Z";5237672.549;"{""TimeSeriesType"":""CTT_SUM_CONS_ACP"",""Res"":""PT1H"",""Uom"":""KWH"",""ReadTS"":""2026-08-12T10:00:00Z"",""Value"":""5237672.549"",""Count"":""3792659""}"
363;"2026-08-12T09:00:00.000Z";"2026-08-12T10:00:00.000Z";5285756.515;"{""TimeSeriesType"":""CTT_SUM_CONS_ACP"",""Res"":""PT1H"",""Uom"":""KWH"",""ReadTS"":""2026-08-12T09:00:00Z"",""Value"":""5285756.515"",""Count"":""3792632""}"
363;"2026-08-12T08:00:00.000Z";"2026-08-12T09:00:00.000Z";5304782.287;"{""TimeSeriesType"":""CTT_SUM_CONS_ACP"",""Res"":""PT1H"",""Uom"":""KWH"",""ReadTS"":""2026-08-12T08:00:00Z"",""Value"":""5304782.287"",""Count"":""3792613""}"
363;"2026-08-12T07:00:00.000Z";"2026-08-12T08:00:00.000Z";5280255.669;"{""TimeSeriesType"":""CTT_SUM_CONS_ACP"",""Res"":""PT1H"",""Uom"":""KWH"",""ReadTS"":""2026-08-12T07:00:00Z"",""Value"":""5280255.669"",""Count"":""3792584""}"
363;"2026-08-12T06:00:00.000Z";"2026-08-12T07:00:00.000Z";5280169.254;"{""TimeSeriesType"":""CTT_SUM_CONS_ACP"",""Res"":""PT1H"",""Uom"":""KWH"",""ReadTS"":""2026-08-12T06:00:00Z"",""Value"":""5280169.254"",""Count"":""3792586""}"
363;"2026-08-12T05:00:00.000Z";"2026-08-12T06:00:00.000Z";5184094.834;"{""TimeSeriesType"":""CTT_SUM_CONS_ACP"",""Res"":""PT1H"",""Uom"":""KWH"",""ReadTS"":""2026-08-12T05:00:00Z"",""Value"":""5184094.834"",""Count"":""3792741""}"
363;"2026-08-12T04:00:00.000Z";"2026-08-12T05:00:00.000Z";5006594.267;"{""TimeSeriesType"":""CTT_SUM_CONS_ACP"",""Res"":""PT1H"",""Uom"":""KWH"",""ReadTS"":""2026-08-12T04:00:00Z"",""Value"":""5006594.267"",""Count"":""3792806""}"
363;"2026-08-12T03:00:00.000Z";"2026-08-12T04:00:00.000Z";4586213.187;"{""TimeSeriesType"":""CTT_SUM_CONS_ACP"",""Res"":""PT1H"",""Uom"":""KWH"",""ReadTS"":""2026-08-12T03:00:00Z"",""Value"":""4586213.187"",""Count"":""3792811""}"
363;"2026-08-12T02:00:00.000Z";"2026-08-12T03:00:00.000Z";4087708.243;"{""TimeSeriesType"":""CTT_SUM_CONS_ACP"",""Res"":""PT1H"",""Uom"":""KWH"",""ReadTS"":""2026-08-12T02:00:00Z"",""Value"":""4087708.243"",""Count"":""3792813""}"
363;"2026-08-12T01:00:00.000Z";"2026-08-12T02:00:00.000Z";4026844.338;"{""TimeSeriesType"":""CTT_SUM_CONS_ACP"",""Res"":""PT1H"",""Uom"":""KWH"",""ReadTS"":""2026-08-12T01:00:00Z"",""Value"":""4026844.338"",""Count"":""3792833""}"
363;"2026-08-12T00:00:00.000Z";"2026-08-12T01:00:00.000Z";4074286.409;"{""TimeSeriesType"":""CTT_SUM_CONS_ACP"",""Res"":""PT1H"",""Uom"":""KWH"",""ReadTS"":""2026-08-12T00:00:00Z"",""Value"":""4074286.409"",""Count"":""3792833""}"
363;"2026-08-11T23:00:00.000Z";"2026-08-12T00:00:00.000Z";4166558.591;"{""TimeSeriesType"":""CTT_SUM_CONS_ACP"",""Res"":""PT1H"",""Uom"":""KWH"",""ReadTS"":""2026-08-11T23:00:00Z"",""Value"":""4166558.591"",""Count"":""3792807""}"
363;"2026-08-11T22:00:00.000Z";"2026-08-11T23:00:00.000Z";4275111.908;"{""TimeSeriesType"":""CTT_SUM_CONS_ACP"",""Res"":""PT1H"",""Uom"":""KWH"",""ReadTS"":""2026-08-11T22:00:00Z"",""Value"":""4275111.908"",""Count"":""3792807""}"
363;"2026-08-11T21:00:00.000Z";"2026-08-11T22:00:00.000Z";4484896.7;"{""TimeSeriesType"":""CTT_SUM_CONS_ACP"",""Res"":""PT1H"",""Uom"":""KWH"",""ReadTS"":""2026-08-11T21:00:00Z"",""Value"":""4484896.7"",""Count"":""3792804""}"
363;"2026-08-11T20:00:00.000Z";"2026-08-11T21:00:00.000Z";4870321.318;"{""TimeSeriesType"":""CTT_SUM_CONS_ACP"",""Res"":""PT1H"",""Uom"":""KWH"",""ReadTS"":""2026-08-11T20:00:00Z"",""Value"":""4870321.318"",""Count"":""3792371""}"
363;"2026-08-11T19:00:00.000Z";"2026-08-11T20:00:00.000Z";5190821.842;"{""TimeSeriesType"":""CTT_SUM_CONS_ACP"",""Res"":""PT1H"",""Uom"":""KWH"",""ReadTS"":""2026-08-11T19:00:00Z"",""Value"":""5190821.842"",""Count"":""3792370""}"
363;"2026-08-11T18:00:00.000Z";"2026-08-11T19:00:00.000Z";5101183.536;"{""TimeSeriesType"":""CTT_SUM_CONS_ACP"",""Res"":""PT1H"",""Uom"":""KWH"",""ReadTS"":""2026-08-11T18:00:00Z"",""Value"":""5101183.536"",""Count"":""3792370""}"
363;"2026-08-11T17:00:00.000Z";"2026-08-11T18:00:00.000Z";5258949.89;"{""TimeSeriesType"":""CTT_SUM_CONS_ACP"",""Res"":""PT1H"",""Uom"":""KWH"",""ReadTS"":""2026-08-11T17:00:00Z"",""Value"":""5258949.89"",""Count"":""3792370""}"
363;"2026-08-11T16:00:00.000Z";"2026-08-11T17:00:00.000Z";5285809.608;"{""TimeSeriesType"":""CTT_SUM_CONS_ACP"",""Res"":""PT1H"",""Uom"":""KWH"",""ReadTS"":""2026-08-11T16:00:00Z"",""Value"":""5285809.608"",""Count"":""3792370""}"
363;"2026-08-11T15:00:00.000Z";"2026-08-11T16:00:00.000Z";5210376.192;"{""TimeSeriesType"":""CTT_SUM_CONS_ACP"",""Res"":""PT1H"",""Uom"":""KWH"",""ReadTS"":""2026-08-11T15:00:00Z"",""Value"":""5210376.192"",""Count"":""3792370""}"
363;"2026-08-11T14:00:00.000Z";"2026-08-11T15:00:00.000Z";5218579.596;"{""TimeSeriesType"":""CTT_SUM_CONS_ACP"",""Res"":""PT1H"",""Uom"":""KWH"",""ReadTS"":""2026-08-11T14:00:00Z"",""Value"":""5218579.596"",""Count"":""3792370""}"
363;"2026-08-11T13:00:00.000Z";"2026-08-11T14:00:00.000Z";5212376.847;"{""TimeSeriesType"":""CTT_SUM_CONS_ACP"",""Res"":""PT1H"",""Uom"":""KWH"",""ReadTS"":""2026-08-11T13:00:00Z"",""Value"":""5212376.847"",""Count"":""3792367""}"
363;"2026-08-11T12:00:00.000Z";"2026-08-11T13:00:00.000Z";5193871.275;"{""TimeSeriesType"":""CTT_SUM_CONS_ACP"",""Res"":""PT1H"",""Uom"":""KWH"",""ReadTS"":""2026-08-11T12:00:00Z"",""Value"":""5193871.275"",""Count"":""3792359""}"
363;"2026-08-11T11:00:00.000Z";"2026-08-11T12:00:00.000Z";5274313.186;"{""TimeSeriesType"":""CTT_SUM_CONS_ACP"",""Res"":""PT1H"",""Uom"":""KWH"",""ReadTS"":""2026-08-11T11:00:00Z"",""Value"":""5274313.186"",""Count"":""3792349""}"
363;"2026-08-11T10:00:00.000Z";"2026-08-11T11:00:00.000Z";5371987.15;"{""TimeSeriesType"":""CTT_SUM_CONS_ACP"",""Res"":""PT1H"",""Uom"":""KWH"",""ReadTS"":""2026-08-11T10:00:00Z"",""Value"":""5371987.15"",""Count"":""3792340""}"
363;"2026-08-11T09:00:00.000Z";"2026-08-11T10:00:00.000Z";5404049.156;"{""TimeSeriesType"":""CTT_SUM_CONS_ACP"",""Res"":""PT1H"",""Uom"":""KWH"",""ReadTS"":""2026-08-11T09:00:00Z"",""Value"":""5404049.156"",""Count"":""3792324""}"
363;"2026-08-11T08:00:00.000Z";"2026-08-11T09:00:00.000Z";5402803.788;"{""TimeSeriesType"":""CTT_SUM_CONS_ACP"",""Res"":""PT1H"",""Uom"":""KWH"",""ReadTS"":""2026-08-11T08:00:00Z"",""Value"":""5402803.788"",""Count"":""3792307""}"
363;"2026-08-11T07:00:00.000Z";"2026-08-11T08:00:00.000Z";5329751.616;"{""TimeSeriesType"":""CTT_SUM_CONS_ACP"",""Res"":""PT1H"",""Uom"":""KWH"",""ReadTS"":""2026-08-11T07:00:00Z"",""Value"":""5329751.616"",""Count"":""3792294""}"
363;"2026-08-11T06:00:00.000Z";"2026-08-11T07:00:00.000Z";5279784.919;"{""TimeSeriesType"":""CTT_SUM_CONS_ACP"",""Res"":""PT1H"",""Uom"":""KWH"",""ReadTS"":""2026-08-11T06:00:00Z"",""Value"":""5279784.919"",""Count"":""3792280""}"
363;"2026-08-11T05:00:00.000Z";"2026-08-11T06:00:00.000Z";5118324.202;"{""TimeSeriesType"":""CTT_SUM_CONS_ACP"",""Res"":""PT1H"",""Uom"":""KWH"",""ReadTS"":""2026-08-11T05:00:00Z"",""Value"":""5118324.202"",""Count"":""3792350""}"
363;"2026-08-11T04:00:00.000Z";"2026-08-11T05:00:00.000Z";4874030.584;"{""TimeSeriesType"":""CTT_SUM_CONS_ACP"",""Res"":""PT1H"",""Uom"":""KWH"",""ReadTS"":""2026-08-11T04:00:00Z"",""Value"":""4874030.584"",""Count"":""3792363""}"
363;"2026-08-11T03:00:00.000Z";"2026-08-11T04:00:00.000Z";4442291.388;"{""TimeSeriesType"":""CTT_SUM_CONS_ACP"",""Res"":""PT1H"",""Uom"":""KWH"",""ReadTS"":""2026-08-11T03:00:00Z"",""Value"":""4442291.388"",""Count"":""3792360""}"
363;"2026-08-11T02:00:00.000Z";"2026-08-11T03:00:00.000Z";3967236.834;"{""TimeSeriesType"":""CTT_SUM_CONS_ACP"",""Res"":""PT1H"",""Uom"":""KWH"",""ReadTS"":""2026-08-11T02:00:00Z"",""Value"":""3967236.834"",""Count"":""3792366""}"
363;"2026-08-11T01:00:00.000Z";"2026-08-11T02:00:00.000Z";3882478.837;"{""TimeSeriesType"":""CTT_SUM_CONS_ACP"",""Res"":""PT1H"",""Uom"":""KWH"",""ReadTS"":""2026-08-11T01:00:00Z"",""Value"":""3882478.837"",""Count"":""3792415""}"
363;"2026-08-11T00:00:00.000Z";"2026-08-11T01:00:00.000Z";3877527.07;"{""TimeSeriesType"":""CTT_SUM_CONS_ACP"",""Res"":""PT1H"",""Uom"":""KWH"",""ReadTS"":""2026-08-11T00:00:00Z"",""Value"":""3877527.07"",""Count"":""3792415""}"
363;"2026-08-10T23:00:00.000Z";"2026-08-11T00:00:00.000Z";3940878.021;"{""TimeSeriesType"":""CTT_SUM_CONS_ACP"",""Res"":""PT1H"",""Uom"":""KWH"",""ReadTS"":""2026-08-10T23:00:00Z"",""Value"":""3940878.021"",""Count"":""3792411""}"
363;"2026-08-10T22:00:00.000Z";"2026-08-10T23:00:00.000Z";4048062.255;"{""TimeSeriesType"":""CTT_SUM_CONS_ACP"",""Res"":""PT1H"",""Uom"":""KWH"",""ReadTS"":""2026-08-10T22:00:00Z"",""Value"":""4048062.255"",""Count"":""3792411""}"
363;"2026-08-10T21:00:00.000Z";"2026-08-10T22:00:00.000Z";4323705.301;"{""TimeSeriesType"":""CTT_SUM_CONS_ACP"",""Res"":""PT1H"",""Uom"":""KWH"",""ReadTS"":""2026-08-10T21:00:00Z"",""Value"":""4323705.301"",""Count"":""3792410""}"
363;"2026-08-10T20:00:00.000Z";"2026-08-10T21:00:00.000Z";4727755.195;"{""TimeSeriesType"":""CTT_SUM_CONS_ACP"",""Res"":""PT1H"",""Uom"":""KWH"",""ReadTS"":""2026-08-10T20:00:00Z"",""Value"":""4727755.195"",""Count"":""3792295""}"
363;"2026-08-10T19:00:00.000Z";"2026-08-10T20:00:00.000Z";5019863.432;"{""TimeSeriesType"":""CTT_SUM_CONS_ACP"",""Res"":""PT1H"",""Uom"":""KWH"",""ReadTS"":""2026-08-10T19:00:00Z"",""Value"":""5019863.432"",""Count"":""3792295""}"
363;"2026-08-10T18:00:00.000Z";"2026-08-10T19:00:00.000Z";4996473.136;"{""TimeSeriesType"":""CTT_SUM_CONS_ACP"",""Res"":""PT1H"",""Uom"":""KWH"",""ReadTS"":""2026-08-10T18:00:00Z"",""Value"":""4996473.136"",""Count"":""3792295""}"
363;"2026-08-10T17:00:00.000Z";"2026-08-10T18:00:00.000Z";5191428.355;"{""TimeSeriesType"":""CTT_SUM_CONS_ACP"",""Res"":""PT1H"",""Uom"":""KWH"",""ReadTS"":""2026-08-10T17:00:00Z"",""Value"":""5191428.355"",""Count"":""3792294""}"
363;"2026-08-10T16:00:00.000Z";"2026-08-10T17:00:00.000Z";5262330.952;"{""TimeSeriesType"":""CTT_SUM_CONS_ACP"",""Res"":""PT1H"",""Uom"":""KWH"",""ReadTS"":""2026-08-10T16:00:00Z"",""Value"":""5262330.952"",""Count"":""3792294""}"
363;"2026-08-10T15:00:00.000Z";"2026-08-10T16:00:00.000Z";5219656.313;"{""TimeSeriesType"":""CTT_SUM_CONS_ACP"",""Res"":""PT1H"",""Uom"":""KWH"",""ReadTS"":""2026-08-10T15:00:00Z"",""Value"":""5219656.313"",""Count"":""3792291""}"
363;"2026-08-10T14:00:00.000Z";"2026-08-10T15:00:00.000Z";5235655.136;"{""TimeSeriesType"":""CTT_SUM_CONS_ACP"",""Res"":""PT1H"",""Uom"":""KWH"",""ReadTS"":""2026-08-10T14:00:00Z"",""Value"":""5235655.136"",""Count"":""3792284""}"
363;"2026-08-10T13:00:00.000Z";"2026-08-10T14:00:00.000Z";5263598.197;"{""TimeSeriesType"":""CTT_SUM_CONS_ACP"",""Res"":""PT1H"",""Uom"":""KWH"",""ReadTS"":""2026-08-10T13:00:00Z"",""Value"":""5263598.197"",""Count"":""3792279""}"
363;"2026-08-10T12:00:00.000Z";"2026-08-10T13:00:00.000Z";5317888.648;"{""TimeSeriesType"":""CTT_SUM_CONS_ACP"",""Res"":""PT1H"",""Uom"":""KWH"",""ReadTS"":""2026-08-10T12:00:00Z"",""Value"":""5317888.648"",""Count"":""3792272""}"
363;"2026-08-10T11:00:00.000Z";"2026-08-10T12:00:00.000Z";5356484.825;"{""TimeSeriesType"":""CTT_SUM_CONS_ACP"",""Res"":""PT1H"",""Uom"":""KWH"",""ReadTS"":""2026-08-10T11:00:00Z"",""Value"":""5356484.825"",""Count"":""3792255""}"
363;"2026-08-10T10:00:00.000Z";"2026-08-10T11:00:00.000Z";5337320.489;"{""TimeSeriesType"":""CTT_SUM_CONS_ACP"",""Res"":""PT1H"",""Uom"":""KWH"",""ReadTS"":""2026-08-10T10:00:00Z"",""Value"":""5337320.489"",""Count"":""3792242""}"
363;"2026-08-10T09:00:00.000Z";"2026-08-10T10:00:00.000Z";5341060.404;"{""TimeSeriesType"":""CTT_SUM_CONS_ACP"",""Res"":""PT1H"",""Uom"":""KWH"",""ReadTS"":""2026-08-10T09:00:00Z"",""Value"":""5341060.404"",""Count"":""3792224""}"
363;"2026-08-10T08:00:00.000Z";"2026-08-10T09:00:00.000Z";5261918.935;"{""TimeSeriesType"":""CTT_SUM_CONS_ACP"",""Res"":""PT1H"",""Uom"":""KWH"",""ReadTS"":""2026-08-10T08:00:00Z"",""Value"":""5261918.935"",""Count"":""3792212""}"
363;"2026-08-10T07:00:00.000Z";"2026-08-10T08:00:00.000Z";5185983.385;"{""TimeSeriesType"":""CTT_SUM_CONS_ACP"",""Res"":""PT1H"",""Uom"":""KWH"",""ReadTS"":""2026-08-10T07:00:00Z"",""Value"":""5185983.385"",""Count"":""3792202""}"
363;"2026-08-10T06:00:00.000Z";"2026-08-10T07:00:00.000Z";5125475.049;"{""TimeSeriesType"":""CTT_SUM_CONS_ACP"",""Res"":""PT1H"",""Uom"":""KWH"",""ReadTS"":""2026-08-10T06:00:00Z"",""Value"":""5125475.049"",""Count"":""3792212""}"
363;"2026-08-10T05:00:00.000Z";"2026-08-10T06:00:00.000Z";4964853.51;"{""TimeSeriesType"":""CTT_SUM_CONS_ACP"",""Res"":""PT1H"",""Uom"":""KWH"",""ReadTS"":""2026-08-10T05:00:00Z"",""Value"":""4964853.51"",""Count"":""3792380""}"
363;"2026-08-10T04:00:00.000Z";"2026-08-10T05:00:00.000Z";4679387.272;"{""TimeSeriesType"":""CTT_SUM_CONS_ACP"",""Res"":""PT1H"",""Uom"":""KWH"",""ReadTS"":""2026-08-10T04:00:00Z"",""Value"":""4679387.272"",""Count"":""3792429""}"
363;"2026-08-10T03:00:00.000Z";"2026-08-10T04:00:00.000Z";4239486.894;"{""TimeSeriesType"":""CTT_SUM_CONS_ACP"",""Res"":""PT1H"",""Uom"":""KWH"",""ReadTS"":""2026-08-10T03:00:00Z"",""Value"":""4239486.894"",""Count"":""3792432""}"
363;"2026-08-10T02:00:00.000Z";"2026-08-10T03:00:00.000Z";3754198.021;"{""TimeSeriesType"":""CTT_SUM_CONS_ACP"",""Res"":""PT1H"",""Uom"":""KWH"",""ReadTS"":""2026-08-10T02:00:00Z"",""Value"":""3754198.021"",""Count"":""3792437""}"
363;"2026-08-10T01:00:00.000Z";"2026-08-10T02:00:00.000Z";3692621.088;"{""TimeSeriesType"":""CTT_SUM_CONS_ACP"",""Res"":""PT1H"",""Uom"":""KWH"",""ReadTS"":""2026-08-10T01:00:00Z"",""Value"":""3692621.088"",""Count"":""3792483""}"
363;"2026-08-10T00:00:00.000Z";"2026-08-10T01:00:00.000Z";3714160.114;"{""TimeSeriesType"":""CTT_SUM_CONS_ACP"",""Res"":""PT1H"",""Uom"":""KWH"",""ReadTS"":""2026-08-10T00:00:00Z"",""Value"":""3714160.114"",""Count"":""3792483""}"
363;"2026-08-09T23:00:00.000Z";"2026-08-10T00:00:00.000Z";3769975.591;"{""TimeSeriesType"":""CTT_SUM_CONS_ACP"",""Res"":""PT1H"",""Uom"":""KWH"",""ReadTS"":""2026-08-09T23:00:00Z"",""Value"":""3769975.591"",""Count"":""3792484""}"
363;"2026-08-09T22:00:00.000Z";"2026-08-09T23:00:00.000Z";3915728.079;"{""TimeSeriesType"":""CTT_SUM_CONS_ACP"",""Res"":""PT1H"",""Uom"":""KWH"",""ReadTS"":""2026-08-09T22:00:00Z"",""Value"":""3915728.079"",""Count"":""3792483""}"
363;"2026-08-09T21:00:00.000Z";"2026-08-09T22:00:00.000Z";4173523.226;"{""TimeSeriesType"":""CTT_SUM_CONS_ACP"",""Res"":""PT1H"",""Uom"":""KWH"",""ReadTS"":""2026-08-09T21:00:00Z"",""Value"":""4173523.226"",""Count"":""3792484""}"
363;"2026-08-09T20:00:00.000Z";"2026-08-09T21:00:00.000Z";4516780.414;"{""TimeSeriesType"":""CTT_SUM_CONS_ACP"",""Res"":""PT1H"",""Uom"":""KWH"",""ReadTS"":""2026-08-09T20:00:00Z"",""Value"":""4516780.414"",""Count"":""3791642""}"
363;"2026-08-09T19:00:00.000Z";"2026-08-09T20:00:00.000Z";4787630.496;"{""TimeSeriesType"":""CTT_SUM_CONS_ACP"",""Res"":""PT1H"",""Uom"":""KWH"",""ReadTS"":""2026-08-09T19:00:00Z"",""Value"":""4787630.496"",""Count"":""3791641""}"
363;"2026-08-09T18:00:00.000Z";"2026-08-09T19:00:00.000Z";4570913.975;"{""TimeSeriesType"":""CTT_SUM_CONS_ACP"",""Res"":""PT1H"",""Uom"":""KWH"",""ReadTS"":""2026-08-09T18:00:00Z"",""Value"":""4570913.975"",""Count"":""3791642""}"
363;"2026-08-09T17:00:00.000Z";"2026-08-09T18:00:00.000Z";4691834.622;"{""TimeSeriesType"":""CTT_SUM_CONS_ACP"",""Res"":""PT1H"",""Uom"":""KWH"",""ReadTS"":""2026-08-09T17:00:00Z"",""Value"":""4691834.622"",""Count"":""3791641""}"
363;"2026-08-09T16:00:00.000Z";"2026-08-09T17:00:00.000Z";4694560.084;"{""TimeSeriesType"":""CTT_SUM_CONS_ACP"",""Res"":""PT1H"",""Uom"":""KWH"",""ReadTS"":""2026-08-09T16:00:00Z"",""Value"":""4694560.084"",""Count"":""3791641""}"
363;"2026-08-09T15:00:00.000Z";"2026-08-09T16:00:00.000Z";4602777.528;"{""TimeSeriesType"":""CTT_SUM_CONS_ACP"",""Res"":""PT1H"",""Uom"":""KWH"",""ReadTS"":""2026-08-09T15:00:00Z"",""Value"":""4602777.528"",""Count"":""3791641""}"
363;"2026-08-09T14:00:00.000Z";"2026-08-09T15:00:00.000Z";4518821.474;"{""TimeSeriesType"":""CTT_SUM_CONS_ACP"",""Res"":""PT1H"",""Uom"":""KWH"",""ReadTS"":""2026-08-09T14:00:00Z"",""Value"":""4518821.474"",""Count"":""3791641""}"
363;"2026-08-09T13:00:00.000Z";"2026-08-09T14:00:00.000Z";4442124.102;"{""TimeSeriesType"":""CTT_SUM_CONS_ACP"",""Res"":""PT1H"",""Uom"":""KWH"",""ReadTS"":""2026-08-09T13:00:00Z"",""Value"":""4442124.102"",""Count"":""3791641""}"
363;"2026-08-09T12:00:00.000Z";"2026-08-09T13:00:00.000Z";4404886.325;"{""TimeSeriesType"":""CTT_SUM_CONS_ACP"",""Res"":""PT1H"",""Uom"":""KWH"",""ReadTS"":""2026-08-09T12:00:00Z"",""Value"":""4404886.325"",""Count"":""3791640""}"
363;"2026-08-09T11:00:00.000Z";"2026-08-09T12:00:00.000Z";4409909.595;"{""TimeSeriesType"":""CTT_SUM_CONS_ACP"",""Res"":""PT1H"",""Uom"":""KWH"",""ReadTS"":""2026-08-09T11:00:00Z"",""Value"":""4409909.595"",""Count"":""3791641""}"
363;"2026-08-09T10:00:00.000Z";"2026-08-09T11:00:00.000Z";4422983.812;"{""TimeSeriesType"":""CTT_SUM_CONS_ACP"",""Res"":""PT1H"",""Uom"":""KWH"",""ReadTS"":""2026-08-09T10:00:00Z"",""Value"":""4422983.812"",""Count"":""3791641""}"
363;"2026-08-09T09:00:00.000Z";"2026-08-09T10:00:00.000Z";4382725.66;"{""TimeSeriesType"":""CTT_SUM_CONS_ACP"",""Res"":""PT1H"",""Uom"":""KWH"",""ReadTS"":""2026-08-09T09:00:00Z"",""Value"":""4382725.66"",""Count"":""3791642""}"
363;"2026-08-09T08:00:00.000Z";"2026-08-09T09:00:00.000Z";4311022.549;"{""TimeSeriesType"":""CTT_SUM_CONS_ACP"",""Res"":""PT1H"",""Uom"":""KWH"",""ReadTS"":""2026-08-09T08:00:00Z"",""Value"":""4311022.549"",""Count"":""3791642""}"
363;"2026-08-09T07:00:00.000Z";"2026-08-09T08:00:00.000Z";4115080.716;"{""TimeSeriesType"":""CTT_SUM_CONS_ACP"",""Res"":""PT1H"",""Uom"":""KWH"",""ReadTS"":""2026-08-09T07:00:00Z"",""Value"":""4115080.716"",""Count"":""3791642""}"
363;"2026-08-09T06:00:00.000Z";"2026-08-09T07:00:00.000Z";3932667.519;"{""TimeSeriesType"":""CTT_SUM_CONS_ACP"",""Res"":""PT1H"",""Uom"":""KWH"",""ReadTS"":""2026-08-09T06:00:00Z"",""Value"":""3932667.519"",""Count"":""3791642""}"
363;"2026-08-09T05:00:00.000Z";"2026-08-09T06:00:00.000Z";3748209.756;"{""TimeSeriesType"":""CTT_SUM_CONS_ACP"",""Res"":""PT1H"",""Uom"":""KWH"",""ReadTS"":""2026-08-09T05:00:00Z"",""Value"":""3748209.756"",""Count"":""3791642""}"
363;"2026-08-09T04:00:00.000Z";"2026-08-09T05:00:00.000Z";3594236.274;"{""TimeSeriesType"":""CTT_SUM_CONS_ACP"",""Res"":""PT1H"",""Uom"":""KWH"",""ReadTS"":""2026-08-09T04:00:00Z"",""Value"":""3594236.274"",""Count"":""3791642""}"
363;"2026-08-09T03:00:00.000Z";"2026-08-09T04:00:00.000Z";3552891.679;"{""TimeSeriesType"":""CTT_SUM_CONS_ACP"",""Res"":""PT1H"",""Uom"":""KWH"",""ReadTS"":""2026-08-09T03:00:00Z"",""Value"":""3552891.679"",""Count"":""3791642""}"
363;"2026-08-09T02:00:00.000Z";"2026-08-09T03:00:00.000Z";3518599.866;"{""TimeSeriesType"":""CTT_SUM_CONS_ACP"",""Res"":""PT1H"",""Uom"":""KWH"",""ReadTS"":""2026-08-09T02:00:00Z"",""Value"":""3518599.866"",""Count"":""3791642""}"
363;"2026-08-09T01:00:00.000Z";"2026-08-09T02:00:00.000Z";3630623.241;"{""TimeSeriesType"":""CTT_SUM_CONS_ACP"",""Res"":""PT1H"",""Uom"":""KWH"",""ReadTS"":""2026-08-09T01:00:00Z"",""Value"":""3630623.241"",""Count"":""3791642""}"
363;"2026-08-09T00:00:00.000Z";"2026-08-09T01:00:00.000Z";3709711.675;"{""TimeSeriesType"":""CTT_SUM_CONS_ACP"",""Res"":""PT1H"",""Uom"":""KWH"",""ReadTS"":""2026-08-09T00:00:00Z"",""Value"":""3709711.675"",""Count"":""3791642""}"
363;"2026-08-08T23:00:00.000Z";"2026-08-09T00:00:00.000Z";3800779.217;"{""TimeSeriesType"":""CTT_SUM_CONS_ACP"",""Res"":""PT1H"",""Uom"":""KWH"",""ReadTS"":""2026-08-08T23:00:00Z"",""Value"":""3800779.217"",""Count"":""3791632""}"
363;"2026-08-08T22:00:00.000Z";"2026-08-08T23:00:00.000Z";3963694.733;"{""TimeSeriesType"":""CTT_SUM_CONS_ACP"",""Res"":""PT1H"",""Uom"":""KWH"",""ReadTS"":""2026-08-08T22:00:00Z"",""Value"":""3963694.733"",""Count"":""3791632""}"
363;"2026-08-08T21:00:00.000Z";"2026-08-08T22:00:00.000Z";4229138.551;"{""TimeSeriesType"":""CTT_SUM_CONS_ACP"",""Res"":""PT1H"",""Uom"":""KWH"",""ReadTS"":""2026-08-08T21:00:00Z"",""Value"":""4229138.551"",""Count"":""3791633""}"
363;"2026-08-08T20:00:00.000Z";"2026-08-08T21:00:00.000Z";4553376.512;"{""TimeSeriesType"":""CTT_SUM_CONS_ACP"",""Res"":""PT1H"",""Uom"":""KWH"",""ReadTS"":""2026-08-08T20:00:00Z"",""Value"":""4553376.512"",""Count"":""3791657""}"
363;"2026-08-08T19:00:00.000Z";"2026-08-08T20:00:00.000Z";4755376.491;"{""TimeSeriesType"":""CTT_SUM_CONS_ACP"",""Res"":""PT1H"",""Uom"":""KWH"",""ReadTS"":""2026-08-08T19:00:00Z"",""Value"":""4755376.491"",""Count"":""3791656""}"
363;"2026-08-08T18:00:00.000Z";"2026-08-08T19:00:00.000Z";4581839.421;"{""TimeSeriesType"":""CTT_SUM_CONS_ACP"",""Res"":""PT1H"",""Uom"":""KWH"",""ReadTS"":""2026-08-08T18:00:00Z"",""Value"":""4581839.421"",""Count"":""3791657""}"
363;"2026-08-08T17:00:00.000Z";"2026-08-08T18:00:00.000Z";4721305.639;"{""TimeSeriesType"":""CTT_SUM_CONS_ACP"",""Res"":""PT1H"",""Uom"":""KWH"",""ReadTS"":""2026-08-08T17:00:00Z"",""Value"":""4721305.639"",""Count"":""3791656""}"
363;"2026-08-08T16:00:00.000Z";"2026-08-08T17:00:00.000Z";4775792.692;"{""TimeSeriesType"":""CTT_SUM_CONS_ACP"",""Res"":""PT1H"",""Uom"":""KWH"",""ReadTS"":""2026-08-08T16:00:00Z"",""Value"":""4775792.692"",""Count"":""3791656""}"
363;"2026-08-08T15:00:00.000Z";"2026-08-08T16:00:00.000Z";4720149.492;"{""TimeSeriesType"":""CTT_SUM_CONS_ACP"",""Res"":""PT1H"",""Uom"":""KWH"",""ReadTS"":""2026-08-08T15:00:00Z"",""Value"":""4720149.492"",""Count"":""3791656""}"
363;"2026-08-08T14:00:00.000Z";"2026-08-08T15:00:00.000Z";4635853.932;"{""TimeSeriesType"":""CTT_SUM_CONS_ACP"",""Res"":""PT1H"",""Uom"":""KWH"",""ReadTS"":""2026-08-08T14:00:00Z"",""Value"":""4635853.932"",""Count"":""3791655""}"
363;"2026-08-08T13:00:00.000Z";"2026-08-08T14:00:00.000Z";4550698.741;"{""TimeSeriesType"":""CTT_SUM_CONS_ACP"",""Res"":""PT1H"",""Uom"":""KWH"",""ReadTS"":""2026-08-08T13:00:00Z"",""Value"":""4550698.741"",""Count"":""3791655""}"
363;"2026-08-08T12:00:00.000Z";"2026-08-08T13:00:00.000Z";4492451.306;"{""TimeSeriesType"":""CTT_SUM_CONS_ACP"",""Res"":""PT1H"",""Uom"":""KWH"",""ReadTS"":""2026-08-08T12:00:00Z"",""Value"":""4492451.306"",""Count"":""3791655""}"
363;"2026-08-08T11:00:00.000Z";"2026-08-08T12:00:00.000Z";4456637.028;"{""TimeSeriesType"":""CTT_SUM_CONS_ACP"",""Res"":""PT1H"",""Uom"":""KWH"",""ReadTS"":""2026-08-08T11:00:00Z"",""Value"":""4456637.028"",""Count"":""3791654""}"
363;"2026-08-08T10:00:00.000Z";"2026-08-08T11:00:00.000Z";4446955.892;"{""TimeSeriesType"":""CTT_SUM_CONS_ACP"",""Res"":""PT1H"",""Uom"":""KWH"",""ReadTS"":""2026-08-08T10:00:00Z"",""Value"":""4446955.892"",""Count"":""3791653""}"
363;"2026-08-08T09:00:00.000Z";"2026-08-08T10:00:00.000Z";4438374.418;"{""TimeSeriesType"":""CTT_SUM_CONS_ACP"",""Res"":""PT1H"",""Uom"":""KWH"",""ReadTS"":""2026-08-08T09:00:00Z"",""Value"":""4438374.418"",""Count"":""3791652""}"
363;"2026-08-08T08:00:00.000Z";"2026-08-08T09:00:00.000Z";4400602.071;"{""TimeSeriesType"":""CTT_SUM_CONS_ACP"",""Res"":""PT1H"",""Uom"":""KWH"",""ReadTS"":""2026-08-08T08:00:00Z"",""Value"":""4400602.071"",""Count"":""3791651""}"
363;"2026-08-08T07:00:00.000Z";"2026-08-08T08:00:00.000Z";4290009.985;"{""TimeSeriesType"":""CTT_SUM_CONS_ACP"",""Res"":""PT1H"",""Uom"":""KWH"",""ReadTS"":""2026-08-08T07:00:00Z"",""Value"":""4290009.985"",""Count"":""3791652""}"
363;"2026-08-08T06:00:00.000Z";"2026-08-08T07:00:00.000Z";4124926.445;"{""TimeSeriesType"":""CTT_SUM_CONS_ACP"",""Res"":""PT1H"",""Uom"":""KWH"",""ReadTS"":""2026-08-08T06:00:00Z"",""Value"":""4124926.445"",""Count"":""3791652""}"
363;"2026-08-08T05:00:00.000Z";"2026-08-08T06:00:00.000Z";3935149.027;"{""TimeSeriesType"":""CTT_SUM_CONS_ACP"",""Res"":""PT1H"",""Uom"":""KWH"",""ReadTS"":""2026-08-08T05:00:00Z"",""Value"":""3935149.027"",""Count"":""3791652""}"
363;"2026-08-08T04:00:00.000Z";"2026-08-08T05:00:00.000Z";3782269.169;"{""TimeSeriesType"":""CTT_SUM_CONS_ACP"",""Res"":""PT1H"",""Uom"":""KWH"",""ReadTS"":""2026-08-08T04:00:00Z"",""Value"":""3782269.169"",""Count"":""3791652""}"
363;"2026-08-08T03:00:00.000Z";"2026-08-08T04:00:00.000Z";3708330.402;"{""TimeSeriesType"":""CTT_SUM_CONS_ACP"",""Res"":""PT1H"",""Uom"":""KWH"",""ReadTS"":""2026-08-08T03:00:00Z"",""Value"":""3708330.402"",""Count"":""3791652""}"
363;"2026-08-08T02:00:00.000Z";"2026-08-08T03:00:00.000Z";3611587.969;"{""TimeSeriesType"":""CTT_SUM_CONS_ACP"",""Res"":""PT1H"",""Uom"":""KWH"",""ReadTS"":""2026-08-08T02:00:00Z"",""Value"":""3611587.969"",""Count"":""3791651""}"
363;"2026-08-08T01:00:00.000Z";"2026-08-08T02:00:00.000Z";3663369.467;"{""TimeSeriesType"":""CTT_SUM_CONS_ACP"",""Res"":""PT1H"",""Uom"":""KWH"",""ReadTS"":""2026-08-08T01:00:00Z"",""Value"":""3663369.467"",""Count"":""3791651""}"
363;"2026-08-08T00:00:00.000Z";"2026-08-08T01:00:00.000Z";3715559.393;"{""TimeSeriesType"":""CTT_SUM_CONS_ACP"",""Res"":""PT1H"",""Uom"":""KWH"",""ReadTS"":""2026-08-08T00:00:00Z"",""Value"":""3715559.393"",""Count"":""3791651""}"
363;"2026-08-07T23:00:00.000Z";"2026-08-08T00:00:00.000Z";3791095.005;"{""TimeSeriesType"":""CTT_SUM_CONS_ACP"",""Res"":""PT1H"",""Uom"":""KWH"",""ReadTS"":""2026-08-07T23:00:00Z"",""Value"":""3791095.005"",""Count"":""3791665""}"
363;"2026-08-07T22:00:00.000Z";"2026-08-07T23:00:00.000Z";3940237.096;"{""TimeSeriesType"":""CTT_SUM_CONS_ACP"",""Res"":""PT1H"",""Uom"":""KWH"",""ReadTS"":""2026-08-07T22:00:00Z"",""Value"":""3940237.096"",""Count"":""3791665""}"
363;"2026-08-07T21:00:00.000Z";"2026-08-07T22:00:00.000Z";4204252.101;"{""TimeSeriesType"":""CTT_SUM_CONS_ACP"",""Res"":""PT1H"",""Uom"":""KWH"",""ReadTS"":""2026-08-07T21:00:00Z"",""Value"":""4204252.101"",""Count"":""3791665""}"
363;"2026-08-07T20:00:00.000Z";"2026-08-07T21:00:00.000Z";4598778.961;"{""TimeSeriesType"":""CTT_SUM_CONS_ACP"",""Res"":""PT1H"",""Uom"":""KWH"",""ReadTS"":""2026-08-07T20:00:00Z"",""Value"":""4598778.961"",""Count"":""3791874""}"
363;"2026-08-07T19:00:00.000Z";"2026-08-07T20:00:00.000Z";4874382.28;"{""TimeSeriesType"":""CTT_SUM_CONS_ACP"",""Res"":""PT1H"",""Uom"":""KWH"",""ReadTS"":""2026-08-07T19:00:00Z"",""Value"":""4874382.28"",""Count"":""3791874""}"
363;"2026-08-07T18:00:00.000Z";"2026-08-07T19:00:00.000Z";4767115.719;"{""TimeSeriesType"":""CTT_SUM_CONS_ACP"",""Res"":""PT1H"",""Uom"":""KWH"",""ReadTS"":""2026-08-07T18:00:00Z"",""Value"":""4767115.719"",""Count"":""3791874""}"
363;"2026-08-07T17:00:00.000Z";"2026-08-07T18:00:00.000Z";4959789.479;"{""TimeSeriesType"":""CTT_SUM_CONS_ACP"",""Res"":""PT1H"",""Uom"":""KWH"",""ReadTS"":""2026-08-07T17:00:00Z"",""Value"":""4959789.479"",""Count"":""3791872""}"
363;"2026-08-07T16:00:00.000Z";"2026-08-07T17:00:00.000Z";5027845.101;"{""TimeSeriesType"":""CTT_SUM_CONS_ACP"",""Res"":""PT1H"",""Uom"":""KWH"",""ReadTS"":""2026-08-07T16:00:00Z"",""Value"":""5027845.101"",""Count"":""3791872""}"
363;"2026-08-07T15:00:00.000Z";"2026-08-07T16:00:00.000Z";4988920.05;"{""TimeSeriesType"":""CTT_SUM_CONS_ACP"",""Res"":""PT1H"",""Uom"":""KWH"",""ReadTS"":""2026-08-07T15:00:00Z"",""Value"":""4988920.05"",""Count"":""3791872""}"
363;"2026-08-07T14:00:00.000Z";"2026-08-07T15:00:00.000Z";5026484.114;"{""TimeSeriesType"":""CTT_SUM_CONS_ACP"",""Res"":""PT1H"",""Uom"":""KWH"",""ReadTS"":""2026-08-07T14:00:00Z"",""Value"":""5026484.114"",""Count"":""3791869""}"
363;"2026-08-07T13:00:00.000Z";"2026-08-07T14:00:00.000Z";5043713.005;"{""TimeSeriesType"":""CTT_SUM_CONS_ACP"",""Res"":""PT1H"",""Uom"":""KWH"",""ReadTS"":""2026-08-07T13:00:00Z"",""Value"":""5043713.005"",""Count"":""3791861""}"
363;"2026-08-07T12:00:00.000Z";"2026-08-07T13:00:00.000Z";5003231.646;"{""TimeSeriesType"":""CTT_SUM_CONS_ACP"",""Res"":""PT1H"",""Uom"":""KWH"",""ReadTS"":""2026-08-07T12:00:00Z"",""Value"":""5003231.646"",""Count"":""3791858""}"
363;"2026-08-07T11:00:00.000Z";"2026-08-07T12:00:00.000Z";5048811.41;"{""TimeSeriesType"":""CTT_SUM_CONS_ACP"",""Res"":""PT1H"",""Uom"":""KWH"",""ReadTS"":""2026-08-07T11:00:00Z"",""Value"":""5048811.41"",""Count"":""3791853""}"
363;"2026-08-07T10:00:00.000Z";"2026-08-07T11:00:00.000Z";5157597.404;"{""TimeSeriesType"":""CTT_SUM_CONS_ACP"",""Res"":""PT1H"",""Uom"":""KWH"",""ReadTS"":""2026-08-07T10:00:00Z"",""Value"":""5157597.404"",""Count"":""3791836""}"
363;"2026-08-07T09:00:00.000Z";"2026-08-07T10:00:00.000Z";5232927.828;"{""TimeSeriesType"":""CTT_SUM_CONS_ACP"",""Res"":""PT1H"",""Uom"":""KWH"",""ReadTS"":""2026-08-07T09:00:00Z"",""Value"":""5232927.828"",""Count"":""3791825""}"
363;"2026-08-07T08:00:00.000Z";"2026-08-07T09:00:00.000Z";5231355.588;"{""TimeSeriesType"":""CTT_SUM_CONS_ACP"",""Res"":""PT1H"",""Uom"":""KWH"",""ReadTS"":""2026-08-07T08:00:00Z"",""Value"":""5231355.588"",""Count"":""3791795""}"
363;"2026-08-07T07:00:00.000Z";"2026-08-07T08:00:00.000Z";5188696.881;"{""TimeSeriesType"":""CTT_SUM_CONS_ACP"",""Res"":""PT1H"",""Uom"":""KWH"",""ReadTS"":""2026-08-07T07:00:00Z"",""Value"":""5188696.881"",""Count"":""3791774""}"
363;"2026-08-07T06:00:00.000Z";"2026-08-07T07:00:00.000Z";5144012.476;"{""TimeSeriesType"":""CTT_SUM_CONS_ACP"",""Res"":""PT1H"",""Uom"":""KWH"",""ReadTS"":""2026-08-07T06:00:00Z"",""Value"":""5144012.476"",""Count"":""3791751""}"
363;"2026-08-07T05:00:00.000Z";"2026-08-07T06:00:00.000Z";4926840.593;"{""TimeSeriesType"":""CTT_SUM_CONS_ACP"",""Res"":""PT1H"",""Uom"":""KWH"",""ReadTS"":""2026-08-07T05:00:00Z"",""Value"":""4926840.593"",""Count"":""3791724""}"
363;"2026-08-07T04:00:00.000Z";"2026-08-07T05:00:00.000Z";4670531.979;"{""TimeSeriesType"":""CTT_SUM_CONS_ACP"",""Res"":""PT1H"",""Uom"":""KWH"",""ReadTS"":""2026-08-07T04:00:00Z"",""Value"":""4670531.979"",""Count"":""3791707""}"
363;"2026-08-07T03:00:00.000Z";"2026-08-07T04:00:00.000Z";4270487.317;"{""TimeSeriesType"":""CTT_SUM_CONS_ACP"",""Res"":""PT1H"",""Uom"":""KWH"",""ReadTS"":""2026-08-07T03:00:00Z"",""Value"":""4270487.317"",""Count"":""3791702""}"
363;"2026-08-07T02:00:00.000Z";"2026-08-07T03:00:00.000Z";3824624.491;"{""TimeSeriesType"":""CTT_SUM_CONS_ACP"",""Res"":""PT1H"",""Uom"":""KWH"",""ReadTS"":""2026-08-07T02:00:00Z"",""Value"":""3824624.491"",""Count"":""3791701""}"
363;"2026-08-07T01:00:00.000Z";"2026-08-07T02:00:00.000Z";3787254.856;"{""TimeSeriesType"":""CTT_SUM_CONS_ACP"",""Res"":""PT1H"",""Uom"":""KWH"",""ReadTS"":""2026-08-07T01:00:00Z"",""Value"":""3787254.856"",""Count"":""3791727""}"
363;"2026-08-07T00:00:00.000Z";"2026-08-07T01:00:00.000Z";3844008.615;"{""TimeSeriesType"":""CTT_SUM_CONS_ACP"",""Res"":""PT1H"",""Uom"":""KWH"",""ReadTS"":""2026-08-07T00:00:00Z"",""Value"":""3844008.615"",""Count"":""3791728""}"
363;"2026-08-06T23:00:00.000Z";"2026-08-07T00:00:00.000Z";3936493.156;"{""TimeSeriesType"":""CTT_SUM_CONS_ACP"",""Res"":""PT1H"",""Uom"":""KWH"",""ReadTS"":""2026-08-06T23:00:00Z"",""Value"":""3936493.156"",""Count"":""3791725""}"
363;"2026-08-06T22:00:00.000Z";"2026-08-06T23:00:00.000Z";4047589.009;"{""TimeSeriesType"":""CTT_SUM_CONS_ACP"",""Res"":""PT1H"",""Uom"":""KWH"",""ReadTS"":""2026-08-06T22:00:00Z"",""Value"":""4047589.009"",""Count"":""3791724""}"
363;"2026-08-06T21:00:00.000Z";"2026-08-06T22:00:00.000Z";4299878.72;"{""TimeSeriesType"":""CTT_SUM_CONS_ACP"",""Res"":""PT1H"",""Uom"":""KWH"",""ReadTS"":""2026-08-06T21:00:00Z"",""Value"":""4299878.72"",""Count"":""3791727""}"
363;"2026-08-06T20:00:00.000Z";"2026-08-06T21:00:00.000Z";4682573.746;"{""TimeSeriesType"":""CTT_SUM_CONS_ACP"",""Res"":""PT1H"",""Uom"":""KWH"",""ReadTS"":""2026-08-06T20:00:00Z"",""Value"":""4682573.746"",""Count"":""3790807""}"
363;"2026-08-06T19:00:00.000Z";"2026-08-06T20:00:00.000Z";4988856.326;"{""TimeSeriesType"":""CTT_SUM_CONS_ACP"",""Res"":""PT1H"",""Uom"":""KWH"",""ReadTS"":""2026-08-06T19:00:00Z"",""Value"":""4988856.326"",""Count"":""3790807""}"
363;"2026-08-06T18:00:00.000Z";"2026-08-06T19:00:00.000Z";4887806.018;"{""TimeSeriesType"":""CTT_SUM_CONS_ACP"",""Res"":""PT1H"",""Uom"":""KWH"",""ReadTS"":""2026-08-06T18:00:00Z"",""Value"":""4887806.018"",""Count"":""3790807""}"
363;"2026-08-06T17:00:00.000Z";"2026-08-06T18:00:00.000Z";5109701.523;"{""TimeSeriesType"":""CTT_SUM_CONS_ACP"",""Res"":""PT1H"",""Uom"":""KWH"",""ReadTS"":""2026-08-06T17:00:00Z"",""Value"":""5109701.523"",""Count"":""3790805""}"
363;"2026-08-06T16:00:00.000Z";"2026-08-06T17:00:00.000Z";5154951.697;"{""TimeSeriesType"":""CTT_SUM_CONS_ACP"",""Res"":""PT1H"",""Uom"":""KWH"",""ReadTS"":""2026-08-06T16:00:00Z"",""Value"":""5154951.697"",""Count"":""3790804""}"
363;"2026-08-06T15:00:00.000Z";"2026-08-06T16:00:00.000Z";5100432.956;"{""TimeSeriesType"":""CTT_SUM_CONS_ACP"",""Res"":""PT1H"",""Uom"":""KWH"",""ReadTS"":""2026-08-06T15:00:00Z"",""Value"":""5100432.956"",""Count"":""3790802""}"
363;"2026-08-06T14:00:00.000Z";"2026-08-06T15:00:00.000Z";5158160.575;"{""TimeSeriesType"":""CTT_SUM_CONS_ACP"",""Res"":""PT1H"",""Uom"":""KWH"",""ReadTS"":""2026-08-06T14:00:00Z"",""Value"":""5158160.575"",""Count"":""3790804""}"
363;"2026-08-06T13:00:00.000Z";"2026-08-06T14:00:00.000Z";5180962.896;"{""TimeSeriesType"":""CTT_SUM_CONS_ACP"",""Res"":""PT1H"",""Uom"":""KWH"",""ReadTS"":""2026-08-06T13:00:00Z"",""Value"":""5180962.896"",""Count"":""3790801""}"
363;"2026-08-06T12:00:00.000Z";"2026-08-06T13:00:00.000Z";5218498.745;"{""TimeSeriesType"":""CTT_SUM_CONS_ACP"",""Res"":""PT1H"",""Uom"":""KWH"",""ReadTS"":""2026-08-06T12:00:00Z"",""Value"":""5218498.745"",""Count"":""3790786""}"
363;"2026-08-06T11:00:00.000Z";"2026-08-06T12:00:00.000Z";5280680.591;"{""TimeSeriesType"":""CTT_SUM_CONS_ACP"",""Res"":""PT1H"",""Uom"":""KWH"",""ReadTS"":""2026-08-06T11:00:00Z"",""Value"":""5280680.591"",""Count"":""3790759""}"
363;"2026-08-06T10:00:00.000Z";"2026-08-06T11:00:00.000Z";5333295.187;"{""TimeSeriesType"":""CTT_SUM_CONS_ACP"",""Res"":""PT1H"",""Uom"":""KWH"",""ReadTS"":""2026-08-06T10:00:00Z"",""Value"":""5333295.187"",""Count"":""3790742""}"
363;"2026-08-06T09:00:00.000Z";"2026-08-06T10:00:00.000Z";5392748.161;"{""TimeSeriesType"":""CTT_SUM_CONS_ACP"",""Res"":""PT1H"",""Uom"":""KWH"",""ReadTS"":""2026-08-06T09:00:00Z"",""Value"":""5392748.161"",""Count"":""3790719""}"
363;"2026-08-06T08:00:00.000Z";"2026-08-06T09:00:00.000Z";5378622.732;"{""TimeSeriesType"":""CTT_SUM_CONS_ACP"",""Res"":""PT1H"",""Uom"":""KWH"",""ReadTS"":""2026-08-06T08:00:00Z"",""Value"":""5378622.732"",""Count"":""3790708""}"
363;"2026-08-06T07:00:00.000Z";"2026-08-06T08:00:00.000Z";5286937.82;"{""TimeSeriesType"":""CTT_SUM_CONS_ACP"",""Res"":""PT1H"",""Uom"":""KWH"",""ReadTS"":""2026-08-06T07:00:00Z"",""Value"":""5286937.82"",""Count"":""3790681""}"
363;"2026-08-06T06:00:00.000Z";"2026-08-06T07:00:00.000Z";5225713.288;"{""TimeSeriesType"":""CTT_SUM_CONS_ACP"",""Res"":""PT1H"",""Uom"":""KWH"",""ReadTS"":""2026-08-06T06:00:00Z"",""Value"":""5225713.288"",""Count"":""3790645""}"
363;"2026-08-06T05:00:00.000Z";"2026-08-06T06:00:00.000Z";5008188.354;"{""TimeSeriesType"":""CTT_SUM_CONS_ACP"",""Res"":""PT1H"",""Uom"":""KWH"",""ReadTS"":""2026-08-06T05:00:00Z"",""Value"":""5008188.354"",""Count"":""3790830""}"
363;"2026-08-06T04:00:00.000Z";"2026-08-06T05:00:00.000Z";4736194.375;"{""TimeSeriesType"":""CTT_SUM_CONS_ACP"",""Res"":""PT1H"",""Uom"":""KWH"",""ReadTS"":""2026-08-06T04:00:00Z"",""Value"":""4736194.375"",""Count"":""3790877""}"
363;"2026-08-06T03:00:00.000Z";"2026-08-06T04:00:00.000Z";4354274.155;"{""TimeSeriesType"":""CTT_SUM_CONS_ACP"",""Res"":""PT1H"",""Uom"":""KWH"",""ReadTS"":""2026-08-06T03:00:00Z"",""Value"":""4354274.155"",""Count"":""3790878""}"
363;"2026-08-06T02:00:00.000Z";"2026-08-06T03:00:00.000Z";3881218.915;"{""TimeSeriesType"":""CTT_SUM_CONS_ACP"",""Res"":""PT1H"",""Uom"":""KWH"",""ReadTS"":""2026-08-06T02:00:00Z"",""Value"":""3881218.915"",""Count"":""3790881""}"
363;"2026-08-06T01:00:00.000Z";"2026-08-06T02:00:00.000Z";3796365.406;"{""TimeSeriesType"":""CTT_SUM_CONS_ACP"",""Res"":""PT1H"",""Uom"":""KWH"",""ReadTS"":""2026-08-06T01:00:00Z"",""Value"":""3796365.406"",""Count"":""3790918""}"
363;"2026-08-06T00:00:00.000Z";"2026-08-06T01:00:00.000Z";3817933.718;"{""TimeSeriesType"":""CTT_SUM_CONS_ACP"",""Res"":""PT1H"",""Uom"":""KWH"",""ReadTS"":""2026-08-06T00:00:00Z"",""Value"":""3817933.718"",""Count"":""3790918""}"
363;"2026-08-05T23:00:00.000Z";"2026-08-06T00:00:00.000Z";3855472.198;"{""TimeSeriesType"":""CTT_SUM_CONS_ACP"",""Res"":""PT1H"",""Uom"":""KWH"",""ReadTS"":""2026-08-05T23:00:00Z"",""Value"":""3855472.198"",""Count"":""3790915""}"
363;"2026-08-05T22:00:00.000Z";"2026-08-05T23:00:00.000Z";3990888.908;"{""TimeSeriesType"":""CTT_SUM_CONS_ACP"",""Res"":""PT1H"",""Uom"":""KWH"",""ReadTS"":""2026-08-05T22:00:00Z"",""Value"":""3990888.908"",""Count"":""3790915""}"
363;"2026-08-05T21:00:00.000Z";"2026-08-05T22:00:00.000Z";4232686.052;"{""TimeSeriesType"":""CTT_SUM_CONS_ACP"",""Res"":""PT1H"",""Uom"":""KWH"",""ReadTS"":""2026-08-05T21:00:00Z"",""Value"":""4232686.052"",""Count"":""3790915""}"
363;"2026-08-05T20:00:00.000Z";"2026-08-05T21:00:00.000Z";4634622.448;"{""TimeSeriesType"":""CTT_SUM_CONS_ACP"",""Res"":""PT1H"",""Uom"":""KWH"",""ReadTS"":""2026-08-05T20:00:00Z"",""Value"":""4634622.448"",""Count"":""3790388""}"
363;"2026-08-05T19:00:00.000Z";"2026-08-05T20:00:00.000Z";4955820.093;"{""TimeSeriesType"":""CTT_SUM_CONS_ACP"",""Res"":""PT1H"",""Uom"":""KWH"",""ReadTS"":""2026-08-05T19:00:00Z"",""Value"":""4955820.093"",""Count"":""3790387""}"
363;"2026-08-05T18:00:00.000Z";"2026-08-05T19:00:00.000Z";4936427.619;"{""TimeSeriesType"":""CTT_SUM_CONS_ACP"",""Res"":""PT1H"",""Uom"":""KWH"",""ReadTS"":""2026-08-05T18:00:00Z"",""Value"":""4936427.619"",""Count"":""3790387""}"
363;"2026-08-05T17:00:00.000Z";"2026-08-05T18:00:00.000Z";5170314.147;"{""TimeSeriesType"":""CTT_SUM_CONS_ACP"",""Res"":""PT1H"",""Uom"":""KWH"",""ReadTS"":""2026-08-05T17:00:00Z"",""Value"":""5170314.147"",""Count"":""3790387""}"
363;"2026-08-05T16:00:00.000Z";"2026-08-05T17:00:00.000Z";5201717.02;"{""TimeSeriesType"":""CTT_SUM_CONS_ACP"",""Res"":""PT1H"",""Uom"":""KWH"",""ReadTS"":""2026-08-05T16:00:00Z"",""Value"":""5201717.02"",""Count"":""3790385""}"
363;"2026-08-05T15:00:00.000Z";"2026-08-05T16:00:00.000Z";5136448.33;"{""TimeSeriesType"":""CTT_SUM_CONS_ACP"",""Res"":""PT1H"",""Uom"":""KWH"",""ReadTS"":""2026-08-05T15:00:00Z"",""Value"":""5136448.33"",""Count"":""3790382""}"
363;"2026-08-05T14:00:00.000Z";"2026-08-05T15:00:00.000Z";5117756.242;"{""TimeSeriesType"":""CTT_SUM_CONS_ACP"",""Res"":""PT1H"",""Uom"":""KWH"",""ReadTS"":""2026-08-05T14:00:00Z"",""Value"":""5117756.242"",""Count"":""3790379""}"
363;"2026-08-05T13:00:00.000Z";"2026-08-05T14:00:00.000Z";5098843.077;"{""TimeSeriesType"":""CTT_SUM_CONS_ACP"",""Res"":""PT1H"",""Uom"":""KWH"",""ReadTS"":""2026-08-05T13:00:00Z"",""Value"":""5098843.077"",""Count"":""3790371""}"
363;"2026-08-05T12:00:00.000Z";"2026-08-05T13:00:00.000Z";5079910.135;"{""TimeSeriesType"":""CTT_SUM_CONS_ACP"",""Res"":""PT1H"",""Uom"":""KWH"",""ReadTS"":""2026-08-05T12:00:00Z"",""Value"":""5079910.135"",""Count"":""3790353""}"
363;"2026-08-05T11:00:00.000Z";"2026-08-05T12:00:00.000Z";5120285.413;"{""TimeSeriesType"":""CTT_SUM_CONS_ACP"",""Res"":""PT1H"",""Uom"":""KWH"",""ReadTS"":""2026-08-05T11:00:00Z"",""Value"":""5120285.413"",""Count"":""3790329""}"
363;"2026-08-05T10:00:00.000Z";"2026-08-05T11:00:00.000Z";5167504.664;"{""TimeSeriesType"":""CTT_SUM_CONS_ACP"",""Res"":""PT1H"",""Uom"":""KWH"",""ReadTS"":""2026-08-05T10:00:00Z"",""Value"":""5167504.664"",""Count"":""3790295""}"
363;"2026-08-05T09:00:00.000Z";"2026-08-05T10:00:00.000Z";5200179.711;"{""TimeSeriesType"":""CTT_SUM_CONS_ACP"",""Res"":""PT1H"",""Uom"":""KWH"",""ReadTS"":""2026-08-05T09:00:00Z"",""Value"":""5200179.711"",""Count"":""3790260""}"
363;"2026-08-05T08:00:00.000Z";"2026-08-05T09:00:00.000Z";5182958.82;"{""TimeSeriesType"":""CTT_SUM_CONS_ACP"",""Res"":""PT1H"",""Uom"":""KWH"",""ReadTS"":""2026-08-05T08:00:00Z"",""Value"":""5182958.82"",""Count"":""3790239""}"
363;"2026-08-05T07:00:00.000Z";"2026-08-05T08:00:00.000Z";5111793.388;"{""TimeSeriesType"":""CTT_SUM_CONS_ACP"",""Res"":""PT1H"",""Uom"":""KWH"",""ReadTS"":""2026-08-05T07:00:00Z"",""Value"":""5111793.388"",""Count"":""3790222""}"
363;"2026-08-05T06:00:00.000Z";"2026-08-05T07:00:00.000Z";5050397.717;"{""TimeSeriesType"":""CTT_SUM_CONS_ACP"",""Res"":""PT1H"",""Uom"":""KWH"",""ReadTS"":""2026-08-05T06:00:00Z"",""Value"":""5050397.717"",""Count"":""3790223""}"
363;"2026-08-05T05:00:00.000Z";"2026-08-05T06:00:00.000Z";4898149.355;"{""TimeSeriesType"":""CTT_SUM_CONS_ACP"",""Res"":""PT1H"",""Uom"":""KWH"",""ReadTS"":""2026-08-05T05:00:00Z"",""Value"":""4898149.355"",""Count"":""3790418""}"
363;"2026-08-05T04:00:00.000Z";"2026-08-05T05:00:00.000Z";4695999.576;"{""TimeSeriesType"":""CTT_SUM_CONS_ACP"",""Res"":""PT1H"",""Uom"":""KWH"",""ReadTS"":""2026-08-05T04:00:00Z"",""Value"":""4695999.576"",""Count"":""3790458""}"
363;"2026-08-05T03:00:00.000Z";"2026-08-05T04:00:00.000Z";4315050.354;"{""TimeSeriesType"":""CTT_SUM_CONS_ACP"",""Res"":""PT1H"",""Uom"":""KWH"",""ReadTS"":""2026-08-05T03:00:00Z"",""Value"":""4315050.354"",""Count"":""3790470""}"
363;"2026-08-05T02:00:00.000Z";"2026-08-05T03:00:00.000Z";3846926.299;"{""TimeSeriesType"":""CTT_SUM_CONS_ACP"",""Res"":""PT1H"",""Uom"":""KWH"",""ReadTS"":""2026-08-05T02:00:00Z"",""Value"":""3846926.299"",""Count"":""3790474""}"
363;"2026-08-05T01:00:00.000Z";"2026-08-05T02:00:00.000Z";3782925.917;"{""TimeSeriesType"":""CTT_SUM_CONS_ACP"",""Res"":""PT1H"",""Uom"":""KWH"",""ReadTS"":""2026-08-05T01:00:00Z"",""Value"":""3782925.917"",""Count"":""3790493""}"
363;"2026-08-05T00:00:00.000Z";"2026-08-05T01:00:00.000Z";3806812.797;"{""TimeSeriesType"":""CTT_SUM_CONS_ACP"",""Res"":""PT1H"",""Uom"":""KWH"",""ReadTS"":""2026-08-05T00:00:00Z"",""Value"":""3806812.797"",""Count"":""3790493""}"
363;"2026-08-04T23:00:00.000Z";"2026-08-05T00:00:00.000Z";3881900.803;"{""TimeSeriesType"":""CTT_SUM_CONS_ACP"",""Res"":""PT1H"",""Uom"":""KWH"",""ReadTS"":""2026-08-04T23:00:00Z"",""Value"":""3881900.803"",""Count"":""3790486""}"
363;"2026-08-04T22:00:00.000Z";"2026-08-04T23:00:00.000Z";4005624.801;"{""TimeSeriesType"":""CTT_SUM_CONS_ACP"",""Res"":""PT1H"",""Uom"":""KWH"",""ReadTS"":""2026-08-04T22:00:00Z"",""Value"":""4005624.801"",""Count"":""3790486""}"
363;"2026-08-04T21:00:00.000Z";"2026-08-04T22:00:00.000Z";4265436.572;"{""TimeSeriesType"":""CTT_SUM_CONS_ACP"",""Res"":""PT1H"",""Uom"":""KWH"",""ReadTS"":""2026-08-04T21:00:00Z"",""Value"":""4265436.572"",""Count"":""3790484""}"
363;"2026-08-04T20:00:00.000Z";"2026-08-04T21:00:00.000Z";4643128.294;"{""TimeSeriesType"":""CTT_SUM_CONS_ACP"",""Res"":""PT1H"",""Uom"":""KWH"",""ReadTS"":""2026-08-04T20:00:00Z"",""Value"":""4643128.294"",""Count"":""3789906""}"
363;"2026-08-04T19:00:00.000Z";"2026-08-04T20:00:00.000Z";4889341.687;"{""TimeSeriesType"":""CTT_SUM_CONS_ACP"",""Res"":""PT1H"",""Uom"":""KWH"",""ReadTS"":""2026-08-04T19:00:00Z"",""Value"":""4889341.687"",""Count"":""3789907""}"
363;"2026-08-04T18:00:00.000Z";"2026-08-04T19:00:00.000Z";4792082.124;"{""TimeSeriesType"":""CTT_SUM_CONS_ACP"",""Res"":""PT1H"",""Uom"":""KWH"",""ReadTS"":""2026-08-04T18:00:00Z"",""Value"":""4792082.124"",""Count"":""3789907""}"
363;"2026-08-04T17:00:00.000Z";"2026-08-04T18:00:00.000Z";4963180.432;"{""TimeSeriesType"":""CTT_SUM_CONS_ACP"",""Res"":""PT1H"",""Uom"":""KWH"",""ReadTS"":""2026-08-04T17:00:00Z"",""Value"":""4963180.432"",""Count"":""3789905""}"
363;"2026-08-04T16:00:00.000Z";"2026-08-04T17:00:00.000Z";5001905.405;"{""TimeSeriesType"":""CTT_SUM_CONS_ACP"",""Res"":""PT1H"",""Uom"":""KWH"",""ReadTS"":""2026-08-04T16:00:00Z"",""Value"":""5001905.405"",""Count"":""3789906""}"
363;"2026-08-04T15:00:00.000Z";"2026-08-04T16:00:00.000Z";4950465.134;"{""TimeSeriesType"":""CTT_SUM_CONS_ACP"",""Res"":""PT1H"",""Uom"":""KWH"",""ReadTS"":""2026-08-04T15:00:00Z"",""Value"":""4950465.134"",""Count"":""3789900""}"
363;"2026-08-04T14:00:00.000Z";"2026-08-04T15:00:00.000Z";4950671.443;"{""TimeSeriesType"":""CTT_SUM_CONS_ACP"",""Res"":""PT1H"",""Uom"":""KWH"",""ReadTS"":""2026-08-04T14:00:00Z"",""Value"":""4950671.443"",""Count"":""3789897""}"
363;"2026-08-04T13:00:00.000Z";"2026-08-04T14:00:00.000Z";4936754.508;"{""TimeSeriesType"":""CTT_SUM_CONS_ACP"",""Res"":""PT1H"",""Uom"":""KWH"",""ReadTS"":""2026-08-04T13:00:00Z"",""Value"":""4936754.508"",""Count"":""3789892""}"
363;"2026-08-04T12:00:00.000Z";"2026-08-04T13:00:00.000Z";4943522.573;"{""TimeSeriesType"":""CTT_SUM_CONS_ACP"",""Res"":""PT1H"",""Uom"":""KWH"",""ReadTS"":""2026-08-04T12:00:00Z"",""Value"":""4943522.573"",""Count"":""3789874""}"
363;"2026-08-04T11:00:00.000Z";"2026-08-04T12:00:00.000Z";5006472.365;"{""TimeSeriesType"":""CTT_SUM_CONS_ACP"",""Res"":""PT1H"",""Uom"":""KWH"",""ReadTS"":""2026-08-04T11:00:00Z"",""Value"":""5006472.365"",""Count"":""3789841""}"
363;"2026-08-04T10:00:00.000Z";"2026-08-04T11:00:00.000Z";5058122.655;"{""TimeSeriesType"":""CTT_SUM_CONS_ACP"",""Res"":""PT1H"",""Uom"":""KWH"",""ReadTS"":""2026-08-04T10:00:00Z"",""Value"":""5058122.655"",""Count"":""3789819""}"
363;"2026-08-04T09:00:00.000Z";"2026-08-04T10:00:00.000Z";5110784.672;"{""TimeSeriesType"":""CTT_SUM_CONS_ACP"",""Res"":""PT1H"",""Uom"":""KWH"",""ReadTS"":""2026-08-04T09:00:00Z"",""Value"":""5110784.672"",""Count"":""3789785""}"
363;"2026-08-04T08:00:00.000Z";"2026-08-04T09:00:00.000Z";5081025.449;"{""TimeSeriesType"":""CTT_SUM_CONS_ACP"",""Res"":""PT1H"",""Uom"":""KWH"",""ReadTS"":""2026-08-04T08:00:00Z"",""Value"":""5081025.449"",""Count"":""3789748""}"
363;"2026-08-04T07:00:00.000Z";"2026-08-04T08:00:00.000Z";5037710.109;"{""TimeSeriesType"":""CTT_SUM_CONS_ACP"",""Res"":""PT1H"",""Uom"":""KWH"",""ReadTS"":""2026-08-04T07:00:00Z"",""Value"":""5037710.109"",""Count"":""3789709""}"
363;"2026-08-04T06:00:00.000Z";"2026-08-04T07:00:00.000Z";4991175.383;"{""TimeSeriesType"":""CTT_SUM_CONS_ACP"",""Res"":""PT1H"",""Uom"":""KWH"",""ReadTS"":""2026-08-04T06:00:00Z"",""Value"":""4991175.383"",""Count"":""3789705""}"
363;"2026-08-04T05:00:00.000Z";"2026-08-04T06:00:00.000Z";4825737.651;"{""TimeSeriesType"":""CTT_SUM_CONS_ACP"",""Res"":""PT1H"",""Uom"":""KWH"",""ReadTS"":""2026-08-04T05:00:00Z"",""Value"":""4825737.651"",""Count"":""3789992""}"
363;"2026-08-04T04:00:00.000Z";"2026-08-04T05:00:00.000Z";4591207.614;"{""TimeSeriesType"":""CTT_SUM_CONS_ACP"",""Res"":""PT1H"",""Uom"":""KWH"",""ReadTS"":""2026-08-04T04:00:00Z"",""Value"":""4591207.614"",""Count"":""3789986""}"
363;"2026-08-04T03:00:00.000Z";"2026-08-04T04:00:00.000Z";4225008.434;"{""TimeSeriesType"":""CTT_SUM_CONS_ACP"",""Res"":""PT1H"",""Uom"":""KWH"",""ReadTS"":""2026-08-04T03:00:00Z"",""Value"":""4225008.434"",""Count"":""3789986""}"
363;"2026-08-04T02:00:00.000Z";"2026-08-04T03:00:00.000Z";3741396.022;"{""TimeSeriesType"":""CTT_SUM_CONS_ACP"",""Res"":""PT1H"",""Uom"":""KWH"",""ReadTS"":""2026-08-04T02:00:00Z"",""Value"":""3741396.022"",""Count"":""3789987""}"
363;"2026-08-04T01:00:00.000Z";"2026-08-04T02:00:00.000Z";3655119.871;"{""TimeSeriesType"":""CTT_SUM_CONS_ACP"",""Res"":""PT1H"",""Uom"":""KWH"",""ReadTS"":""2026-08-04T01:00:00Z"",""Value"":""3655119.871"",""Count"":""3790009""}"
363;"2026-08-04T00:00:00.000Z";"2026-08-04T01:00:00.000Z";3707646.453;"{""TimeSeriesType"":""CTT_SUM_CONS_ACP"",""Res"":""PT1H"",""Uom"":""KWH"",""ReadTS"":""2026-08-04T00:00:00Z"",""Value"":""3707646.453"",""Count"":""3790009""}"
363;"2026-08-03T23:00:00.000Z";"2026-08-04T00:00:00.000Z";3814801.083;"{""TimeSeriesType"":""CTT_SUM_CONS_ACP"",""Res"":""PT1H"",""Uom"":""KWH"",""ReadTS"":""2026-08-03T23:00:00Z"",""Value"":""3814801.083"",""Count"":""3790003""}"
363;"2026-08-03T22:00:00.000Z";"2026-08-03T23:00:00.000Z";3961205.43;"{""TimeSeriesType"":""CTT_SUM_CONS_ACP"",""Res"":""PT1H"",""Uom"":""KWH"",""ReadTS"":""2026-08-03T22:00:00Z"",""Value"":""3961205.43"",""Count"":""3790003""}"
363;"2026-08-03T21:00:00.000Z";"2026-08-03T22:00:00.000Z";4236780.761;"{""TimeSeriesType"":""CTT_SUM_CONS_ACP"",""Res"":""PT1H"",""Uom"":""KWH"",""ReadTS"":""2026-08-03T21:00:00Z"",""Value"":""4236780.761"",""Count"":""3790007""}"
363;"2026-08-03T20:00:00.000Z";"2026-08-03T21:00:00.000Z";4552031.889;"{""TimeSeriesType"":""CTT_SUM_CONS_ACP"",""Res"":""PT1H"",""Uom"":""KWH"",""ReadTS"":""2026-08-03T20:00:00Z"",""Value"":""4552031.889"",""Count"":""3789604""}"
363;"2026-08-03T19:00:00.000Z";"2026-08-03T20:00:00.000Z";4779157.74;"{""TimeSeriesType"":""CTT_SUM_CONS_ACP"",""Res"":""PT1H"",""Uom"":""KWH"",""ReadTS"":""2026-08-03T19:00:00Z"",""Value"":""4779157.74"",""Count"":""3789603""}"
363;"2026-08-03T18:00:00.000Z";"2026-08-03T19:00:00.000Z";4655028.754;"{""TimeSeriesType"":""CTT_SUM_CONS_ACP"",""Res"":""PT1H"",""Uom"":""KWH"",""ReadTS"":""2026-08-03T18:00:00Z"",""Value"":""4655028.754"",""Count"":""3789602""}"
363;"2026-08-03T17:00:00.000Z";"2026-08-03T18:00:00.000Z";4844724.071;"{""TimeSeriesType"":""CTT_SUM_CONS_ACP"",""Res"":""PT1H"",""Uom"":""KWH"",""ReadTS"":""2026-08-03T17:00:00Z"",""Value"":""4844724.071"",""Count"":""3789601""}"
363;"2026-08-03T16:00:00.000Z";"2026-08-03T17:00:00.000Z";4870518.464;"{""TimeSeriesType"":""CTT_SUM_CONS_ACP"",""Res"":""PT1H"",""Uom"":""KWH"",""ReadTS"":""2026-08-03T16:00:00Z"",""Value"":""4870518.464"",""Count"":""3789602""}"
363;"2026-08-03T15:00:00.000Z";"2026-08-03T16:00:00.000Z";4792002.768;"{""TimeSeriesType"":""CTT_SUM_CONS_ACP"",""Res"":""PT1H"",""Uom"":""KWH"",""ReadTS"":""2026-08-03T15:00:00Z"",""Value"":""4792002.768"",""Count"":""3789600""}"
363;"2026-08-03T14:00:00.000Z";"2026-08-03T15:00:00.000Z";4808539.241;"{""TimeSeriesType"":""CTT_SUM_CONS_ACP"",""Res"":""PT1H"",""Uom"":""KWH"",""ReadTS"":""2026-08-03T14:00:00Z"",""Value"":""4808539.241"",""Count"":""3789595""}"
363;"2026-08-03T13:00:00.000Z";"2026-08-03T14:00:00.000Z";4806661.94;"{""TimeSeriesType"":""CTT_SUM_CONS_ACP"",""Res"":""PT1H"",""Uom"":""KWH"",""ReadTS"":""2026-08-03T13:00:00Z"",""Value"":""4806661.94"",""Count"":""3789589""}"
363;"2026-08-03T12:00:00.000Z";"2026-08-03T13:00:00.000Z";4854477.649;"{""TimeSeriesType"":""CTT_SUM_CONS_ACP"",""Res"":""PT1H"",""Uom"":""KWH"",""ReadTS"":""2026-08-03T12:00:00Z"",""Value"":""4854477.649"",""Count"":""3789575""}"
363;"2026-08-03T11:00:00.000Z";"2026-08-03T12:00:00.000Z";4929055.474;"{""TimeSeriesType"":""CTT_SUM_CONS_ACP"",""Res"":""PT1H"",""Uom"":""KWH"",""ReadTS"":""2026-08-03T11:00:00Z"",""Value"":""4929055.474"",""Count"":""3789539""}"
363;"2026-08-03T10:00:00.000Z";"2026-08-03T11:00:00.000Z";5000361.064;"{""TimeSeriesType"":""CTT_SUM_CONS_ACP"",""Res"":""PT1H"",""Uom"":""KWH"",""ReadTS"":""2026-08-03T10:00:00Z"",""Value"":""5000361.064"",""Count"":""3789485""}"
363;"2026-08-03T09:00:00.000Z";"2026-08-03T10:00:00.000Z";5042093.102;"{""TimeSeriesType"":""CTT_SUM_CONS_ACP"",""Res"":""PT1H"",""Uom"":""KWH"",""ReadTS"":""2026-08-03T09:00:00Z"",""Value"":""5042093.102"",""Count"":""3789460""}"
363;"2026-08-03T08:00:00.000Z";"2026-08-03T09:00:00.000Z";4979489.465;"{""TimeSeriesType"":""CTT_SUM_CONS_ACP"",""Res"":""PT1H"",""Uom"":""KWH"",""ReadTS"":""2026-08-03T08:00:00Z"",""Value"":""4979489.465"",""Count"":""3789407""}"
363;"2026-08-03T07:00:00.000Z";"2026-08-03T08:00:00.000Z";4939932.204;"{""TimeSeriesType"":""CTT_SUM_CONS_ACP"",""Res"":""PT1H"",""Uom"":""KWH"",""ReadTS"":""2026-08-03T07:00:00Z"",""Value"":""4939932.204"",""Count"":""3789388""}"
363;"2026-08-03T06:00:00.000Z";"2026-08-03T07:00:00.000Z";4849108.027;"{""TimeSeriesType"":""CTT_SUM_CONS_ACP"",""Res"":""PT1H"",""Uom"":""KWH"",""ReadTS"":""2026-08-03T06:00:00Z"",""Value"":""4849108.027"",""Count"":""3789454""}"
363;"2026-08-03T05:00:00.000Z";"2026-08-03T06:00:00.000Z";4683272.71;"{""TimeSeriesType"":""CTT_SUM_CONS_ACP"",""Res"":""PT1H"",""Uom"":""KWH"",""ReadTS"":""2026-08-03T05:00:00Z"",""Value"":""4683272.71"",""Count"":""3789849""}"
363;"2026-08-03T04:00:00.000Z";"2026-08-03T05:00:00.000Z";4464999.589;"{""TimeSeriesType"":""CTT_SUM_CONS_ACP"",""Res"":""PT1H"",""Uom"":""KWH"",""ReadTS"":""2026-08-03T04:00:00Z"",""Value"":""4464999.589"",""Count"":""3789933""}"
363;"2026-08-03T03:00:00.000Z";"2026-08-03T04:00:00.000Z";4075335.687;"{""TimeSeriesType"":""CTT_SUM_CONS_ACP"",""Res"":""PT1H"",""Uom"":""KWH"",""ReadTS"":""2026-08-03T03:00:00Z"",""Value"":""4075335.687"",""Count"":""3789944""}"
363;"2026-08-03T02:00:00.000Z";"2026-08-03T03:00:00.000Z";3613339.602;"{""TimeSeriesType"":""CTT_SUM_CONS_ACP"",""Res"":""PT1H"",""Uom"":""KWH"",""ReadTS"":""2026-08-03T02:00:00Z"",""Value"":""3613339.602"",""Count"":""3789951""}"
363;"2026-08-03T01:00:00.000Z";"2026-08-03T02:00:00.000Z";3536891.063;"{""TimeSeriesType"":""CTT_SUM_CONS_ACP"",""Res"":""PT1H"",""Uom"":""KWH"",""ReadTS"":""2026-08-03T01:00:00Z"",""Value"":""3536891.063"",""Count"":""3789967""}"
363;"2026-08-03T00:00:00.000Z";"2026-08-03T01:00:00.000Z";3596605.998;"{""TimeSeriesType"":""CTT_SUM_CONS_ACP"",""Res"":""PT1H"",""Uom"":""KWH"",""ReadTS"":""2026-08-03T00:00:00Z"",""Value"":""3596605.998"",""Count"":""3789967""}"
363;"2026-08-02T23:00:00.000Z";"2026-08-03T00:00:00.000Z";3700866.647;"{""TimeSeriesType"":""CTT_SUM_CONS_ACP"",""Res"":""PT1H"",""Uom"":""KWH"",""ReadTS"":""2026-08-02T23:00:00Z"",""Value"":""3700866.647"",""Count"":""3789961""}"
363;"2026-08-02T22:00:00.000Z";"2026-08-02T23:00:00.000Z";3829505.822;"{""TimeSeriesType"":""CTT_SUM_CONS_ACP"",""Res"":""PT1H"",""Uom"":""KWH"",""ReadTS"":""2026-08-02T22:00:00Z"",""Value"":""3829505.822"",""Count"":""3789961""}"
363;"2026-08-02T21:00:00.000Z";"2026-08-02T22:00:00.000Z";4038017.21;"{""TimeSeriesType"":""CTT_SUM_CONS_ACP"",""Res"":""PT1H"",""Uom"":""KWH"",""ReadTS"":""2026-08-02T21:00:00Z"",""Value"":""4038017.21"",""Count"":""3789959""}"
363;"2026-08-02T20:00:00.000Z";"2026-08-02T21:00:00.000Z";4349501.249;"{""TimeSeriesType"":""CTT_SUM_CONS_ACP"",""Res"":""PT1H"",""Uom"":""KWH"",""ReadTS"":""2026-08-02T20:00:00Z"",""Value"":""4349501.249"",""Count"":""3787716""}"
363;"2026-08-02T19:00:00.000Z";"2026-08-02T20:00:00.000Z";4537010.407;"{""TimeSeriesType"":""CTT_SUM_CONS_ACP"",""Res"":""PT1H"",""Uom"":""KWH"",""ReadTS"":""2026-08-02T19:00:00Z"",""Value"":""4537010.407"",""Count"":""3787717""}"
363;"2026-08-02T18:00:00.000Z";"2026-08-02T19:00:00.000Z";4347191.392;"{""TimeSeriesType"":""CTT_SUM_CONS_ACP"",""Res"":""PT1H"",""Uom"":""KWH"",""ReadTS"":""2026-08-02T18:00:00Z"",""Value"":""4347191.392"",""Count"":""3787717""}"
363;"2026-08-02T17:00:00.000Z";"2026-08-02T18:00:00.000Z";4507622.469;"{""TimeSeriesType"":""CTT_SUM_CONS_ACP"",""Res"":""PT1H"",""Uom"":""KWH"",""ReadTS"":""2026-08-02T17:00:00Z"",""Value"":""4507622.469"",""Count"":""3787715""}"
363;"2026-08-02T16:00:00.000Z";"2026-08-02T17:00:00.000Z";4517979.91;"{""TimeSeriesType"":""CTT_SUM_CONS_ACP"",""Res"":""PT1H"",""Uom"":""KWH"",""ReadTS"":""2026-08-02T16:00:00Z"",""Value"":""4517979.91"",""Count"":""3787715""}"
363;"2026-08-02T15:00:00.000Z";"2026-08-02T16:00:00.000Z";4444578.167;"{""TimeSeriesType"":""CTT_SUM_CONS_ACP"",""Res"":""PT1H"",""Uom"":""KWH"",""ReadTS"":""2026-08-02T15:00:00Z"",""Value"":""4444578.167"",""Count"":""3787715""}"
363;"2026-08-02T14:00:00.000Z";"2026-08-02T15:00:00.000Z";4412409.996;"{""TimeSeriesType"":""CTT_SUM_CONS_ACP"",""Res"":""PT1H"",""Uom"":""KWH"",""ReadTS"":""2026-08-02T14:00:00Z"",""Value"":""4412409.996"",""Count"":""3787716""}"
363;"2026-08-02T13:00:00.000Z";"2026-08-02T14:00:00.000Z";4337337.685;"{""TimeSeriesType"":""CTT_SUM_CONS_ACP"",""Res"":""PT1H"",""Uom"":""KWH"",""ReadTS"":""2026-08-02T13:00:00Z"",""Value"":""4337337.685"",""Count"":""3787714""}"
363;"2026-08-02T12:00:00.000Z";"2026-08-02T13:00:00.000Z";4306250.388;"{""TimeSeriesType"":""CTT_SUM_CONS_ACP"",""Res"":""PT1H"",""Uom"":""KWH"",""ReadTS"":""2026-08-02T12:00:00Z"",""Value"":""4306250.388"",""Count"":""3787714""}"
363;"2026-08-02T11:00:00.000Z";"2026-08-02T12:00:00.000Z";4273574.678;"{""TimeSeriesType"":""CTT_SUM_CONS_ACP"",""Res"":""PT1H"",""Uom"":""KWH"",""ReadTS"":""2026-08-02T11:00:00Z"",""Value"":""4273574.678"",""Count"":""3787714""}"
363;"2026-08-02T10:00:00.000Z";"2026-08-02T11:00:00.000Z";4233383.986;"{""TimeSeriesType"":""CTT_SUM_CONS_ACP"",""Res"":""PT1H"",""Uom"":""KWH"",""ReadTS"":""2026-08-02T10:00:00Z"",""Value"":""4233383.986"",""Count"":""3787715""}"
363;"2026-08-02T09:00:00.000Z";"2026-08-02T10:00:00.000Z";4216509.803;"{""TimeSeriesType"":""CTT_SUM_CONS_ACP"",""Res"":""PT1H"",""Uom"":""KWH"",""ReadTS"":""2026-08-02T09:00:00Z"",""Value"":""4216509.803"",""Count"":""3787715""}"
363;"2026-08-02T08:00:00.000Z";"2026-08-02T09:00:00.000Z";4105299.278;"{""TimeSeriesType"":""CTT_SUM_CONS_ACP"",""Res"":""PT1H"",""Uom"":""KWH"",""ReadTS"":""2026-08-02T08:00:00Z"",""Value"":""4105299.278"",""Count"":""3787715""}"
363;"2026-08-02T07:00:00.000Z";"2026-08-02T08:00:00.000Z";3938827.838;"{""TimeSeriesType"":""CTT_SUM_CONS_ACP"",""Res"":""PT1H"",""Uom"":""KWH"",""ReadTS"":""2026-08-02T07:00:00Z"",""Value"":""3938827.838"",""Count"":""3787715""}"
363;"2026-08-02T06:00:00.000Z";"2026-08-02T07:00:00.000Z";3772515.967;"{""TimeSeriesType"":""CTT_SUM_CONS_ACP"",""Res"":""PT1H"",""Uom"":""KWH"",""ReadTS"":""2026-08-02T06:00:00Z"",""Value"":""3772515.967"",""Count"":""3787715""}"
363;"2026-08-02T05:00:00.000Z";"2026-08-02T06:00:00.000Z";3583914.829;"{""TimeSeriesType"":""CTT_SUM_CONS_ACP"",""Res"":""PT1H"",""Uom"":""KWH"",""ReadTS"":""2026-08-02T05:00:00Z"",""Value"":""3583914.829"",""Count"":""3787715""}"
363;"2026-08-02T04:00:00.000Z";"2026-08-02T05:00:00.000Z";3434567.592;"{""TimeSeriesType"":""CTT_SUM_CONS_ACP"",""Res"":""PT1H"",""Uom"":""KWH"",""ReadTS"":""2026-08-02T04:00:00Z"",""Value"":""3434567.592"",""Count"":""3787723""}"
363;"2026-08-02T03:00:00.000Z";"2026-08-02T04:00:00.000Z";3408395.898;"{""TimeSeriesType"":""CTT_SUM_CONS_ACP"",""Res"":""PT1H"",""Uom"":""KWH"",""ReadTS"":""2026-08-02T03:00:00Z"",""Value"":""3408395.898"",""Count"":""3787723""}"
363;"2026-08-02T02:00:00.000Z";"2026-08-02T03:00:00.000Z";3368506.963;"{""TimeSeriesType"":""CTT_SUM_CONS_ACP"",""Res"":""PT1H"",""Uom"":""KWH"",""ReadTS"":""2026-08-02T02:00:00Z"",""Value"":""3368506.963"",""Count"":""3787723""}"
363;"2026-08-02T01:00:00.000Z";"2026-08-02T02:00:00.000Z";3450549.831;"{""TimeSeriesType"":""CTT_SUM_CONS_ACP"",""Res"":""PT1H"",""Uom"":""KWH"",""ReadTS"":""2026-08-02T01:00:00Z"",""Value"":""3450549.831"",""Count"":""3787724""}"
363;"2026-08-02T00:00:00.000Z";"2026-08-02T01:00:00.000Z";3555410.766;"{""TimeSeriesType"":""CTT_SUM_CONS_ACP"",""Res"":""PT1H"",""Uom"":""KWH"",""ReadTS"":""2026-08-02T00:00:00Z"",""Value"":""3555410.766"",""Count"":""3787724""}"
363;"2026-08-01T23:00:00.000Z";"2026-08-02T00:00:00.000Z";3647491.592;"{""TimeSeriesType"":""CTT_SUM_CONS_ACP"",""Res"":""PT1H"",""Uom"":""KWH"",""ReadTS"":""2026-08-01T23:00:00Z"",""Value"":""3647491.592"",""Count"":""3787699""}"
363;"2026-08-01T22:00:00.000Z";"2026-08-01T23:00:00.000Z";3795632.557;"{""TimeSeriesType"":""CTT_SUM_CONS_ACP"",""Res"":""PT1H"",""Uom"":""KWH"",""ReadTS"":""2026-08-01T22:00:00Z"",""Value"":""3795632.557"",""Count"":""3787699""}"
363;"2026-08-01T21:00:00.000Z";"2026-08-01T22:00:00.000Z";4083134.156;"{""TimeSeriesType"":""CTT_SUM_CONS_ACP"",""Res"":""PT1H"",""Uom"":""KWH"",""ReadTS"":""2026-08-01T21:00:00Z"",""Value"":""4083134.156"",""Count"":""3787703""}"
363;"2026-08-01T20:00:00.000Z";"2026-08-01T21:00:00.000Z";4411114.061;"{""TimeSeriesType"":""CTT_SUM_CONS_ACP"",""Res"":""PT1H"",""Uom"":""KWH"",""ReadTS"":""2026-08-01T20:00:00Z"",""Value"":""4411114.061"",""Count"":""3788868""}"
363;"2026-08-01T19:00:00.000Z";"2026-08-01T20:00:00.000Z";4533628.668;"{""TimeSeriesType"":""CTT_SUM_CONS_ACP"",""Res"":""PT1H"",""Uom"":""KWH"",""ReadTS"":""2026-08-01T19:00:00Z"",""Value"":""4533628.668"",""Count"":""3788868""}"
363;"2026-08-01T18:00:00.000Z";"2026-08-01T19:00:00.000Z";4322076.643;"{""TimeSeriesType"":""CTT_SUM_CONS_ACP"",""Res"":""PT1H"",""Uom"":""KWH"",""ReadTS"":""2026-08-01T18:00:00Z"",""Value"":""4322076.643"",""Count"":""3788868""}"
363;"2026-08-01T17:00:00.000Z";"2026-08-01T18:00:00.000Z";4492373.998;"{""TimeSeriesType"":""CTT_SUM_CONS_ACP"",""Res"":""PT1H"",""Uom"":""KWH"",""ReadTS"":""2026-08-01T17:00:00Z"",""Value"":""4492373.998"",""Count"":""3788868""}"
363;"2026-08-01T16:00:00.000Z";"2026-08-01T17:00:00.000Z";4537533.524;"{""TimeSeriesType"":""CTT_SUM_CONS_ACP"",""Res"":""PT1H"",""Uom"":""KWH"",""ReadTS"":""2026-08-01T16:00:00Z"",""Value"":""4537533.524"",""Count"":""3788868""}"
363;"2026-08-01T15:00:00.000Z";"2026-08-01T16:00:00.000Z";4496961.993;"{""TimeSeriesType"":""CTT_SUM_CONS_ACP"",""Res"":""PT1H"",""Uom"":""KWH"",""ReadTS"":""2026-08-01T15:00:00Z"",""Value"":""4496961.993"",""Count"":""3788868""}"
363;"2026-08-01T14:00:00.000Z";"2026-08-01T15:00:00.000Z";4440169.638;"{""TimeSeriesType"":""CTT_SUM_CONS_ACP"",""Res"":""PT1H"",""Uom"":""KWH"",""ReadTS"":""2026-08-01T14:00:00Z"",""Value"":""4440169.638"",""Count"":""3788866""}"
363;"2026-08-01T13:00:00.000Z";"2026-08-01T14:00:00.000Z";4377409.525;"{""TimeSeriesType"":""CTT_SUM_CONS_ACP"",""Res"":""PT1H"",""Uom"":""KWH"",""ReadTS"":""2026-08-01T13:00:00Z"",""Value"":""4377409.525"",""Count"":""3788868""}"
363;"2026-08-01T12:00:00.000Z";"2026-08-01T13:00:00.000Z";4359371.1;"{""TimeSeriesType"":""CTT_SUM_CONS_ACP"",""Res"":""PT1H"",""Uom"":""KWH"",""ReadTS"":""2026-08-01T12:00:00Z"",""Value"":""4359371.1"",""Count"":""3788869""}"
363;"2026-08-01T11:00:00.000Z";"2026-08-01T12:00:00.000Z";4323271.76;"{""TimeSeriesType"":""CTT_SUM_CONS_ACP"",""Res"":""PT1H"",""Uom"":""KWH"",""ReadTS"":""2026-08-01T11:00:00Z"",""Value"":""4323271.76"",""Count"":""3788869""}"
363;"2026-08-01T10:00:00.000Z";"2026-08-01T11:00:00.000Z";4274655.112;"{""TimeSeriesType"":""CTT_SUM_CONS_ACP"",""Res"":""PT1H"",""Uom"":""KWH"",""ReadTS"":""2026-08-01T10:00:00Z"",""Value"":""4274655.112"",""Count"":""3788868""}"
363;"2026-08-01T09:00:00.000Z";"2026-08-01T10:00:00.000Z";4291439.888;"{""TimeSeriesType"":""CTT_SUM_CONS_ACP"",""Res"":""PT1H"",""Uom"":""KWH"",""ReadTS"":""2026-08-01T09:00:00Z"",""Value"":""4291439.888"",""Count"":""3788867""}"
363;"2026-08-01T08:00:00.000Z";"2026-08-01T09:00:00.000Z";4238084.694;"{""TimeSeriesType"":""CTT_SUM_CONS_ACP"",""Res"":""PT1H"",""Uom"":""KWH"",""ReadTS"":""2026-08-01T08:00:00Z"",""Value"":""4238084.694"",""Count"":""3788865""}"
363;"2026-08-01T07:00:00.000Z";"2026-08-01T08:00:00.000Z";4121835.435;"{""TimeSeriesType"":""CTT_SUM_CONS_ACP"",""Res"":""PT1H"",""Uom"":""KWH"",""ReadTS"":""2026-08-01T07:00:00Z"",""Value"":""4121835.435"",""Count"":""3788865""}"
363;"2026-08-01T06:00:00.000Z";"2026-08-01T07:00:00.000Z";3971241.059;"{""TimeSeriesType"":""CTT_SUM_CONS_ACP"",""Res"":""PT1H"",""Uom"":""KWH"",""ReadTS"":""2026-08-01T06:00:00Z"",""Value"":""3971241.059"",""Count"":""3788863""}"
363;"2026-08-01T05:00:00.000Z";"2026-08-01T06:00:00.000Z";3780659.734;"{""TimeSeriesType"":""CTT_SUM_CONS_ACP"",""Res"":""PT1H"",""Uom"":""KWH"",""ReadTS"":""2026-08-01T05:00:00Z"",""Value"":""3780659.734"",""Count"":""3788865""}"
363;"2026-08-01T04:00:00.000Z";"2026-08-01T05:00:00.000Z";3607520.231;"{""TimeSeriesType"":""CTT_SUM_CONS_ACP"",""Res"":""PT1H"",""Uom"":""KWH"",""ReadTS"":""2026-08-01T04:00:00Z"",""Value"":""3607520.231"",""Count"":""3788866""}"
363;"2026-08-01T03:00:00.000Z";"2026-08-01T04:00:00.000Z";3483282.788;"{""TimeSeriesType"":""CTT_SUM_CONS_ACP"",""Res"":""PT1H"",""Uom"":""KWH"",""ReadTS"":""2026-08-01T03:00:00Z"",""Value"":""3483282.788"",""Count"":""3788865""}"
363;"2026-08-01T02:00:00.000Z";"2026-08-01T03:00:00.000Z";3368325.532;"{""TimeSeriesType"":""CTT_SUM_CONS_ACP"",""Res"":""PT1H"",""Uom"":""KWH"",""ReadTS"":""2026-08-01T02:00:00Z"",""Value"":""3368325.532"",""Count"":""3788864""}"
363;"2026-08-01T01:00:00.000Z";"2026-08-01T02:00:00.000Z";3424902.81;"{""TimeSeriesType"":""CTT_SUM_CONS_ACP"",""Res"":""PT1H"",""Uom"":""KWH"",""ReadTS"":""2026-08-01T01:00:00Z"",""Value"":""3424902.81"",""Count"":""3788875""}"
363;"2026-08-01T00:00:00.000Z";"2026-08-01T01:00:00.000Z";3523695.225;"{""TimeSeriesType"":""CTT_SUM_CONS_ACP"",""Res"":""PT1H"",""Uom"":""KWH"",""ReadTS"":""2026-08-01T00:00:00Z"",""Value"":""3523695.225"",""Count"":""3788874""}"
363;"2026-07-31T23:00:00.000Z";"2026-08-01T00:00:00.000Z";3643247.458;"{""TimeSeriesType"":""CTT_SUM_CONS_ACP"",""Res"":""PT1H"",""Uom"":""KWH"",""ReadTS"":""2026-07-31T23:00:00Z"",""Value"":""3643247.458"",""Count"":""3788879""}"
363;"2026-07-31T22:00:00.000Z";"2026-07-31T23:00:00.000Z";3824745.874;"{""TimeSeriesType"":""CTT_SUM_CONS_ACP"",""Res"":""PT1H"",""Uom"":""KWH"",""ReadTS"":""2026-07-31T22:00:00Z"",""Value"":""3824745.874"",""Count"":""3788878""}"
363;"2026-07-31T21:00:00.000Z";"2026-07-31T22:00:00.000Z";4132894.5;"{""TimeSeriesType"":""CTT_SUM_CONS_ACP"",""Res"":""PT1H"",""Uom"":""KWH"",""ReadTS"":""2026-07-31T21:00:00Z"",""Value"":""4132894.5"",""Count"":""3788875""}"
363;"2026-07-31T20:00:00.000Z";"2026-07-31T21:00:00.000Z";4522756.885;"{""TimeSeriesType"":""CTT_SUM_CONS_ACP"",""Res"":""PT1H"",""Uom"":""KWH"",""ReadTS"":""2026-07-31T20:00:00Z"",""Value"":""4522756.885"",""Count"":""3795571""}"
363;"2026-07-31T19:00:00.000Z";"2026-07-31T20:00:00.000Z";4747549.705;"{""TimeSeriesType"":""CTT_SUM_CONS_ACP"",""Res"":""PT1H"",""Uom"":""KWH"",""ReadTS"":""2026-07-31T19:00:00Z"",""Value"":""4747549.705"",""Count"":""3795571""}"
363;"2026-07-31T18:00:00.000Z";"2026-07-31T19:00:00.000Z";4653990.845;"{""TimeSeriesType"":""CTT_SUM_CONS_ACP"",""Res"":""PT1H"",""Uom"":""KWH"",""ReadTS"":""2026-07-31T18:00:00Z"",""Value"":""4653990.845"",""Count"":""3795572""}"
363;"2026-07-31T17:00:00.000Z";"2026-07-31T18:00:00.000Z";4863722.613;"{""TimeSeriesType"":""CTT_SUM_CONS_ACP"",""Res"":""PT1H"",""Uom"":""KWH"",""ReadTS"":""2026-07-31T17:00:00Z"",""Value"":""4863722.613"",""Count"":""3795571""}"
363;"2026-07-31T16:00:00.000Z";"2026-07-31T17:00:00.000Z";4970473.414;"{""TimeSeriesType"":""CTT_SUM_CONS_ACP"",""Res"":""PT1H"",""Uom"":""KWH"",""ReadTS"":""2026-07-31T16:00:00Z"",""Value"":""4970473.414"",""Count"":""3795570""}"
363;"2026-07-31T15:00:00.000Z";"2026-07-31T16:00:00.000Z";5024872.861;"{""TimeSeriesType"":""CTT_SUM_CONS_ACP"",""Res"":""PT1H"",""Uom"":""KWH"",""ReadTS"":""2026-07-31T15:00:00Z"",""Value"":""5024872.861"",""Count"":""3795571""}"
363;"2026-07-31T14:00:00.000Z";"2026-07-31T15:00:00.000Z";5055649.476;"{""TimeSeriesType"":""CTT_SUM_CONS_ACP"",""Res"":""PT1H"",""Uom"":""KWH"",""ReadTS"":""2026-07-31T14:00:00Z"",""Value"":""5055649.476"",""Count"":""3795567""}"
363;"2026-07-31T13:00:00.000Z";"2026-07-31T14:00:00.000Z";5095678.485;"{""TimeSeriesType"":""CTT_SUM_CONS_ACP"",""Res"":""PT1H"",""Uom"":""KWH"",""ReadTS"":""2026-07-31T13:00:00Z"",""Value"":""5095678.485"",""Count"":""3795566""}"
363;"2026-07-31T12:00:00.000Z";"2026-07-31T13:00:00.000Z";5101786.988;"{""TimeSeriesType"":""CTT_SUM_CONS_ACP"",""Res"":""PT1H"",""Uom"":""KWH"",""ReadTS"":""2026-07-31T12:00:00Z"",""Value"":""5101786.988"",""Count"":""3795561""}"
363;"2026-07-31T11:00:00.000Z";"2026-07-31T12:00:00.000Z";5113496.043;"{""TimeSeriesType"":""CTT_SUM_CONS_ACP"",""Res"":""PT1H"",""Uom"":""KWH"",""ReadTS"":""2026-07-31T11:00:00Z"",""Value"":""5113496.043"",""Count"":""3795552""}"
363;"2026-07-31T10:00:00.000Z";"2026-07-31T11:00:00.000Z";5168874.251;"{""TimeSeriesType"":""CTT_SUM_CONS_ACP"",""Res"":""PT1H"",""Uom"":""KWH"",""ReadTS"":""2026-07-31T10:00:00Z"",""Value"":""5168874.251"",""Count"":""3795537""}"
363;"2026-07-31T09:00:00.000Z";"2026-07-31T10:00:00.000Z";5180634.556;"{""TimeSeriesType"":""CTT_SUM_CONS_ACP"",""Res"":""PT1H"",""Uom"":""KWH"",""ReadTS"":""2026-07-31T09:00:00Z"",""Value"":""5180634.556"",""Count"":""3795523""}"
363;"2026-07-31T08:00:00.000Z";"2026-07-31T09:00:00.000Z";5111781.317;"{""TimeSeriesType"":""CTT_SUM_CONS_ACP"",""Res"":""PT1H"",""Uom"":""KWH"",""ReadTS"":""2026-07-31T08:00:00Z"",""Value"":""5111781.317"",""Count"":""3795508""}"
363;"2026-07-31T07:00:00.000Z";"2026-07-31T08:00:00.000Z";4980126.744;"{""TimeSeriesType"":""CTT_SUM_CONS_ACP"",""Res"":""PT1H"",""Uom"":""KWH"",""ReadTS"":""2026-07-31T07:00:00Z"",""Value"":""4980126.744"",""Count"":""3795483""}"
363;"2026-07-31T06:00:00.000Z";"2026-07-31T07:00:00.000Z";4833731.82;"{""TimeSeriesType"":""CTT_SUM_CONS_ACP"",""Res"":""PT1H"",""Uom"":""KWH"",""ReadTS"":""2026-07-31T06:00:00Z"",""Value"":""4833731.82"",""Count"":""3795449""}"
363;"2026-07-31T05:00:00.000Z";"2026-07-31T06:00:00.000Z";4623149.488;"{""TimeSeriesType"":""CTT_SUM_CONS_ACP"",""Res"":""PT1H"",""Uom"":""KWH"",""ReadTS"":""2026-07-31T05:00:00Z"",""Value"":""4623149.488"",""Count"":""3795432""}"
363;"2026-07-31T04:00:00.000Z";"2026-07-31T05:00:00.000Z";4375208.704;"{""TimeSeriesType"":""CTT_SUM_CONS_ACP"",""Res"":""PT1H"",""Uom"":""KWH"",""ReadTS"":""2026-07-31T04:00:00Z"",""Value"":""4375208.704"",""Count"":""3795397""}"
363;"2026-07-31T03:00:00.000Z";"2026-07-31T04:00:00.000Z";4036421.611;"{""TimeSeriesType"":""CTT_SUM_CONS_ACP"",""Res"":""PT1H"",""Uom"":""KWH"",""ReadTS"":""2026-07-31T03:00:00Z"",""Value"":""4036421.611"",""Count"":""3795396""}"
363;"2026-07-31T02:00:00.000Z";"2026-07-31T03:00:00.000Z";3655313.615;"{""TimeSeriesType"":""CTT_SUM_CONS_ACP"",""Res"":""PT1H"",""Uom"":""KWH"",""ReadTS"":""2026-07-31T02:00:00Z"",""Value"":""3655313.615"",""Count"":""3795396""}"
363;"2026-07-31T01:00:00.000Z";"2026-07-31T02:00:00.000Z";3633511.202;"{""TimeSeriesType"":""CTT_SUM_CONS_ACP"",""Res"":""PT1H"",""Uom"":""KWH"",""ReadTS"":""2026-07-31T01:00:00Z"",""Value"":""3633511.202"",""Count"":""3795411""}"
363;"2026-07-31T00:00:00.000Z";"2026-07-31T01:00:00.000Z";3705177.693;"{""TimeSeriesType"":""CTT_SUM_CONS_ACP"",""Res"":""PT1H"",""Uom"":""KWH"",""ReadTS"":""2026-07-31T00:00:00Z"",""Value"":""3705177.693"",""Count"":""3795411""}"
363;"2026-07-30T23:00:00.000Z";"2026-07-31T00:00:00.000Z";3794722.751;"{""TimeSeriesType"":""CTT_SUM_CONS_ACP"",""Res"":""PT1H"",""Uom"":""KWH"",""ReadTS"":""2026-07-30T23:00:00Z"",""Value"":""3794722.751"",""Count"":""3795412""}"
363;"2026-07-30T22:00:00.000Z";"2026-07-30T23:00:00.000Z";3947883.48;"{""TimeSeriesType"":""CTT_SUM_CONS_ACP"",""Res"":""PT1H"",""Uom"":""KWH"",""ReadTS"":""2026-07-30T22:00:00Z"",""Value"":""3947883.48"",""Count"":""3795413""}"
363;"2026-07-30T21:00:00.000Z";"2026-07-30T22:00:00.000Z";4226983.334;"{""TimeSeriesType"":""CTT_SUM_CONS_ACP"",""Res"":""PT1H"",""Uom"":""KWH"",""ReadTS"":""2026-07-30T21:00:00Z"",""Value"":""4226983.334"",""Count"":""3795412""}"
363;"2026-07-30T20:00:00.000Z";"2026-07-30T21:00:00.000Z";4601436.518;"{""TimeSeriesType"":""CTT_SUM_CONS_ACP"",""Res"":""PT1H"",""Uom"":""KWH"",""ReadTS"":""2026-07-30T20:00:00Z"",""Value"":""4601436.518"",""Count"":""3793311""}"
363;"2026-07-30T19:00:00.000Z";"2026-07-30T20:00:00.000Z";4855047.843;"{""TimeSeriesType"":""CTT_SUM_CONS_ACP"",""Res"":""PT1H"",""Uom"":""KWH"",""ReadTS"":""2026-07-30T19:00:00Z"",""Value"":""4855047.843"",""Count"":""3793311""}"
363;"2026-07-30T18:00:00.000Z";"2026-07-30T19:00:00.000Z";4775382.881;"{""TimeSeriesType"":""CTT_SUM_CONS_ACP"",""Res"":""PT1H"",""Uom"":""KWH"",""ReadTS"":""2026-07-30T18:00:00Z"",""Value"":""4775382.881"",""Count"":""3793311""}"
363;"2026-07-30T17:00:00.000Z";"2026-07-30T18:00:00.000Z";4932114.909;"{""TimeSeriesType"":""CTT_SUM_CONS_ACP"",""Res"":""PT1H"",""Uom"":""KWH"",""ReadTS"":""2026-07-30T17:00:00Z"",""Value"":""4932114.909"",""Count"":""3793311""}"
363;"2026-07-30T16:00:00.000Z";"2026-07-30T17:00:00.000Z";4969825.313;"{""TimeSeriesType"":""CTT_SUM_CONS_ACP"",""Res"":""PT1H"",""Uom"":""KWH"",""ReadTS"":""2026-07-30T16:00:00Z"",""Value"":""4969825.313"",""Count"":""3793310""}"
363;"2026-07-30T15:00:00.000Z";"2026-07-30T16:00:00.000Z";4945334.393;"{""TimeSeriesType"":""CTT_SUM_CONS_ACP"",""Res"":""PT1H"",""Uom"":""KWH"",""ReadTS"":""2026-07-30T15:00:00Z"",""Value"":""4945334.393"",""Count"":""3793309""}"
363;"2026-07-30T14:00:00.000Z";"2026-07-30T15:00:00.000Z";4975608.144;"{""TimeSeriesType"":""CTT_SUM_CONS_ACP"",""Res"":""PT1H"",""Uom"":""KWH"",""ReadTS"":""2026-07-30T14:00:00Z"",""Value"":""4975608.144"",""Count"":""3793310""}"
363;"2026-07-30T13:00:00.000Z";"2026-07-30T14:00:00.000Z";4977139.309;"{""TimeSeriesType"":""CTT_SUM_CONS_ACP"",""Res"":""PT1H"",""Uom"":""KWH"",""ReadTS"":""2026-07-30T13:00:00Z"",""Value"":""4977139.309"",""Count"":""3793305""}"
363;"2026-07-30T12:00:00.000Z";"2026-07-30T13:00:00.000Z";4951019.039;"{""TimeSeriesType"":""CTT_SUM_CONS_ACP"",""Res"":""PT1H"",""Uom"":""KWH"",""ReadTS"":""2026-07-30T12:00:00Z"",""Value"":""4951019.039"",""Count"":""3793284""}"
363;"2026-07-30T11:00:00.000Z";"2026-07-30T12:00:00.000Z";4972331.545;"{""TimeSeriesType"":""CTT_SUM_CONS_ACP"",""Res"":""PT1H"",""Uom"":""KWH"",""ReadTS"":""2026-07-30T11:00:00Z"",""Value"":""4972331.545"",""Count"":""3793250""}"
363;"2026-07-30T10:00:00.000Z";"2026-07-30T11:00:00.000Z";5007468.889;"{""TimeSeriesType"":""CTT_SUM_CONS_ACP"",""Res"":""PT1H"",""Uom"":""KWH"",""ReadTS"":""2026-07-30T10:00:00Z"",""Value"":""5007468.889"",""Count"":""3793241""}"
363;"2026-07-30T09:00:00.000Z";"2026-07-30T10:00:00.000Z";5037434.499;"{""TimeSeriesType"":""CTT_SUM_CONS_ACP"",""Res"":""PT1H"",""Uom"":""KWH"",""ReadTS"":""2026-07-30T09:00:00Z"",""Value"":""5037434.499"",""Count"":""3793222""}"
363;"2026-07-30T08:00:00.000Z";"2026-07-30T09:00:00.000Z";4974662.7;"{""TimeSeriesType"":""CTT_SUM_CONS_ACP"",""Res"":""PT1H"",""Uom"":""KWH"",""ReadTS"":""2026-07-30T08:00:00Z"",""Value"":""4974662.7"",""Count"":""3793214""}"
363;"2026-07-30T07:00:00.000Z";"2026-07-30T08:00:00.000Z";4860598.264;"{""TimeSeriesType"":""CTT_SUM_CONS_ACP"",""Res"":""PT1H"",""Uom"":""KWH"",""ReadTS"":""2026-07-30T07:00:00Z"",""Value"":""4860598.264"",""Count"":""3793194""}"
363;"2026-07-30T06:00:00.000Z";"2026-07-30T07:00:00.000Z";4775541.788;"{""TimeSeriesType"":""CTT_SUM_CONS_ACP"",""Res"":""PT1H"",""Uom"":""KWH"",""ReadTS"":""2026-07-30T06:00:00Z"",""Value"":""4775541.788"",""Count"":""3793211""}"
363;"2026-07-30T05:00:00.000Z";"2026-07-30T06:00:00.000Z";4625586.695;"{""TimeSeriesType"":""CTT_SUM_CONS_ACP"",""Res"":""PT1H"",""Uom"":""KWH"",""ReadTS"":""2026-07-30T05:00:00Z"",""Value"":""4625586.695"",""Count"":""3793477""}"
363;"2026-07-30T04:00:00.000Z";"2026-07-30T05:00:00.000Z";4429845.748;"{""TimeSeriesType"":""CTT_SUM_CONS_ACP"",""Res"":""PT1H"",""Uom"":""KWH"",""ReadTS"":""2026-07-30T04:00:00Z"",""Value"":""4429845.748"",""Count"":""3793507""}"
363;"2026-07-30T03:00:00.000Z";"2026-07-30T04:00:00.000Z";4124046.19;"{""TimeSeriesType"":""CTT_SUM_CONS_ACP"",""Res"":""PT1H"",""Uom"":""KWH"",""ReadTS"":""2026-07-30T03:00:00Z"",""Value"":""4124046.19"",""Count"":""3793516""}"
363;"2026-07-30T02:00:00.000Z";"2026-07-30T03:00:00.000Z";3733427.036;"{""TimeSeriesType"":""CTT_SUM_CONS_ACP"",""Res"":""PT1H"",""Uom"":""KWH"",""ReadTS"":""2026-07-30T02:00:00Z"",""Value"":""3733427.036"",""Count"":""3793520""}"
363;"2026-07-30T01:00:00.000Z";"2026-07-30T02:00:00.000Z";3639747.161;"{""TimeSeriesType"":""CTT_SUM_CONS_ACP"",""Res"":""PT1H"",""Uom"":""KWH"",""ReadTS"":""2026-07-30T01:00:00Z"",""Value"":""3639747.161"",""Count"":""3793556""}"
363;"2026-07-30T00:00:00.000Z";"2026-07-30T01:00:00.000Z";3702000.511;"{""TimeSeriesType"":""CTT_SUM_CONS_ACP"",""Res"":""PT1H"",""Uom"":""KWH"",""ReadTS"":""2026-07-30T00:00:00Z"",""Value"":""3702000.511"",""Count"":""3793556""}"
363;"2026-07-29T23:00:00.000Z";"2026-07-30T00:00:00.000Z";3794192.625;"{""TimeSeriesType"":""CTT_SUM_CONS_ACP"",""Res"":""PT1H"",""Uom"":""KWH"",""ReadTS"":""2026-07-29T23:00:00Z"",""Value"":""3794192.625"",""Count"":""3793555""}"
363;"2026-07-29T22:00:00.000Z";"2026-07-29T23:00:00.000Z";3959872.176;"{""TimeSeriesType"":""CTT_SUM_CONS_ACP"",""Res"":""PT1H"",""Uom"":""KWH"",""ReadTS"":""2026-07-29T22:00:00Z"",""Value"":""3959872.176"",""Count"":""3793555""}"
363;"2026-07-29T21:00:00.000Z";"2026-07-29T22:00:00.000Z";4227059.581;"{""TimeSeriesType"":""CTT_SUM_CONS_ACP"",""Res"":""PT1H"",""Uom"":""KWH"",""ReadTS"":""2026-07-29T21:00:00Z"",""Value"":""4227059.581"",""Count"":""3793557""}"
363;"2026-07-29T20:00:00.000Z";"2026-07-29T21:00:00.000Z";4612542.283;"{""TimeSeriesType"":""CTT_SUM_CONS_ACP"",""Res"":""PT1H"",""Uom"":""KWH"",""ReadTS"":""2026-07-29T20:00:00Z"",""Value"":""4612542.283"",""Count"":""3792689""}"
363;"2026-07-29T19:00:00.000Z";"2026-07-29T20:00:00.000Z";4843518.58;"{""TimeSeriesType"":""CTT_SUM_CONS_ACP"",""Res"":""PT1H"",""Uom"":""KWH"",""ReadTS"":""2026-07-29T19:00:00Z"",""Value"":""4843518.58"",""Count"":""3792689""}"
363;"2026-07-29T18:00:00.000Z";"2026-07-29T19:00:00.000Z";4704600.786;"{""TimeSeriesType"":""CTT_SUM_CONS_ACP"",""Res"":""PT1H"",""Uom"":""KWH"",""ReadTS"":""2026-07-29T18:00:00Z"",""Value"":""4704600.786"",""Count"":""3792688""}"
363;"2026-07-29T17:00:00.000Z";"2026-07-29T18:00:00.000Z";4867930.074;"{""TimeSeriesType"":""CTT_SUM_CONS_ACP"",""Res"":""PT1H"",""Uom"":""KWH"",""ReadTS"":""2026-07-29T17:00:00Z"",""Value"":""4867930.074"",""Count"":""3792687""}"
363;"2026-07-29T16:00:00.000Z";"2026-07-29T17:00:00.000Z";4884504.152;"{""TimeSeriesType"":""CTT_SUM_CONS_ACP"",""Res"":""PT1H"",""Uom"":""KWH"",""ReadTS"":""2026-07-29T16:00:00Z"",""Value"":""4884504.152"",""Count"":""3792686""}"
363;"2026-07-29T15:00:00.000Z";"2026-07-29T16:00:00.000Z";4800434.912;"{""TimeSeriesType"":""CTT_SUM_CONS_ACP"",""Res"":""PT1H"",""Uom"":""KWH"",""ReadTS"":""2026-07-29T15:00:00Z"",""Value"":""4800434.912"",""Count"":""3792685""}"
363;"2026-07-29T14:00:00.000Z";"2026-07-29T15:00:00.000Z";4805540.508;"{""TimeSeriesType"":""CTT_SUM_CONS_ACP"",""Res"":""PT1H"",""Uom"":""KWH"",""ReadTS"":""2026-07-29T14:00:00Z"",""Value"":""4805540.508"",""Count"":""3792685""}"
363;"2026-07-29T13:00:00.000Z";"2026-07-29T14:00:00.000Z";4823454.059;"{""TimeSeriesType"":""CTT_SUM_CONS_ACP"",""Res"":""PT1H"",""Uom"":""KWH"",""ReadTS"":""2026-07-29T13:00:00Z"",""Value"":""4823454.059"",""Count"":""3792681""}"
363;"2026-07-29T12:00:00.000Z";"2026-07-29T13:00:00.000Z";4822788.853;"{""TimeSeriesType"":""CTT_SUM_CONS_ACP"",""Res"":""PT1H"",""Uom"":""KWH"",""ReadTS"":""2026-07-29T12:00:00Z"",""Value"":""4822788.853"",""Count"":""3792670""}"
363;"2026-07-29T11:00:00.000Z";"2026-07-29T12:00:00.000Z";4846804.342;"{""TimeSeriesType"":""CTT_SUM_CONS_ACP"",""Res"":""PT1H"",""Uom"":""KWH"",""ReadTS"":""2026-07-29T11:00:00Z"",""Value"":""4846804.342"",""Count"":""3792649""}"
363;"2026-07-29T10:00:00.000Z";"2026-07-29T11:00:00.000Z";4867825.858;"{""TimeSeriesType"":""CTT_SUM_CONS_ACP"",""Res"":""PT1H"",""Uom"":""KWH"",""ReadTS"":""2026-07-29T10:00:00Z"",""Value"":""4867825.858"",""Count"":""3792627""}"
363;"2026-07-29T09:00:00.000Z";"2026-07-29T10:00:00.000Z";4876828.019;"{""TimeSeriesType"":""CTT_SUM_CONS_ACP"",""Res"":""PT1H"",""Uom"":""KWH"",""ReadTS"":""2026-07-29T09:00:00Z"",""Value"":""4876828.019"",""Count"":""3792615""}"
363;"2026-07-29T08:00:00.000Z";"2026-07-29T09:00:00.000Z";4841708.371;"{""TimeSeriesType"":""CTT_SUM_CONS_ACP"",""Res"":""PT1H"",""Uom"":""KWH"",""ReadTS"":""2026-07-29T08:00:00Z"",""Value"":""4841708.371"",""Count"":""3792600""}"
363;"2026-07-29T07:00:00.000Z";"2026-07-29T08:00:00.000Z";4798808.824;"{""TimeSeriesType"":""CTT_SUM_CONS_ACP"",""Res"":""PT1H"",""Uom"":""KWH"",""ReadTS"":""2026-07-29T07:00:00Z"",""Value"":""4798808.824"",""Count"":""3792593""}"
363;"2026-07-29T06:00:00.000Z";"2026-07-29T07:00:00.000Z";4709019.422;"{""TimeSeriesType"":""CTT_SUM_CONS_ACP"",""Res"":""PT1H"",""Uom"":""KWH"",""ReadTS"":""2026-07-29T06:00:00Z"",""Value"":""4709019.422"",""Count"":""3792619""}"
363;"2026-07-29T05:00:00.000Z";"2026-07-29T06:00:00.000Z";4567176.404;"{""TimeSeriesType"":""CTT_SUM_CONS_ACP"",""Res"":""PT1H"",""Uom"":""KWH"",""ReadTS"":""2026-07-29T05:00:00Z"",""Value"":""4567176.404"",""Count"":""3792807""}"
363;"2026-07-29T04:00:00.000Z";"2026-07-29T05:00:00.000Z";4369825.503;"{""TimeSeriesType"":""CTT_SUM_CONS_ACP"",""Res"":""PT1H"",""Uom"":""KWH"",""ReadTS"":""2026-07-29T04:00:00Z"",""Value"":""4369825.503"",""Count"":""3792830""}"
363;"2026-07-29T03:00:00.000Z";"2026-07-29T04:00:00.000Z";4069036.18;"{""TimeSeriesType"":""CTT_SUM_CONS_ACP"",""Res"":""PT1H"",""Uom"":""KWH"",""ReadTS"":""2026-07-29T03:00:00Z"",""Value"":""4069036.18"",""Count"":""3792834""}"
363;"2026-07-29T02:00:00.000Z";"2026-07-29T03:00:00.000Z";3673395.898;"{""TimeSeriesType"":""CTT_SUM_CONS_ACP"",""Res"":""PT1H"",""Uom"":""KWH"",""ReadTS"":""2026-07-29T02:00:00Z"",""Value"":""3673395.898"",""Count"":""3792834""}"
363;"2026-07-29T01:00:00.000Z";"2026-07-29T02:00:00.000Z";3589809.351;"{""TimeSeriesType"":""CTT_SUM_CONS_ACP"",""Res"":""PT1H"",""Uom"":""KWH"",""ReadTS"":""2026-07-29T01:00:00Z"",""Value"":""3589809.351"",""Count"":""3792845""}"
363;"2026-07-29T00:00:00.000Z";"2026-07-29T01:00:00.000Z";3668037.797;"{""TimeSeriesType"":""CTT_SUM_CONS_ACP"",""Res"":""PT1H"",""Uom"":""KWH"",""ReadTS"":""2026-07-29T00:00:00Z"",""Value"":""3668037.797"",""Count"":""3792845""}"
363;"2026-07-28T23:00:00.000Z";"2026-07-29T00:00:00.000Z";3752999.048;"{""TimeSeriesType"":""CTT_SUM_CONS_ACP"",""Res"":""PT1H"",""Uom"":""KWH"",""ReadTS"":""2026-07-28T23:00:00Z"",""Value"":""3752999.048"",""Count"":""3792841""}"
363;"2026-07-28T22:00:00.000Z";"2026-07-28T23:00:00.000Z";3932869.347;"{""TimeSeriesType"":""CTT_SUM_CONS_ACP"",""Res"":""PT1H"",""Uom"":""KWH"",""ReadTS"":""2026-07-28T22:00:00Z"",""Value"":""3932869.347"",""Count"":""3792841""}"
363;"2026-07-28T21:00:00.000Z";"2026-07-28T22:00:00.000Z";4213520.549;"{""TimeSeriesType"":""CTT_SUM_CONS_ACP"",""Res"":""PT1H"",""Uom"":""KWH"",""ReadTS"":""2026-07-28T21:00:00Z"",""Value"":""4213520.549"",""Count"":""3792841""}"
363;"2026-07-28T20:00:00.000Z";"2026-07-28T21:00:00.000Z";4578765.99;"{""TimeSeriesType"":""CTT_SUM_CONS_ACP"",""Res"":""PT1H"",""Uom"":""KWH"",""ReadTS"":""2026-07-28T20:00:00Z"",""Value"":""4578765.99"",""Count"":""3792051""}"
363;"2026-07-28T19:00:00.000Z";"2026-07-28T20:00:00.000Z";4763556.562;"{""TimeSeriesType"":""CTT_SUM_CONS_ACP"",""Res"":""PT1H"",""Uom"":""KWH"",""ReadTS"":""2026-07-28T19:00:00Z"",""Value"":""4763556.562"",""Count"":""3792051""}"
363;"2026-07-28T18:00:00.000Z";"2026-07-28T19:00:00.000Z";4658553.882;"{""TimeSeriesType"":""CTT_SUM_CONS_ACP"",""Res"":""PT1H"",""Uom"":""KWH"",""ReadTS"":""2026-07-28T18:00:00Z"",""Value"":""4658553.882"",""Count"":""3792051""}"
363;"2026-07-28T17:00:00.000Z";"2026-07-28T18:00:00.000Z";4869439.587;"{""TimeSeriesType"":""CTT_SUM_CONS_ACP"",""Res"":""PT1H"",""Uom"":""KWH"",""ReadTS"":""2026-07-28T17:00:00Z"",""Value"":""4869439.587"",""Count"":""3792050""}"
363;"2026-07-28T16:00:00.000Z";"2026-07-28T17:00:00.000Z";4918063.274;"{""TimeSeriesType"":""CTT_SUM_CONS_ACP"",""Res"":""PT1H"",""Uom"":""KWH"",""ReadTS"":""2026-07-28T16:00:00Z"",""Value"":""4918063.274"",""Count"":""3792050""}"
363;"2026-07-28T15:00:00.000Z";"2026-07-28T16:00:00.000Z";4859077.821;"{""TimeSeriesType"":""CTT_SUM_CONS_ACP"",""Res"":""PT1H"",""Uom"":""KWH"",""ReadTS"":""2026-07-28T15:00:00Z"",""Value"":""4859077.821"",""Count"":""3792048""}"
363;"2026-07-28T14:00:00.000Z";"2026-07-28T15:00:00.000Z";4892286.498;"{""TimeSeriesType"":""CTT_SUM_CONS_ACP"",""Res"":""PT1H"",""Uom"":""KWH"",""ReadTS"":""2026-07-28T14:00:00Z"",""Value"":""4892286.498"",""Count"":""3792049""}"
363;"2026-07-28T13:00:00.000Z";"2026-07-28T14:00:00.000Z";4925402.296;"{""TimeSeriesType"":""CTT_SUM_CONS_ACP"",""Res"":""PT1H"",""Uom"":""KWH"",""ReadTS"":""2026-07-28T13:00:00Z"",""Value"":""4925402.296"",""Count"":""3792049""}"
363;"2026-07-28T12:00:00.000Z";"2026-07-28T13:00:00.000Z";4938676.139;"{""TimeSeriesType"":""CTT_SUM_CONS_ACP"",""Res"":""PT1H"",""Uom"":""KWH"",""ReadTS"":""2026-07-28T12:00:00Z"",""Value"":""4938676.139"",""Count"":""3792036""}"
363;"2026-07-28T11:00:00.000Z";"2026-07-28T12:00:00.000Z";5007211.703;"{""TimeSeriesType"":""CTT_SUM_CONS_ACP"",""Res"":""PT1H"",""Uom"":""KWH"",""ReadTS"":""2026-07-28T11:00:00Z"",""Value"":""5007211.703"",""Count"":""3792020""}"
363;"2026-07-28T10:00:00.000Z";"2026-07-28T11:00:00.000Z";5094953.265;"{""TimeSeriesType"":""CTT_SUM_CONS_ACP"",""Res"":""PT1H"",""Uom"":""KWH"",""ReadTS"":""2026-07-28T10:00:00Z"",""Value"":""5094953.265"",""Count"":""3791994""}"
363;"2026-07-28T09:00:00.000Z";"2026-07-28T10:00:00.000Z";5131130.505;"{""TimeSeriesType"":""CTT_SUM_CONS_ACP"",""Res"":""PT1H"",""Uom"":""KWH"",""ReadTS"":""2026-07-28T09:00:00Z"",""Value"":""5131130.505"",""Count"":""3791963""}"
363;"2026-07-28T08:00:00.000Z";"2026-07-28T09:00:00.000Z";5070911.412;"{""TimeSeriesType"":""CTT_SUM_CONS_ACP"",""Res"":""PT1H"",""Uom"":""KWH"",""ReadTS"":""2026-07-28T08:00:00Z"",""Value"":""5070911.412"",""Count"":""3791946""}"
363;"2026-07-28T07:00:00.000Z";"2026-07-28T08:00:00.000Z";4961257.543;"{""TimeSeriesType"":""CTT_SUM_CONS_ACP"",""Res"":""PT1H"",""Uom"":""KWH"",""ReadTS"":""2026-07-28T07:00:00Z"",""Value"":""4961257.543"",""Count"":""3791905""}"
363;"2026-07-28T06:00:00.000Z";"2026-07-28T07:00:00.000Z";4866545.557;"{""TimeSeriesType"":""CTT_SUM_CONS_ACP"",""Res"":""PT1H"",""Uom"":""KWH"",""ReadTS"":""2026-07-28T06:00:00Z"",""Value"":""4866545.557"",""Count"":""3791923""}"
363;"2026-07-28T05:00:00.000Z";"2026-07-28T06:00:00.000Z";4667302.421;"{""TimeSeriesType"":""CTT_SUM_CONS_ACP"",""Res"":""PT1H"",""Uom"":""KWH"",""ReadTS"":""2026-07-28T05:00:00Z"",""Value"":""4667302.421"",""Count"":""3792067""}"
363;"2026-07-28T04:00:00.000Z";"2026-07-28T05:00:00.000Z";4416451.393;"{""TimeSeriesType"":""CTT_SUM_CONS_ACP"",""Res"":""PT1H"",""Uom"":""KWH"",""ReadTS"":""2026-07-28T04:00:00Z"",""Value"":""4416451.393"",""Count"":""3792101""}"
363;"2026-07-28T03:00:00.000Z";"2026-07-28T04:00:00.000Z";4082517.774;"{""TimeSeriesType"":""CTT_SUM_CONS_ACP"",""Res"":""PT1H"",""Uom"":""KWH"",""ReadTS"":""2026-07-28T03:00:00Z"",""Value"":""4082517.774"",""Count"":""3792110""}"
363;"2026-07-28T02:00:00.000Z";"2026-07-28T03:00:00.000Z";3688739.905;"{""TimeSeriesType"":""CTT_SUM_CONS_ACP"",""Res"":""PT1H"",""Uom"":""KWH"",""ReadTS"":""2026-07-28T02:00:00Z"",""Value"":""3688739.905"",""Count"":""3792117""}"
363;"2026-07-28T01:00:00.000Z";"2026-07-28T02:00:00.000Z";3589043.824;"{""TimeSeriesType"":""CTT_SUM_CONS_ACP"",""Res"":""PT1H"",""Uom"":""KWH"",""ReadTS"":""2026-07-28T01:00:00Z"",""Value"":""3589043.824"",""Count"":""3792133""}"
363;"2026-07-28T00:00:00.000Z";"2026-07-28T01:00:00.000Z";3598881.488;"{""TimeSeriesType"":""CTT_SUM_CONS_ACP"",""Res"":""PT1H"",""Uom"":""KWH"",""ReadTS"":""2026-07-28T00:00:00Z"",""Value"":""3598881.488"",""Count"":""3792132""}"
363;"2026-07-27T23:00:00.000Z";"2026-07-28T00:00:00.000Z";3688454.659;"{""TimeSeriesType"":""CTT_SUM_CONS_ACP"",""Res"":""PT1H"",""Uom"":""KWH"",""ReadTS"":""2026-07-27T23:00:00Z"",""Value"":""3688454.659"",""Count"":""3792133""}"
363;"2026-07-27T22:00:00.000Z";"2026-07-27T23:00:00.000Z";3828254.084;"{""TimeSeriesType"":""CTT_SUM_CONS_ACP"",""Res"":""PT1H"",""Uom"":""KWH"",""ReadTS"":""2026-07-27T22:00:00Z"",""Value"":""3828254.084"",""Count"":""3792133""}"
363;"2026-07-27T21:00:00.000Z";"2026-07-27T22:00:00.000Z";4110121.372;"{""TimeSeriesType"":""CTT_SUM_CONS_ACP"",""Res"":""PT1H"",""Uom"":""KWH"",""ReadTS"":""2026-07-27T21:00:00Z"",""Value"":""4110121.372"",""Count"":""3792133""}"
363;"2026-07-27T20:00:00.000Z";"2026-07-27T21:00:00.000Z";4491449.332;"{""TimeSeriesType"":""CTT_SUM_CONS_ACP"",""Res"":""PT1H"",""Uom"":""KWH"",""ReadTS"":""2026-07-27T20:00:00Z"",""Value"":""4491449.332"",""Count"":""3791897""}"
363;"2026-07-27T19:00:00.000Z";"2026-07-27T20:00:00.000Z";4756762.697;"{""TimeSeriesType"":""CTT_SUM_CONS_ACP"",""Res"":""PT1H"",""Uom"":""KWH"",""ReadTS"":""2026-07-27T19:00:00Z"",""Value"":""4756762.697"",""Count"":""3791897""}"
363;"2026-07-27T18:00:00.000Z";"2026-07-27T19:00:00.000Z";4681551.58;"{""TimeSeriesType"":""CTT_SUM_CONS_ACP"",""Res"":""PT1H"",""Uom"":""KWH"",""ReadTS"":""2026-07-27T18:00:00Z"",""Value"":""4681551.58"",""Count"":""3791898""}"
363;"2026-07-27T17:00:00.000Z";"2026-07-27T18:00:00.000Z";4870778.761;"{""TimeSeriesType"":""CTT_SUM_CONS_ACP"",""Res"":""PT1H"",""Uom"":""KWH"",""ReadTS"":""2026-07-27T17:00:00Z"",""Value"":""4870778.761"",""Count"":""3791898""}"
363;"2026-07-27T16:00:00.000Z";"2026-07-27T17:00:00.000Z";4899606.169;"{""TimeSeriesType"":""CTT_SUM_CONS_ACP"",""Res"":""PT1H"",""Uom"":""KWH"",""ReadTS"":""2026-07-27T16:00:00Z"",""Value"":""4899606.169"",""Count"":""3791898""}"
363;"2026-07-27T15:00:00.000Z";"2026-07-27T16:00:00.000Z";4836773.277;"{""TimeSeriesType"":""CTT_SUM_CONS_ACP"",""Res"":""PT1H"",""Uom"":""KWH"",""ReadTS"":""2026-07-27T15:00:00Z"",""Value"":""4836773.277"",""Count"":""3791897""}"
363;"2026-07-27T14:00:00.000Z";"2026-07-27T15:00:00.000Z";4851386.168;"{""TimeSeriesType"":""CTT_SUM_CONS_ACP"",""Res"":""PT1H"",""Uom"":""KWH"",""ReadTS"":""2026-07-27T14:00:00Z"",""Value"":""4851386.168"",""Count"":""3791893""}"
363;"2026-07-27T13:00:00.000Z";"2026-07-27T14:00:00.000Z";4879900.19;"{""TimeSeriesType"":""CTT_SUM_CONS_ACP"",""Res"":""PT1H"",""Uom"":""KWH"",""ReadTS"":""2026-07-27T13:00:00Z"",""Value"":""4879900.19"",""Count"":""3791889""}"
363;"2026-07-27T12:00:00.000Z";"2026-07-27T13:00:00.000Z";4886359.276;"{""TimeSeriesType"":""CTT_SUM_CONS_ACP"",""Res"":""PT1H"",""Uom"":""KWH"",""ReadTS"":""2026-07-27T12:00:00Z"",""Value"":""4886359.276"",""Count"":""3791885""}"
363;"2026-07-27T11:00:00.000Z";"2026-07-27T12:00:00.000Z";4961539.355;"{""TimeSeriesType"":""CTT_SUM_CONS_ACP"",""Res"":""PT1H"",""Uom"":""KWH"",""ReadTS"":""2026-07-27T11:00:00Z"",""Value"":""4961539.355"",""Count"":""3791881""}"
363;"2026-07-27T10:00:00.000Z";"2026-07-27T11:00:00.000Z";5016177.971;"{""TimeSeriesType"":""CTT_SUM_CONS_ACP"",""Res"":""PT1H"",""Uom"":""KWH"",""ReadTS"":""2026-07-27T10:00:00Z"",""Value"":""5016177.971"",""Count"":""3791856""}"
363;"2026-07-27T09:00:00.000Z";"2026-07-27T10:00:00.000Z";5059791.706;"{""TimeSeriesType"":""CTT_SUM_CONS_ACP"",""Res"":""PT1H"",""Uom"":""KWH"",""ReadTS"":""2026-07-27T09:00:00Z"",""Value"":""5059791.706"",""Count"":""3791836""}"
363;"2026-07-27T08:00:00.000Z";"2026-07-27T09:00:00.000Z";5024561.759;"{""TimeSeriesType"":""CTT_SUM_CONS_ACP"",""Res"":""PT1H"",""Uom"":""KWH"",""ReadTS"":""2026-07-27T08:00:00Z"",""Value"":""5024561.759"",""Count"":""3791826""}"
363;"2026-07-27T07:00:00.000Z";"2026-07-27T08:00:00.000Z";4932476.581;"{""TimeSeriesType"":""CTT_SUM_CONS_ACP"",""Res"":""PT1H"",""Uom"":""KWH"",""ReadTS"":""2026-07-27T07:00:00Z"",""Value"":""4932476.581"",""Count"":""3791808""}"
363;"2026-07-27T06:00:00.000Z";"2026-07-27T07:00:00.000Z";4844380.859;"{""TimeSeriesType"":""CTT_SUM_CONS_ACP"",""Res"":""PT1H"",""Uom"":""KWH"",""ReadTS"":""2026-07-27T06:00:00Z"",""Value"":""4844380.859"",""Count"":""3791790""}"
363;"2026-07-27T05:00:00.000Z";"2026-07-27T06:00:00.000Z";4649087.055;"{""TimeSeriesType"":""CTT_SUM_CONS_ACP"",""Res"":""PT1H"",""Uom"":""KWH"",""ReadTS"":""2026-07-27T05:00:00Z"",""Value"":""4649087.055"",""Count"":""3791979""}"
363;"2026-07-27T04:00:00.000Z";"2026-07-27T05:00:00.000Z";4352431.082;"{""TimeSeriesType"":""CTT_SUM_CONS_ACP"",""Res"":""PT1H"",""Uom"":""KWH"",""ReadTS"":""2026-07-27T04:00:00Z"",""Value"":""4352431.082"",""Count"":""3792021""}"
363;"2026-07-27T03:00:00.000Z";"2026-07-27T04:00:00.000Z";3966766.207;"{""TimeSeriesType"":""CTT_SUM_CONS_ACP"",""Res"":""PT1H"",""Uom"":""KWH"",""ReadTS"":""2026-07-27T03:00:00Z"",""Value"":""3966766.207"",""Count"":""3792023""}"
363;"2026-07-27T02:00:00.000Z";"2026-07-27T03:00:00.000Z";3543471.391;"{""TimeSeriesType"":""CTT_SUM_CONS_ACP"",""Res"":""PT1H"",""Uom"":""KWH"",""ReadTS"":""2026-07-27T02:00:00Z"",""Value"":""3543471.391"",""Count"":""3792024""}"
363;"2026-07-27T01:00:00.000Z";"2026-07-27T02:00:00.000Z";3459785.935;"{""TimeSeriesType"":""CTT_SUM_CONS_ACP"",""Res"":""PT1H"",""Uom"":""KWH"",""ReadTS"":""2026-07-27T01:00:00Z"",""Value"":""3459785.935"",""Count"":""3792051""}"
363;"2026-07-27T00:00:00.000Z";"2026-07-27T01:00:00.000Z";3513135.92;"{""TimeSeriesType"":""CTT_SUM_CONS_ACP"",""Res"":""PT1H"",""Uom"":""KWH"",""ReadTS"":""2026-07-27T00:00:00Z"",""Value"":""3513135.92"",""Count"":""3792050""}"
363;"2026-07-26T23:00:00.000Z";"2026-07-27T00:00:00.000Z";3593199.63;"{""TimeSeriesType"":""CTT_SUM_CONS_ACP"",""Res"":""PT1H"",""Uom"":""KWH"",""ReadTS"":""2026-07-26T23:00:00Z"",""Value"":""3593199.63"",""Count"":""3792046""}"
363;"2026-07-26T22:00:00.000Z";"2026-07-26T23:00:00.000Z";3774587.23;"{""TimeSeriesType"":""CTT_SUM_CONS_ACP"",""Res"":""PT1H"",""Uom"":""KWH"",""ReadTS"":""2026-07-26T22:00:00Z"",""Value"":""3774587.23"",""Count"":""3792047""}"
363;"2026-07-26T21:00:00.000Z";"2026-07-26T22:00:00.000Z";4075129.557;"{""TimeSeriesType"":""CTT_SUM_CONS_ACP"",""Res"":""PT1H"",""Uom"":""KWH"",""ReadTS"":""2026-07-26T21:00:00Z"",""Value"":""4075129.557"",""Count"":""3792045""}"
363;"2026-07-26T20:00:00.000Z";"2026-07-26T21:00:00.000Z";4392109.535;"{""TimeSeriesType"":""CTT_SUM_CONS_ACP"",""Res"":""PT1H"",""Uom"":""KWH"",""ReadTS"":""2026-07-26T20:00:00Z"",""Value"":""4392109.535"",""Count"":""3791116""}"
363;"2026-07-26T19:00:00.000Z";"2026-07-26T20:00:00.000Z";4566451.61;"{""TimeSeriesType"":""CTT_SUM_CONS_ACP"",""Res"":""PT1H"",""Uom"":""KWH"",""ReadTS"":""2026-07-26T19:00:00Z"",""Value"":""4566451.61"",""Count"":""3791116""}"
363;"2026-07-26T18:00:00.000Z";"2026-07-26T19:00:00.000Z";4433597.714;"{""TimeSeriesType"":""CTT_SUM_CONS_ACP"",""Res"":""PT1H"",""Uom"":""KWH"",""ReadTS"":""2026-07-26T18:00:00Z"",""Value"":""4433597.714"",""Count"":""3791116""}"
363;"2026-07-26T17:00:00.000Z";"2026-07-26T18:00:00.000Z";4585985.477;"{""TimeSeriesType"":""CTT_SUM_CONS_ACP"",""Res"":""PT1H"",""Uom"":""KWH"",""ReadTS"":""2026-07-26T17:00:00Z"",""Value"":""4585985.477"",""Count"":""3791115""}"
363;"2026-07-26T16:00:00.000Z";"2026-07-26T17:00:00.000Z";4626130.306;"{""TimeSeriesType"":""CTT_SUM_CONS_ACP"",""Res"":""PT1H"",""Uom"":""KWH"",""ReadTS"":""2026-07-26T16:00:00Z"",""Value"":""4626130.306"",""Count"":""3791115""}"
363;"2026-07-26T15:00:00.000Z";"2026-07-26T16:00:00.000Z";4540891.731;"{""TimeSeriesType"":""CTT_SUM_CONS_ACP"",""Res"":""PT1H"",""Uom"":""KWH"",""ReadTS"":""2026-07-26T15:00:00Z"",""Value"":""4540891.731"",""Count"":""3791115""}"
363;"2026-07-26T14:00:00.000Z";"2026-07-26T15:00:00.000Z";4466391.961;"{""TimeSeriesType"":""CTT_SUM_CONS_ACP"",""Res"":""PT1H"",""Uom"":""KWH"",""ReadTS"":""2026-07-26T14:00:00Z"",""Value"":""4466391.961"",""Count"":""3791113""}"
363;"2026-07-26T13:00:00.000Z";"2026-07-26T14:00:00.000Z";4424252.353;"{""TimeSeriesType"":""CTT_SUM_CONS_ACP"",""Res"":""PT1H"",""Uom"":""KWH"",""ReadTS"":""2026-07-26T13:00:00Z"",""Value"":""4424252.353"",""Count"":""3791114""}"
363;"2026-07-26T12:00:00.000Z";"2026-07-26T13:00:00.000Z";4389399.562;"{""TimeSeriesType"":""CTT_SUM_CONS_ACP"",""Res"":""PT1H"",""Uom"":""KWH"",""ReadTS"":""2026-07-26T12:00:00Z"",""Value"":""4389399.562"",""Count"":""3791114""}"
363;"2026-07-26T11:00:00.000Z";"2026-07-26T12:00:00.000Z";4403521.48;"{""TimeSeriesType"":""CTT_SUM_CONS_ACP"",""Res"":""PT1H"",""Uom"":""KWH"",""ReadTS"":""2026-07-26T11:00:00Z"",""Value"":""4403521.48"",""Count"":""3791114""}"
363;"2026-07-26T10:00:00.000Z";"2026-07-26T11:00:00.000Z";4417198.24;"{""TimeSeriesType"":""CTT_SUM_CONS_ACP"",""Res"":""PT1H"",""Uom"":""KWH"",""ReadTS"":""2026-07-26T10:00:00Z"",""Value"":""4417198.24"",""Count"":""3791115""}"
363;"2026-07-26T09:00:00.000Z";"2026-07-26T10:00:00.000Z";4392990.469;"{""TimeSeriesType"":""CTT_SUM_CONS_ACP"",""Res"":""PT1H"",""Uom"":""KWH"",""ReadTS"":""2026-07-26T09:00:00Z"",""Value"":""4392990.469"",""Count"":""3791116""}"
363;"2026-07-26T08:00:00.000Z";"2026-07-26T09:00:00.000Z";4306091.334;"{""TimeSeriesType"":""CTT_SUM_CONS_ACP"",""Res"":""PT1H"",""Uom"":""KWH"",""ReadTS"":""2026-07-26T08:00:00Z"",""Value"":""4306091.334"",""Count"":""3791116""}"
363;"2026-07-26T07:00:00.000Z";"2026-07-26T08:00:00.000Z";4140936.05;"{""TimeSeriesType"":""CTT_SUM_CONS_ACP"",""Res"":""PT1H"",""Uom"":""KWH"",""ReadTS"":""2026-07-26T07:00:00Z"",""Value"":""4140936.05"",""Count"":""3791116""}"
363;"2026-07-26T06:00:00.000Z";"2026-07-26T07:00:00.000Z";3912097.547;"{""TimeSeriesType"":""CTT_SUM_CONS_ACP"",""Res"":""PT1H"",""Uom"":""KWH"",""ReadTS"":""2026-07-26T06:00:00Z"",""Value"":""3912097.547"",""Count"":""3791115""}"
363;"2026-07-26T05:00:00.000Z";"2026-07-26T06:00:00.000Z";3687887.47;"{""TimeSeriesType"":""CTT_SUM_CONS_ACP"",""Res"":""PT1H"",""Uom"":""KWH"",""ReadTS"":""2026-07-26T05:00:00Z"",""Value"":""3687887.47"",""Count"":""3791115""}"
363;"2026-07-26T04:00:00.000Z";"2026-07-26T05:00:00.000Z";3508389.955;"{""TimeSeriesType"":""CTT_SUM_CONS_ACP"",""Res"":""PT1H"",""Uom"":""KWH"",""ReadTS"":""2026-07-26T04:00:00Z"",""Value"":""3508389.955"",""Count"":""3791116""}"
363;"2026-07-26T03:00:00.000Z";"2026-07-26T04:00:00.000Z";3453516.575;"{""TimeSeriesType"":""CTT_SUM_CONS_ACP"",""Res"":""PT1H"",""Uom"":""KWH"",""ReadTS"":""2026-07-26T03:00:00Z"",""Value"":""3453516.575"",""Count"":""3791115""}"
363;"2026-07-26T02:00:00.000Z";"2026-07-26T03:00:00.000Z";3410372.714;"{""TimeSeriesType"":""CTT_SUM_CONS_ACP"",""Res"":""PT1H"",""Uom"":""KWH"",""ReadTS"":""2026-07-26T02:00:00Z"",""Value"":""3410372.714"",""Count"":""3791115""}"
363;"2026-07-26T01:00:00.000Z";"2026-07-26T02:00:00.000Z";3483825.957;"{""TimeSeriesType"":""CTT_SUM_CONS_ACP"",""Res"":""PT1H"",""Uom"":""KWH"",""ReadTS"":""2026-07-26T01:00:00Z"",""Value"":""3483825.957"",""Count"":""3791115""}"
363;"2026-07-26T00:00:00.000Z";"2026-07-26T01:00:00.000Z";3567439.163;"{""TimeSeriesType"":""CTT_SUM_CONS_ACP"",""Res"":""PT1H"",""Uom"":""KWH"",""ReadTS"":""2026-07-26T00:00:00Z"",""Value"":""3567439.163"",""Count"":""3791115""}"
363;"2026-07-25T23:00:00.000Z";"2026-07-26T00:00:00.000Z";3625943.278;"{""TimeSeriesType"":""CTT_SUM_CONS_ACP"",""Res"":""PT1H"",""Uom"":""KWH"",""ReadTS"":""2026-07-25T23:00:00Z"",""Value"":""3625943.278"",""Count"":""3791111""}"
363;"2026-07-25T22:00:00.000Z";"2026-07-25T23:00:00.000Z";3749002.766;"{""TimeSeriesType"":""CTT_SUM_CONS_ACP"",""Res"":""PT1H"",""Uom"":""KWH"",""ReadTS"":""2026-07-25T22:00:00Z"",""Value"":""3749002.766"",""Count"":""3791111""}"
363;"2026-07-25T21:00:00.000Z";"2026-07-25T22:00:00.000Z";4020401.36;"{""TimeSeriesType"":""CTT_SUM_CONS_ACP"",""Res"":""PT1H"",""Uom"":""KWH"",""ReadTS"":""2026-07-25T21:00:00Z"",""Value"":""4020401.36"",""Count"":""3791110""}"
363;"2026-07-25T20:00:00.000Z";"2026-07-25T21:00:00.000Z";4332549.809;"{""TimeSeriesType"":""CTT_SUM_CONS_ACP"",""Res"":""PT1H"",""Uom"":""KWH"",""ReadTS"":""2026-07-25T20:00:00Z"",""Value"":""4332549.809"",""Count"":""3791170""}"
363;"2026-07-25T19:00:00.000Z";"2026-07-25T20:00:00.000Z";4506533.564;"{""TimeSeriesType"":""CTT_SUM_CONS_ACP"",""Res"":""PT1H"",""Uom"":""KWH"",""ReadTS"":""2026-07-25T19:00:00Z"",""Value"":""4506533.564"",""Count"":""3791170""}"
363;"2026-07-25T18:00:00.000Z";"2026-07-25T19:00:00.000Z";4380564.252;"{""TimeSeriesType"":""CTT_SUM_CONS_ACP"",""Res"":""PT1H"",""Uom"":""KWH"",""ReadTS"":""2026-07-25T18:00:00Z"",""Value"":""4380564.252"",""Count"":""3791170""}"
363;"2026-07-25T17:00:00.000Z";"2026-07-25T18:00:00.000Z";4554209.992;"{""TimeSeriesType"":""CTT_SUM_CONS_ACP"",""Res"":""PT1H"",""Uom"":""KWH"",""ReadTS"":""2026-07-25T17:00:00Z"",""Value"":""4554209.992"",""Count"":""3791170""}"
363;"2026-07-25T16:00:00.000Z";"2026-07-25T17:00:00.000Z";4623399.763;"{""TimeSeriesType"":""CTT_SUM_CONS_ACP"",""Res"":""PT1H"",""Uom"":""KWH"",""ReadTS"":""2026-07-25T16:00:00Z"",""Value"":""4623399.763"",""Count"":""3791170""}"
363;"2026-07-25T15:00:00.000Z";"2026-07-25T16:00:00.000Z";4607901.899;"{""TimeSeriesType"":""CTT_SUM_CONS_ACP"",""Res"":""PT1H"",""Uom"":""KWH"",""ReadTS"":""2026-07-25T15:00:00Z"",""Value"":""4607901.899"",""Count"":""3791170""}"
363;"2026-07-25T14:00:00.000Z";"2026-07-25T15:00:00.000Z";4553434.468;"{""TimeSeriesType"":""CTT_SUM_CONS_ACP"",""Res"":""PT1H"",""Uom"":""KWH"",""ReadTS"":""2026-07-25T14:00:00Z"",""Value"":""4553434.468"",""Count"":""3791170""}"
363;"2026-07-25T13:00:00.000Z";"2026-07-25T14:00:00.000Z";4463370.909;"{""TimeSeriesType"":""CTT_SUM_CONS_ACP"",""Res"":""PT1H"",""Uom"":""KWH"",""ReadTS"":""2026-07-25T13:00:00Z"",""Value"":""4463370.909"",""Count"":""3791169""}"
363;"2026-07-25T12:00:00.000Z";"2026-07-25T13:00:00.000Z";4372153.166;"{""TimeSeriesType"":""CTT_SUM_CONS_ACP"",""Res"":""PT1H"",""Uom"":""KWH"",""ReadTS"":""2026-07-25T12:00:00Z"",""Value"":""4372153.166"",""Count"":""3791169""}"
363;"2026-07-25T11:00:00.000Z";"2026-07-25T12:00:00.000Z";4351031.94;"{""TimeSeriesType"":""CTT_SUM_CONS_ACP"",""Res"":""PT1H"",""Uom"":""KWH"",""ReadTS"":""2026-07-25T11:00:00Z"",""Value"":""4351031.94"",""Count"":""3791169""}"
363;"2026-07-25T10:00:00.000Z";"2026-07-25T11:00:00.000Z";4333510.127;"{""TimeSeriesType"":""CTT_SUM_CONS_ACP"",""Res"":""PT1H"",""Uom"":""KWH"",""ReadTS"":""2026-07-25T10:00:00Z"",""Value"":""4333510.127"",""Count"":""3791169""}"
363;"2026-07-25T09:00:00.000Z";"2026-07-25T10:00:00.000Z";4334595.545;"{""TimeSeriesType"":""CTT_SUM_CONS_ACP"",""Res"":""PT1H"",""Uom"":""KWH"",""ReadTS"":""2026-07-25T09:00:00Z"",""Value"":""4334595.545"",""Count"":""3791168""}"
363;"2026-07-25T08:00:00.000Z";"2026-07-25T09:00:00.000Z";4291232.803;"{""TimeSeriesType"":""CTT_SUM_CONS_ACP"",""Res"":""PT1H"",""Uom"":""KWH"",""ReadTS"":""2026-07-25T08:00:00Z"",""Value"":""4291232.803"",""Count"":""3791168""}"
363;"2026-07-25T07:00:00.000Z";"2026-07-25T08:00:00.000Z";4191648.733;"{""TimeSeriesType"":""CTT_SUM_CONS_ACP"",""Res"":""PT1H"",""Uom"":""KWH"",""ReadTS"":""2026-07-25T07:00:00Z"",""Value"":""4191648.733"",""Count"":""3791168""}"
363;"2026-07-25T06:00:00.000Z";"2026-07-25T07:00:00.000Z";4001396.368;"{""TimeSeriesType"":""CTT_SUM_CONS_ACP"",""Res"":""PT1H"",""Uom"":""KWH"",""ReadTS"":""2026-07-25T06:00:00Z"",""Value"":""4001396.368"",""Count"":""3791167""}"
363;"2026-07-25T05:00:00.000Z";"2026-07-25T06:00:00.000Z";3793303.486;"{""TimeSeriesType"":""CTT_SUM_CONS_ACP"",""Res"":""PT1H"",""Uom"":""KWH"",""ReadTS"":""2026-07-25T05:00:00Z"",""Value"":""3793303.486"",""Count"":""3791171""}"
363;"2026-07-25T04:00:00.000Z";"2026-07-25T05:00:00.000Z";3608479.772;"{""TimeSeriesType"":""CTT_SUM_CONS_ACP"",""Res"":""PT1H"",""Uom"":""KWH"",""ReadTS"":""2026-07-25T04:00:00Z"",""Value"":""3608479.772"",""Count"":""3791172""}"
363;"2026-07-25T03:00:00.000Z";"2026-07-25T04:00:00.000Z";3514558.045;"{""TimeSeriesType"":""CTT_SUM_CONS_ACP"",""Res"":""PT1H"",""Uom"":""KWH"",""ReadTS"":""2026-07-25T03:00:00Z"",""Value"":""3514558.045"",""Count"":""3791172""}"
363;"2026-07-25T02:00:00.000Z";"2026-07-25T03:00:00.000Z";3436994.185;"{""TimeSeriesType"":""CTT_SUM_CONS_ACP"",""Res"":""PT1H"",""Uom"":""KWH"",""ReadTS"":""2026-07-25T02:00:00Z"",""Value"":""3436994.185"",""Count"":""3791172""}"
363;"2026-07-25T01:00:00.000Z";"2026-07-25T02:00:00.000Z";3482755.452;"{""TimeSeriesType"":""CTT_SUM_CONS_ACP"",""Res"":""PT1H"",""Uom"":""KWH"",""ReadTS"":""2026-07-25T01:00:00Z"",""Value"":""3482755.452"",""Count"":""3791172""}"
363;"2026-07-25T00:00:00.000Z";"2026-07-25T01:00:00.000Z";3615087.901;"{""TimeSeriesType"":""CTT_SUM_CONS_ACP"",""Res"":""PT1H"",""Uom"":""KWH"",""ReadTS"":""2026-07-25T00:00:00Z"",""Value"":""3615087.901"",""Count"":""3791172""}"
363;"2026-07-24T23:00:00.000Z";"2026-07-25T00:00:00.000Z";3734855.304;"{""TimeSeriesType"":""CTT_SUM_CONS_ACP"",""Res"":""PT1H"",""Uom"":""KWH"",""ReadTS"":""2026-07-24T23:00:00Z"",""Value"":""3734855.304"",""Count"":""3791175""}"
363;"2026-07-24T22:00:00.000Z";"2026-07-24T23:00:00.000Z";3815989.891;"{""TimeSeriesType"":""CTT_SUM_CONS_ACP"",""Res"":""PT1H"",""Uom"":""KWH"",""ReadTS"":""2026-07-24T22:00:00Z"",""Value"":""3815989.891"",""Count"":""3791174""}"
363;"2026-07-24T21:00:00.000Z";"2026-07-24T22:00:00.000Z";4081552.136;"{""TimeSeriesType"":""CTT_SUM_CONS_ACP"",""Res"":""PT1H"",""Uom"":""KWH"",""ReadTS"":""2026-07-24T21:00:00Z"",""Value"":""4081552.136"",""Count"":""3791174""}"
363;"2026-07-24T20:00:00.000Z";"2026-07-24T21:00:00.000Z";4414598.181;"{""TimeSeriesType"":""CTT_SUM_CONS_ACP"",""Res"":""PT1H"",""Uom"":""KWH"",""ReadTS"":""2026-07-24T20:00:00Z"",""Value"":""4414598.181"",""Count"":""3791469""}"
363;"2026-07-24T19:00:00.000Z";"2026-07-24T20:00:00.000Z";4606373.507;"{""TimeSeriesType"":""CTT_SUM_CONS_ACP"",""Res"":""PT1H"",""Uom"":""KWH"",""ReadTS"":""2026-07-24T19:00:00Z"",""Value"":""4606373.507"",""Count"":""3791469""}"
363;"2026-07-24T18:00:00.000Z";"2026-07-24T19:00:00.000Z";4499938.266;"{""TimeSeriesType"":""CTT_SUM_CONS_ACP"",""Res"":""PT1H"",""Uom"":""KWH"",""ReadTS"":""2026-07-24T18:00:00Z"",""Value"":""4499938.266"",""Count"":""3791469""}"
363;"2026-07-24T17:00:00.000Z";"2026-07-24T18:00:00.000Z";4692550.395;"{""TimeSeriesType"":""CTT_SUM_CONS_ACP"",""Res"":""PT1H"",""Uom"":""KWH"",""ReadTS"":""2026-07-24T17:00:00Z"",""Value"":""4692550.395"",""Count"":""3791468""}"
363;"2026-07-24T16:00:00.000Z";"2026-07-24T17:00:00.000Z";4770626.755;"{""TimeSeriesType"":""CTT_SUM_CONS_ACP"",""Res"":""PT1H"",""Uom"":""KWH"",""ReadTS"":""2026-07-24T16:00:00Z"",""Value"":""4770626.755"",""Count"":""3791466""}"
363;"2026-07-24T15:00:00.000Z";"2026-07-24T16:00:00.000Z";4748815.834;"{""TimeSeriesType"":""CTT_SUM_CONS_ACP"",""Res"":""PT1H"",""Uom"":""KWH"",""ReadTS"":""2026-07-24T15:00:00Z"",""Value"":""4748815.834"",""Count"":""3791464""}"
363;"2026-07-24T14:00:00.000Z";"2026-07-24T15:00:00.000Z";4762671.919;"{""TimeSeriesType"":""CTT_SUM_CONS_ACP"",""Res"":""PT1H"",""Uom"":""KWH"",""ReadTS"":""2026-07-24T14:00:00Z"",""Value"":""4762671.919"",""Count"":""3791462""}"
363;"2026-07-24T13:00:00.000Z";"2026-07-24T14:00:00.000Z";4781380.751;"{""TimeSeriesType"":""CTT_SUM_CONS_ACP"",""Res"":""PT1H"",""Uom"":""KWH"",""ReadTS"":""2026-07-24T13:00:00Z"",""Value"":""4781380.751"",""Count"":""3791459""}"
363;"2026-07-24T12:00:00.000Z";"2026-07-24T13:00:00.000Z";4758171.136;"{""TimeSeriesType"":""CTT_SUM_CONS_ACP"",""Res"":""PT1H"",""Uom"":""KWH"",""ReadTS"":""2026-07-24T12:00:00Z"",""Value"":""4758171.136"",""Count"":""3791454""}"
363;"2026-07-24T11:00:00.000Z";"2026-07-24T12:00:00.000Z";4772025.397;"{""TimeSeriesType"":""CTT_SUM_CONS_ACP"",""Res"":""PT1H"",""Uom"":""KWH"",""ReadTS"":""2026-07-24T11:00:00Z"",""Value"":""4772025.397"",""Count"":""3791436""}"
363;"2026-07-24T10:00:00.000Z";"2026-07-24T11:00:00.000Z";4829083.6;"{""TimeSeriesType"":""CTT_SUM_CONS_ACP"",""Res"":""PT1H"",""Uom"":""KWH"",""ReadTS"":""2026-07-24T10:00:00Z"",""Value"":""4829083.6"",""Count"":""3791430""}"
363;"2026-07-24T09:00:00.000Z";"2026-07-24T10:00:00.000Z";4865224.239;"{""TimeSeriesType"":""CTT_SUM_CONS_ACP"",""Res"":""PT1H"",""Uom"":""KWH"",""ReadTS"":""2026-07-24T09:00:00Z"",""Value"":""4865224.239"",""Count"":""3791404""}"
363;"2026-07-24T08:00:00.000Z";"2026-07-24T09:00:00.000Z";4845237.543;"{""TimeSeriesType"":""CTT_SUM_CONS_ACP"",""Res"":""PT1H"",""Uom"":""KWH"",""ReadTS"":""2026-07-24T08:00:00Z"",""Value"":""4845237.543"",""Count"":""3791388""}"
363;"2026-07-24T07:00:00.000Z";"2026-07-24T08:00:00.000Z";4767897.931;"{""TimeSeriesType"":""CTT_SUM_CONS_ACP"",""Res"":""PT1H"",""Uom"":""KWH"",""ReadTS"":""2026-07-24T07:00:00Z"",""Value"":""4767897.931"",""Count"":""3791370""}"
363;"2026-07-24T06:00:00.000Z";"2026-07-24T07:00:00.000Z";4687497.046;"{""TimeSeriesType"":""CTT_SUM_CONS_ACP"",""Res"":""PT1H"",""Uom"":""KWH"",""ReadTS"":""2026-07-24T06:00:00Z"",""Value"":""4687497.046"",""Count"":""3791353""}"
363;"2026-07-24T05:00:00.000Z";"2026-07-24T06:00:00.000Z";4559427.169;"{""TimeSeriesType"":""CTT_SUM_CONS_ACP"",""Res"":""PT1H"",""Uom"":""KWH"",""ReadTS"":""2026-07-24T05:00:00Z"",""Value"":""4559427.169"",""Count"":""3791360""}"
363;"2026-07-24T04:00:00.000Z";"2026-07-24T05:00:00.000Z";4384563.51;"{""TimeSeriesType"":""CTT_SUM_CONS_ACP"",""Res"":""PT1H"",""Uom"":""KWH"",""ReadTS"":""2026-07-24T04:00:00Z"",""Value"":""4384563.51"",""Count"":""3791364""}"
363;"2026-07-24T03:00:00.000Z";"2026-07-24T04:00:00.000Z";4101821.082;"{""TimeSeriesType"":""CTT_SUM_CONS_ACP"",""Res"":""PT1H"",""Uom"":""KWH"",""ReadTS"":""2026-07-24T03:00:00Z"",""Value"":""4101821.082"",""Count"":""3791365""}"
363;"2026-07-24T02:00:00.000Z";"2026-07-24T03:00:00.000Z";3755458.657;"{""TimeSeriesType"":""CTT_SUM_CONS_ACP"",""Res"":""PT1H"",""Uom"":""KWH"",""ReadTS"":""2026-07-24T02:00:00Z"",""Value"":""3755458.657"",""Count"":""3791365""}"
363;"2026-07-24T01:00:00.000Z";"2026-07-24T02:00:00.000Z";3649184.219;"{""TimeSeriesType"":""CTT_SUM_CONS_ACP"",""Res"":""PT1H"",""Uom"":""KWH"",""ReadTS"":""2026-07-24T01:00:00Z"",""Value"":""3649184.219"",""Count"":""3791418""}"
363;"2026-07-24T00:00:00.000Z";"2026-07-24T01:00:00.000Z";3726362.903;"{""TimeSeriesType"":""CTT_SUM_CONS_ACP"",""Res"":""PT1H"",""Uom"":""KWH"",""ReadTS"":""2026-07-24T00:00:00Z"",""Value"":""3726362.903"",""Count"":""3791418""}"
363;"2026-07-23T23:00:00.000Z";"2026-07-24T00:00:00.000Z";3798710.32;"{""TimeSeriesType"":""CTT_SUM_CONS_ACP"",""Res"":""PT1H"",""Uom"":""KWH"",""ReadTS"":""2026-07-23T23:00:00Z"",""Value"":""3798710.32"",""Count"":""3791418""}"
363;"2026-07-23T22:00:00.000Z";"2026-07-23T23:00:00.000Z";3927415.782;"{""TimeSeriesType"":""CTT_SUM_CONS_ACP"",""Res"":""PT1H"",""Uom"":""KWH"",""ReadTS"":""2026-07-23T22:00:00Z"",""Value"":""3927415.782"",""Count"":""3791418""}"
363;"2026-07-23T21:00:00.000Z";"2026-07-23T22:00:00.000Z";4187484.819;"{""TimeSeriesType"":""CTT_SUM_CONS_ACP"",""Res"":""PT1H"",""Uom"":""KWH"",""ReadTS"":""2026-07-23T21:00:00Z"",""Value"":""4187484.819"",""Count"":""3791414""}"
363;"2026-07-23T20:00:00.000Z";"2026-07-23T21:00:00.000Z";4531099.719;"{""TimeSeriesType"":""CTT_SUM_CONS_ACP"",""Res"":""PT1H"",""Uom"":""KWH"",""ReadTS"":""2026-07-23T20:00:00Z"",""Value"":""4531099.719"",""Count"":""3790513""}"
363;"2026-07-23T19:00:00.000Z";"2026-07-23T20:00:00.000Z";4683763.71;"{""TimeSeriesType"":""CTT_SUM_CONS_ACP"",""Res"":""PT1H"",""Uom"":""KWH"",""ReadTS"":""2026-07-23T19:00:00Z"",""Value"":""4683763.71"",""Count"":""3790513""}"
363;"2026-07-23T18:00:00.000Z";"2026-07-23T19:00:00.000Z";4587676.873;"{""TimeSeriesType"":""CTT_SUM_CONS_ACP"",""Res"":""PT1H"",""Uom"":""KWH"",""ReadTS"":""2026-07-23T18:00:00Z"",""Value"":""4587676.873"",""Count"":""3790514""}"
363;"2026-07-23T17:00:00.000Z";"2026-07-23T18:00:00.000Z";4750854.994;"{""TimeSeriesType"":""CTT_SUM_CONS_ACP"",""Res"":""PT1H"",""Uom"":""KWH"",""ReadTS"":""2026-07-23T17:00:00Z"",""Value"":""4750854.994"",""Count"":""3790513""}"
363;"2026-07-23T16:00:00.000Z";"2026-07-23T17:00:00.000Z";4758833.001;"{""TimeSeriesType"":""CTT_SUM_CONS_ACP"",""Res"":""PT1H"",""Uom"":""KWH"",""ReadTS"":""2026-07-23T16:00:00Z"",""Value"":""4758833.001"",""Count"":""3790512""}"
363;"2026-07-23T15:00:00.000Z";"2026-07-23T16:00:00.000Z";4705497.633;"{""TimeSeriesType"":""CTT_SUM_CONS_ACP"",""Res"":""PT1H"",""Uom"":""KWH"",""ReadTS"":""2026-07-23T15:00:00Z"",""Value"":""4705497.633"",""Count"":""3790512""}"
363;"2026-07-23T14:00:00.000Z";"2026-07-23T15:00:00.000Z";4746658.008;"{""TimeSeriesType"":""CTT_SUM_CONS_ACP"",""Res"":""PT1H"",""Uom"":""KWH"",""ReadTS"":""2026-07-23T14:00:00Z"",""Value"":""4746658.008"",""Count"":""3790512""}"
363;"2026-07-23T13:00:00.000Z";"2026-07-23T14:00:00.000Z";4770349.787;"{""TimeSeriesType"":""CTT_SUM_CONS_ACP"",""Res"":""PT1H"",""Uom"":""KWH"",""ReadTS"":""2026-07-23T13:00:00Z"",""Value"":""4770349.787"",""Count"":""3790507""}"
363;"2026-07-23T12:00:00.000Z";"2026-07-23T13:00:00.000Z";4787502.838;"{""TimeSeriesType"":""CTT_SUM_CONS_ACP"",""Res"":""PT1H"",""Uom"":""KWH"",""ReadTS"":""2026-07-23T12:00:00Z"",""Value"":""4787502.838"",""Count"":""3790499""}"
363;"2026-07-23T11:00:00.000Z";"2026-07-23T12:00:00.000Z";4842135.896;"{""TimeSeriesType"":""CTT_SUM_CONS_ACP"",""Res"":""PT1H"",""Uom"":""KWH"",""ReadTS"":""2026-07-23T11:00:00Z"",""Value"":""4842135.896"",""Count"":""3790490""}"
363;"2026-07-23T10:00:00.000Z";"2026-07-23T11:00:00.000Z";4902421.981;"{""TimeSeriesType"":""CTT_SUM_CONS_ACP"",""Res"":""PT1H"",""Uom"":""KWH"",""ReadTS"":""2026-07-23T10:00:00Z"",""Value"":""4902421.981"",""Count"":""3790481""}"
363;"2026-07-23T09:00:00.000Z";"2026-07-23T10:00:00.000Z";4915388.712;"{""TimeSeriesType"":""CTT_SUM_CONS_ACP"",""Res"":""PT1H"",""Uom"":""KWH"",""ReadTS"":""2026-07-23T09:00:00Z"",""Value"":""4915388.712"",""Count"":""3790461""}"
363;"2026-07-23T08:00:00.000Z";"2026-07-23T09:00:00.000Z";4898508.636;"{""TimeSeriesType"":""CTT_SUM_CONS_ACP"",""Res"":""PT1H"",""Uom"":""KWH"",""ReadTS"":""2026-07-23T08:00:00Z"",""Value"":""4898508.636"",""Count"":""3790453""}"
363;"2026-07-23T07:00:00.000Z";"2026-07-23T08:00:00.000Z";4807173.565;"{""TimeSeriesType"":""CTT_SUM_CONS_ACP"",""Res"":""PT1H"",""Uom"":""KWH"",""ReadTS"":""2026-07-23T07:00:00Z"",""Value"":""4807173.565"",""Count"":""3790436""}"
363;"2026-07-23T06:00:00.000Z";"2026-07-23T07:00:00.000Z";4740515.365;"{""TimeSeriesType"":""CTT_SUM_CONS_ACP"",""Res"":""PT1H"",""Uom"":""KWH"",""ReadTS"":""2026-07-23T06:00:00Z"",""Value"":""4740515.365"",""Count"":""3790427""}"
363;"2026-07-23T05:00:00.000Z";"2026-07-23T06:00:00.000Z";4590702.299;"{""TimeSeriesType"":""CTT_SUM_CONS_ACP"",""Res"":""PT1H"",""Uom"":""KWH"",""ReadTS"":""2026-07-23T05:00:00Z"",""Value"":""4590702.299"",""Count"":""3790501""}"
363;"2026-07-23T04:00:00.000Z";"2026-07-23T05:00:00.000Z";4353612.338;"{""TimeSeriesType"":""CTT_SUM_CONS_ACP"",""Res"":""PT1H"",""Uom"":""KWH"",""ReadTS"":""2026-07-23T04:00:00Z"",""Value"":""4353612.338"",""Count"":""3790522""}"
363;"2026-07-23T03:00:00.000Z";"2026-07-23T04:00:00.000Z";4046422.334;"{""TimeSeriesType"":""CTT_SUM_CONS_ACP"",""Res"":""PT1H"",""Uom"":""KWH"",""ReadTS"":""2026-07-23T03:00:00Z"",""Value"":""4046422.334"",""Count"":""3790521""}"
363;"2026-07-23T02:00:00.000Z";"2026-07-23T03:00:00.000Z";3703666.744;"{""TimeSeriesType"":""CTT_SUM_CONS_ACP"",""Res"":""PT1H"",""Uom"":""KWH"",""ReadTS"":""2026-07-23T02:00:00Z"",""Value"":""3703666.744"",""Count"":""3790524""}"
363;"2026-07-23T01:00:00.000Z";"2026-07-23T02:00:00.000Z";3657867.936;"{""TimeSeriesType"":""CTT_SUM_CONS_ACP"",""Res"":""PT1H"",""Uom"":""KWH"",""ReadTS"":""2026-07-23T01:00:00Z"",""Value"":""3657867.936"",""Count"":""3790549""}"
363;"2026-07-23T00:00:00.000Z";"2026-07-23T01:00:00.000Z";3744547.573;"{""TimeSeriesType"":""CTT_SUM_CONS_ACP"",""Res"":""PT1H"",""Uom"":""KWH"",""ReadTS"":""2026-07-23T00:00:00Z"",""Value"":""3744547.573"",""Count"":""3790549""}"
363;"2026-07-22T23:00:00.000Z";"2026-07-23T00:00:00.000Z";3799529.978;"{""TimeSeriesType"":""CTT_SUM_CONS_ACP"",""Res"":""PT1H"",""Uom"":""KWH"",""ReadTS"":""2026-07-22T23:00:00Z"",""Value"":""3799529.978"",""Count"":""3790547""}"
363;"2026-07-22T22:00:00.000Z";"2026-07-22T23:00:00.000Z";3938542.306;"{""TimeSeriesType"":""CTT_SUM_CONS_ACP"",""Res"":""PT1H"",""Uom"":""KWH"",""ReadTS"":""2026-07-22T22:00:00Z"",""Value"":""3938542.306"",""Count"":""3790547""}"
363;"2026-07-22T21:00:00.000Z";"2026-07-22T22:00:00.000Z";4204331.064;"{""TimeSeriesType"":""CTT_SUM_CONS_ACP"",""Res"":""PT1H"",""Uom"":""KWH"",""ReadTS"":""2026-07-22T21:00:00Z"",""Value"":""4204331.064"",""Count"":""3790548""}"
363;"2026-07-22T20:00:00.000Z";"2026-07-22T21:00:00.000Z";4527917.886;"{""TimeSeriesType"":""CTT_SUM_CONS_ACP"",""Res"":""PT1H"",""Uom"":""KWH"",""ReadTS"":""2026-07-22T20:00:00Z"",""Value"":""4527917.886"",""Count"":""3790125""}"
363;"2026-07-22T19:00:00.000Z";"2026-07-22T20:00:00.000Z";4701351.869;"{""TimeSeriesType"":""CTT_SUM_CONS_ACP"",""Res"":""PT1H"",""Uom"":""KWH"",""ReadTS"":""2026-07-22T19:00:00Z"",""Value"":""4701351.869"",""Count"":""3790125""}"
363;"2026-07-22T18:00:00.000Z";"2026-07-22T19:00:00.000Z";4617404.814;"{""TimeSeriesType"":""CTT_SUM_CONS_ACP"",""Res"":""PT1H"",""Uom"":""KWH"",""ReadTS"":""2026-07-22T18:00:00Z"",""Value"":""4617404.814"",""Count"":""3790125""}"
363;"2026-07-22T17:00:00.000Z";"2026-07-22T18:00:00.000Z";4811923.311;"{""TimeSeriesType"":""CTT_SUM_CONS_ACP"",""Res"":""PT1H"",""Uom"":""KWH"",""ReadTS"":""2026-07-22T17:00:00Z"",""Value"":""4811923.311"",""Count"":""3790124""}"
363;"2026-07-22T16:00:00.000Z";"2026-07-22T17:00:00.000Z";4849602.302;"{""TimeSeriesType"":""CTT_SUM_CONS_ACP"",""Res"":""PT1H"",""Uom"":""KWH"",""ReadTS"":""2026-07-22T16:00:00Z"",""Value"":""4849602.302"",""Count"":""3790123""}"
363;"2026-07-22T15:00:00.000Z";"2026-07-22T16:00:00.000Z";4783814.364;"{""TimeSeriesType"":""CTT_SUM_CONS_ACP"",""Res"":""PT1H"",""Uom"":""KWH"",""ReadTS"":""2026-07-22T15:00:00Z"",""Value"":""4783814.364"",""Count"":""3790123""}"
363;"2026-07-22T14:00:00.000Z";"2026-07-22T15:00:00.000Z";4761731.457;"{""TimeSeriesType"":""CTT_SUM_CONS_ACP"",""Res"":""PT1H"",""Uom"":""KWH"",""ReadTS"":""2026-07-22T14:00:00Z"",""Value"":""4761731.457"",""Count"":""3790122""}"
363;"2026-07-22T13:00:00.000Z";"2026-07-22T14:00:00.000Z";4746838.773;"{""TimeSeriesType"":""CTT_SUM_CONS_ACP"",""Res"":""PT1H"",""Uom"":""KWH"",""ReadTS"":""2026-07-22T13:00:00Z"",""Value"":""4746838.773"",""Count"":""3790118""}"
363;"2026-07-22T12:00:00.000Z";"2026-07-22T13:00:00.000Z";4753880.589;"{""TimeSeriesType"":""CTT_SUM_CONS_ACP"",""Res"":""PT1H"",""Uom"":""KWH"",""ReadTS"":""2026-07-22T12:00:00Z"",""Value"":""4753880.589"",""Count"":""3790109""}"
363;"2026-07-22T11:00:00.000Z";"2026-07-22T12:00:00.000Z";4806872.467;"{""TimeSeriesType"":""CTT_SUM_CONS_ACP"",""Res"":""PT1H"",""Uom"":""KWH"",""ReadTS"":""2026-07-22T11:00:00Z"",""Value"":""4806872.467"",""Count"":""3790086""}"
363;"2026-07-22T10:00:00.000Z";"2026-07-22T11:00:00.000Z";4871656.314;"{""TimeSeriesType"":""CTT_SUM_CONS_ACP"",""Res"":""PT1H"",""Uom"":""KWH"",""ReadTS"":""2026-07-22T10:00:00Z"",""Value"":""4871656.314"",""Count"":""3790032""}"
363;"2026-07-22T09:00:00.000Z";"2026-07-22T10:00:00.000Z";4920389.347;"{""TimeSeriesType"":""CTT_SUM_CONS_ACP"",""Res"":""PT1H"",""Uom"":""KWH"",""ReadTS"":""2026-07-22T09:00:00Z"",""Value"":""4920389.347"",""Count"":""3790018""}"
363;"2026-07-22T08:00:00.000Z";"2026-07-22T09:00:00.000Z";4895921.777;"{""TimeSeriesType"":""CTT_SUM_CONS_ACP"",""Res"":""PT1H"",""Uom"":""KWH"",""ReadTS"":""2026-07-22T08:00:00Z"",""Value"":""4895921.777"",""Count"":""3790014""}"
363;"2026-07-22T07:00:00.000Z";"2026-07-22T08:00:00.000Z";4827579.029;"{""TimeSeriesType"":""CTT_SUM_CONS_ACP"",""Res"":""PT1H"",""Uom"":""KWH"",""ReadTS"":""2026-07-22T07:00:00Z"",""Value"":""4827579.029"",""Count"":""3789988""}"
363;"2026-07-22T06:00:00.000Z";"2026-07-22T07:00:00.000Z";4745474.004;"{""TimeSeriesType"":""CTT_SUM_CONS_ACP"",""Res"":""PT1H"",""Uom"":""KWH"",""ReadTS"":""2026-07-22T06:00:00Z"",""Value"":""4745474.004"",""Count"":""3789998""}"
363;"2026-07-22T05:00:00.000Z";"2026-07-22T06:00:00.000Z";4596896.975;"{""TimeSeriesType"":""CTT_SUM_CONS_ACP"",""Res"":""PT1H"",""Uom"":""KWH"",""ReadTS"":""2026-07-22T05:00:00Z"",""Value"":""4596896.975"",""Count"":""3790044""}"
363;"2026-07-22T04:00:00.000Z";"2026-07-22T05:00:00.000Z";4395744.764;"{""TimeSeriesType"":""CTT_SUM_CONS_ACP"",""Res"":""PT1H"",""Uom"":""KWH"",""ReadTS"":""2026-07-22T04:00:00Z"",""Value"":""4395744.764"",""Count"":""3790064""}"
363;"2026-07-22T03:00:00.000Z";"2026-07-22T04:00:00.000Z";4114926.285;"{""TimeSeriesType"":""CTT_SUM_CONS_ACP"",""Res"":""PT1H"",""Uom"":""KWH"",""ReadTS"":""2026-07-22T03:00:00Z"",""Value"":""4114926.285"",""Count"":""3790067""}"
363;"2026-07-22T02:00:00.000Z";"2026-07-22T03:00:00.000Z";3770378.771;"{""TimeSeriesType"":""CTT_SUM_CONS_ACP"",""Res"":""PT1H"",""Uom"":""KWH"",""ReadTS"":""2026-07-22T02:00:00Z"",""Value"":""3770378.771"",""Count"":""3790066""}"
363;"2026-07-22T01:00:00.000Z";"2026-07-22T02:00:00.000Z";3687097.835;"{""TimeSeriesType"":""CTT_SUM_CONS_ACP"",""Res"":""PT1H"",""Uom"":""KWH"",""ReadTS"":""2026-07-22T01:00:00Z"",""Value"":""3687097.835"",""Count"":""3790107""}"
363;"2026-07-22T00:00:00.000Z";"2026-07-22T01:00:00.000Z";3780389.571;"{""TimeSeriesType"":""CTT_SUM_CONS_ACP"",""Res"":""PT1H"",""Uom"":""KWH"",""ReadTS"":""2026-07-22T00:00:00Z"",""Value"":""3780389.571"",""Count"":""3790107""}"
363;"2026-07-21T23:00:00.000Z";"2026-07-22T00:00:00.000Z";3858993.526;"{""TimeSeriesType"":""CTT_SUM_CONS_ACP"",""Res"":""PT1H"",""Uom"":""KWH"",""ReadTS"":""2026-07-21T23:00:00Z"",""Value"":""3858993.526"",""Count"":""3790107""}"
363;"2026-07-21T22:00:00.000Z";"2026-07-21T23:00:00.000Z";3980004.112;"{""TimeSeriesType"":""CTT_SUM_CONS_ACP"",""Res"":""PT1H"",""Uom"":""KWH"",""ReadTS"":""2026-07-21T22:00:00Z"",""Value"":""3980004.112"",""Count"":""3790107""}"
363;"2026-07-21T21:00:00.000Z";"2026-07-21T22:00:00.000Z";4246508.683;"{""TimeSeriesType"":""CTT_SUM_CONS_ACP"",""Res"":""PT1H"",""Uom"":""KWH"",""ReadTS"":""2026-07-21T21:00:00Z"",""Value"":""4246508.683"",""Count"":""3790108""}"
363;"2026-07-21T20:00:00.000Z";"2026-07-21T21:00:00.000Z";4582304.655;"{""TimeSeriesType"":""CTT_SUM_CONS_ACP"",""Res"":""PT1H"",""Uom"":""KWH"",""ReadTS"":""2026-07-21T20:00:00Z"",""Value"":""4582304.655"",""Count"":""3789820""}"
363;"2026-07-21T19:00:00.000Z";"2026-07-21T20:00:00.000Z";4721505.456;"{""TimeSeriesType"":""CTT_SUM_CONS_ACP"",""Res"":""PT1H"",""Uom"":""KWH"",""ReadTS"":""2026-07-21T19:00:00Z"",""Value"":""4721505.456"",""Count"":""3789825""}"
363;"2026-07-21T18:00:00.000Z";"2026-07-21T19:00:00.000Z";4634671.815;"{""TimeSeriesType"":""CTT_SUM_CONS_ACP"",""Res"":""PT1H"",""Uom"":""KWH"",""ReadTS"":""2026-07-21T18:00:00Z"",""Value"":""4634671.815"",""Count"":""3789825""}"
363;"2026-07-21T17:00:00.000Z";"2026-07-21T18:00:00.000Z";4801062.446;"{""TimeSeriesType"":""CTT_SUM_CONS_ACP"",""Res"":""PT1H"",""Uom"":""KWH"",""ReadTS"":""2026-07-21T17:00:00Z"",""Value"":""4801062.446"",""Count"":""3789825""}"
363;"2026-07-21T16:00:00.000Z";"2026-07-21T17:00:00.000Z";4814095.55;"{""TimeSeriesType"":""CTT_SUM_CONS_ACP"",""Res"":""PT1H"",""Uom"":""KWH"",""ReadTS"":""2026-07-21T16:00:00Z"",""Value"":""4814095.55"",""Count"":""3789825""}"
363;"2026-07-21T15:00:00.000Z";"2026-07-21T16:00:00.000Z";4735308.726;"{""TimeSeriesType"":""CTT_SUM_CONS_ACP"",""Res"":""PT1H"",""Uom"":""KWH"",""ReadTS"":""2026-07-21T15:00:00Z"",""Value"":""4735308.726"",""Count"":""3789825""}"
363;"2026-07-21T14:00:00.000Z";"2026-07-21T15:00:00.000Z";4715145.776;"{""TimeSeriesType"":""CTT_SUM_CONS_ACP"",""Res"":""PT1H"",""Uom"":""KWH"",""ReadTS"":""2026-07-21T14:00:00Z"",""Value"":""4715145.776"",""Count"":""3789822""}"
363;"2026-07-21T13:00:00.000Z";"2026-07-21T14:00:00.000Z";4702982.769;"{""TimeSeriesType"":""CTT_SUM_CONS_ACP"",""Res"":""PT1H"",""Uom"":""KWH"",""ReadTS"":""2026-07-21T13:00:00Z"",""Value"":""4702982.769"",""Count"":""3789815""}"
363;"2026-07-21T12:00:00.000Z";"2026-07-21T13:00:00.000Z";4715702.475;"{""TimeSeriesType"":""CTT_SUM_CONS_ACP"",""Res"":""PT1H"",""Uom"":""KWH"",""ReadTS"":""2026-07-21T12:00:00Z"",""Value"":""4715702.475"",""Count"":""3789797""}"
363;"2026-07-21T11:00:00.000Z";"2026-07-21T12:00:00.000Z";4748607.071;"{""TimeSeriesType"":""CTT_SUM_CONS_ACP"",""Res"":""PT1H"",""Uom"":""KWH"",""ReadTS"":""2026-07-21T11:00:00Z"",""Value"":""4748607.071"",""Count"":""3789789""}"
363;"2026-07-21T10:00:00.000Z";"2026-07-21T11:00:00.000Z";4795553.761;"{""TimeSeriesType"":""CTT_SUM_CONS_ACP"",""Res"":""PT1H"",""Uom"":""KWH"",""ReadTS"":""2026-07-21T10:00:00Z"",""Value"":""4795553.761"",""Count"":""3789785""}"
363;"2026-07-21T09:00:00.000Z";"2026-07-21T10:00:00.000Z";4823560.345;"{""TimeSeriesType"":""CTT_SUM_CONS_ACP"",""Res"":""PT1H"",""Uom"":""KWH"",""ReadTS"":""2026-07-21T09:00:00Z"",""Value"":""4823560.345"",""Count"":""3789789""}"
363;"2026-07-21T08:00:00.000Z";"2026-07-21T09:00:00.000Z";4787584.132;"{""TimeSeriesType"":""CTT_SUM_CONS_ACP"",""Res"":""PT1H"",""Uom"":""KWH"",""ReadTS"":""2026-07-21T08:00:00Z"",""Value"":""4787584.132"",""Count"":""3789792""}"
363;"2026-07-21T07:00:00.000Z";"2026-07-21T08:00:00.000Z";4707946.427;"{""TimeSeriesType"":""CTT_SUM_CONS_ACP"",""Res"":""PT1H"",""Uom"":""KWH"",""ReadTS"":""2026-07-21T07:00:00Z"",""Value"":""4707946.427"",""Count"":""3789777""}"
363;"2026-07-21T06:00:00.000Z";"2026-07-21T07:00:00.000Z";4616691.659;"{""TimeSeriesType"":""CTT_SUM_CONS_ACP"",""Res"":""PT1H"",""Uom"":""KWH"",""ReadTS"":""2026-07-21T06:00:00Z"",""Value"":""4616691.659"",""Count"":""3789768""}"
363;"2026-07-21T05:00:00.000Z";"2026-07-21T06:00:00.000Z";4478017.569;"{""TimeSeriesType"":""CTT_SUM_CONS_ACP"",""Res"":""PT1H"",""Uom"":""KWH"",""ReadTS"":""2026-07-21T05:00:00Z"",""Value"":""4478017.569"",""Count"":""3789849""}"
363;"2026-07-21T04:00:00.000Z";"2026-07-21T05:00:00.000Z";4284254.46;"{""TimeSeriesType"":""CTT_SUM_CONS_ACP"",""Res"":""PT1H"",""Uom"":""KWH"",""ReadTS"":""2026-07-21T04:00:00Z"",""Value"":""4284254.46"",""Count"":""3789884""}"
363;"2026-07-21T03:00:00.000Z";"2026-07-21T04:00:00.000Z";4000218.26;"{""TimeSeriesType"":""CTT_SUM_CONS_ACP"",""Res"":""PT1H"",""Uom"":""KWH"",""ReadTS"":""2026-07-21T03:00:00Z"",""Value"":""4000218.26"",""Count"":""3789882""}"
363;"2026-07-21T02:00:00.000Z";"2026-07-21T03:00:00.000Z";3644483.379;"{""TimeSeriesType"":""CTT_SUM_CONS_ACP"",""Res"":""PT1H"",""Uom"":""KWH"",""ReadTS"":""2026-07-21T02:00:00Z"",""Value"":""3644483.379"",""Count"":""3789884""}"
363;"2026-07-21T01:00:00.000Z";"2026-07-21T02:00:00.000Z";3543811.126;"{""TimeSeriesType"":""CTT_SUM_CONS_ACP"",""Res"":""PT1H"",""Uom"":""KWH"",""ReadTS"":""2026-07-21T01:00:00Z"",""Value"":""3543811.126"",""Count"":""3789893""}"
363;"2026-07-21T00:00:00.000Z";"2026-07-21T01:00:00.000Z";3605584.419;"{""TimeSeriesType"":""CTT_SUM_CONS_ACP"",""Res"":""PT1H"",""Uom"":""KWH"",""ReadTS"":""2026-07-21T00:00:00Z"",""Value"":""3605584.419"",""Count"":""3789893""}"
363;"2026-07-20T23:00:00.000Z";"2026-07-21T00:00:00.000Z";3680667.956;"{""TimeSeriesType"":""CTT_SUM_CONS_ACP"",""Res"":""PT1H"",""Uom"":""KWH"",""ReadTS"":""2026-07-20T23:00:00Z"",""Value"":""3680667.956"",""Count"":""3789895""}"
363;"2026-07-20T22:00:00.000Z";"2026-07-20T23:00:00.000Z";3819177.576;"{""TimeSeriesType"":""CTT_SUM_CONS_ACP"",""Res"":""PT1H"",""Uom"":""KWH"",""ReadTS"":""2026-07-20T22:00:00Z"",""Value"":""3819177.576"",""Count"":""3789895""}"
363;"2026-07-20T21:00:00.000Z";"2026-07-20T22:00:00.000Z";4077928.646;"{""TimeSeriesType"":""CTT_SUM_CONS_ACP"",""Res"":""PT1H"",""Uom"":""KWH"",""ReadTS"":""2026-07-20T21:00:00Z"",""Value"":""4077928.646"",""Count"":""3789893""}"
363;"2026-07-20T20:00:00.000Z";"2026-07-20T21:00:00.000Z";4423256.231;"{""TimeSeriesType"":""CTT_SUM_CONS_ACP"",""Res"":""PT1H"",""Uom"":""KWH"",""ReadTS"":""2026-07-20T20:00:00Z"",""Value"":""4423256.231"",""Count"":""3789902""}"
363;"2026-07-20T19:00:00.000Z";"2026-07-20T20:00:00.000Z";4576142.057;"{""TimeSeriesType"":""CTT_SUM_CONS_ACP"",""Res"":""PT1H"",""Uom"":""KWH"",""ReadTS"":""2026-07-20T19:00:00Z"",""Value"":""4576142.057"",""Count"":""3789902""}"
363;"2026-07-20T18:00:00.000Z";"2026-07-20T19:00:00.000Z";4473972.081;"{""TimeSeriesType"":""CTT_SUM_CONS_ACP"",""Res"":""PT1H"",""Uom"":""KWH"",""ReadTS"":""2026-07-20T18:00:00Z"",""Value"":""4473972.081"",""Count"":""3789902""}"
363;"2026-07-20T17:00:00.000Z";"2026-07-20T18:00:00.000Z";4633565.805;"{""TimeSeriesType"":""CTT_SUM_CONS_ACP"",""Res"":""PT1H"",""Uom"":""KWH"",""ReadTS"":""2026-07-20T17:00:00Z"",""Value"":""4633565.805"",""Count"":""3789902""}"
363;"2026-07-20T16:00:00.000Z";"2026-07-20T17:00:00.000Z";4649242.855;"{""TimeSeriesType"":""CTT_SUM_CONS_ACP"",""Res"":""PT1H"",""Uom"":""KWH"",""ReadTS"":""2026-07-20T16:00:00Z"",""Value"":""4649242.855"",""Count"":""3789901""}"
363;"2026-07-20T15:00:00.000Z";"2026-07-20T16:00:00.000Z";4586862.771;"{""TimeSeriesType"":""CTT_SUM_CONS_ACP"",""Res"":""PT1H"",""Uom"":""KWH"",""ReadTS"":""2026-07-20T15:00:00Z"",""Value"":""4586862.771"",""Count"":""3789899""}"
363;"2026-07-20T14:00:00.000Z";"2026-07-20T15:00:00.000Z";4595870.457;"{""TimeSeriesType"":""CTT_SUM_CONS_ACP"",""Res"":""PT1H"",""Uom"":""KWH"",""ReadTS"":""2026-07-20T14:00:00Z"",""Value"":""4595870.457"",""Count"":""3789895""}"
363;"2026-07-20T13:00:00.000Z";"2026-07-20T14:00:00.000Z";4609751.481;"{""TimeSeriesType"":""CTT_SUM_CONS_ACP"",""Res"":""PT1H"",""Uom"":""KWH"",""ReadTS"":""2026-07-20T13:00:00Z"",""Value"":""4609751.481"",""Count"":""3789893""}"
363;"2026-07-20T12:00:00.000Z";"2026-07-20T13:00:00.000Z";4623585.043;"{""TimeSeriesType"":""CTT_SUM_CONS_ACP"",""Res"":""PT1H"",""Uom"":""KWH"",""ReadTS"":""2026-07-20T12:00:00Z"",""Value"":""4623585.043"",""Count"":""3789884""}"
363;"2026-07-20T11:00:00.000Z";"2026-07-20T12:00:00.000Z";4659931.172;"{""TimeSeriesType"":""CTT_SUM_CONS_ACP"",""Res"":""PT1H"",""Uom"":""KWH"",""ReadTS"":""2026-07-20T11:00:00Z"",""Value"":""4659931.172"",""Count"":""3789888""}"
363;"2026-07-20T10:00:00.000Z";"2026-07-20T11:00:00.000Z";4688536.751;"{""TimeSeriesType"":""CTT_SUM_CONS_ACP"",""Res"":""PT1H"",""Uom"":""KWH"",""ReadTS"":""2026-07-20T10:00:00Z"",""Value"":""4688536.751"",""Count"":""3789890""}"
363;"2026-07-20T09:00:00.000Z";"2026-07-20T10:00:00.000Z";4721720.506;"{""TimeSeriesType"":""CTT_SUM_CONS_ACP"",""Res"":""PT1H"",""Uom"":""KWH"",""ReadTS"":""2026-07-20T09:00:00Z"",""Value"":""4721720.506"",""Count"":""3789906""}"
363;"2026-07-20T08:00:00.000Z";"2026-07-20T09:00:00.000Z";4670441.45;"{""TimeSeriesType"":""CTT_SUM_CONS_ACP"",""Res"":""PT1H"",""Uom"":""KWH"",""ReadTS"":""2026-07-20T08:00:00Z"",""Value"":""4670441.45"",""Count"":""3789908""}"
363;"2026-07-20T07:00:00.000Z";"2026-07-20T08:00:00.000Z";4591473.351;"{""TimeSeriesType"":""CTT_SUM_CONS_ACP"",""Res"":""PT1H"",""Uom"":""KWH"",""ReadTS"":""2026-07-20T07:00:00Z"",""Value"":""4591473.351"",""Count"":""3789893""}"
363;"2026-07-20T06:00:00.000Z";"2026-07-20T07:00:00.000Z";4523677.702;"{""TimeSeriesType"":""CTT_SUM_CONS_ACP"",""Res"":""PT1H"",""Uom"":""KWH"",""ReadTS"":""2026-07-20T06:00:00Z"",""Value"":""4523677.702"",""Count"":""3789901""}"
363;"2026-07-20T05:00:00.000Z";"2026-07-20T06:00:00.000Z";4362838.445;"{""TimeSeriesType"":""CTT_SUM_CONS_ACP"",""Res"":""PT1H"",""Uom"":""KWH"",""ReadTS"":""2026-07-20T05:00:00Z"",""Value"":""4362838.445"",""Count"":""3789947""}"
363;"2026-07-20T04:00:00.000Z";"2026-07-20T05:00:00.000Z";4173798.696;"{""TimeSeriesType"":""CTT_SUM_CONS_ACP"",""Res"":""PT1H"",""Uom"":""KWH"",""ReadTS"":""2026-07-20T04:00:00Z"",""Value"":""4173798.696"",""Count"":""3789976""}"
363;"2026-07-20T03:00:00.000Z";"2026-07-20T04:00:00.000Z";3888354.869;"{""TimeSeriesType"":""CTT_SUM_CONS_ACP"",""Res"":""PT1H"",""Uom"":""KWH"",""ReadTS"":""2026-07-20T03:00:00Z"",""Value"":""3888354.869"",""Count"":""3789979""}"
363;"2026-07-20T02:00:00.000Z";"2026-07-20T03:00:00.000Z";3539863.442;"{""TimeSeriesType"":""CTT_SUM_CONS_ACP"",""Res"":""PT1H"",""Uom"":""KWH"",""ReadTS"":""2026-07-20T02:00:00Z"",""Value"":""3539863.442"",""Count"":""3789982""}"
363;"2026-07-20T01:00:00.000Z";"2026-07-20T02:00:00.000Z";3452768.91;"{""TimeSeriesType"":""CTT_SUM_CONS_ACP"",""Res"":""PT1H"",""Uom"":""KWH"",""ReadTS"":""2026-07-20T01:00:00Z"",""Value"":""3452768.91"",""Count"":""3790018""}"
363;"2026-07-20T00:00:00.000Z";"2026-07-20T01:00:00.000Z";3532375.109;"{""TimeSeriesType"":""CTT_SUM_CONS_ACP"",""Res"":""PT1H"",""Uom"":""KWH"",""ReadTS"":""2026-07-20T00:00:00Z"",""Value"":""3532375.109"",""Count"":""3790018""}"
363;"2026-07-19T23:00:00.000Z";"2026-07-20T00:00:00.000Z";3632410.85;"{""TimeSeriesType"":""CTT_SUM_CONS_ACP"",""Res"":""PT1H"",""Uom"":""KWH"",""ReadTS"":""2026-07-19T23:00:00Z"",""Value"":""3632410.85"",""Count"":""3790018""}"
363;"2026-07-19T22:00:00.000Z";"2026-07-19T23:00:00.000Z";3793818.312;"{""TimeSeriesType"":""CTT_SUM_CONS_ACP"",""Res"":""PT1H"",""Uom"":""KWH"",""ReadTS"":""2026-07-19T22:00:00Z"",""Value"":""3793818.312"",""Count"":""3790018""}"
363;"2026-07-19T21:00:00.000Z";"2026-07-19T22:00:00.000Z";4070371.909;"{""TimeSeriesType"":""CTT_SUM_CONS_ACP"",""Res"":""PT1H"",""Uom"":""KWH"",""ReadTS"":""2026-07-19T21:00:00Z"",""Value"":""4070371.909"",""Count"":""3790017""}"
363;"2026-07-19T20:00:00.000Z";"2026-07-19T21:00:00.000Z";4366646.191;"{""TimeSeriesType"":""CTT_SUM_CONS_ACP"",""Res"":""PT1H"",""Uom"":""KWH"",""ReadTS"":""2026-07-19T20:00:00Z"",""Value"":""4366646.191"",""Count"":""3789336""}"
363;"2026-07-19T19:00:00.000Z";"2026-07-19T20:00:00.000Z";4463352.199;"{""TimeSeriesType"":""CTT_SUM_CONS_ACP"",""Res"":""PT1H"",""Uom"":""KWH"",""ReadTS"":""2026-07-19T19:00:00Z"",""Value"":""4463352.199"",""Count"":""3789336""}"
363;"2026-07-19T18:00:00.000Z";"2026-07-19T19:00:00.000Z";4320423.739;"{""TimeSeriesType"":""CTT_SUM_CONS_ACP"",""Res"":""PT1H"",""Uom"":""KWH"",""ReadTS"":""2026-07-19T18:00:00Z"",""Value"":""4320423.739"",""Count"":""3789336""}"
363;"2026-07-19T17:00:00.000Z";"2026-07-19T18:00:00.000Z";4442858.898;"{""TimeSeriesType"":""CTT_SUM_CONS_ACP"",""Res"":""PT1H"",""Uom"":""KWH"",""ReadTS"":""2026-07-19T17:00:00Z"",""Value"":""4442858.898"",""Count"":""3789336""}"
363;"2026-07-19T16:00:00.000Z";"2026-07-19T17:00:00.000Z";4434158.99;"{""TimeSeriesType"":""CTT_SUM_CONS_ACP"",""Res"":""PT1H"",""Uom"":""KWH"",""ReadTS"":""2026-07-19T16:00:00Z"",""Value"":""4434158.99"",""Count"":""3789336""}"
363;"2026-07-19T15:00:00.000Z";"2026-07-19T16:00:00.000Z";4358925.465;"{""TimeSeriesType"":""CTT_SUM_CONS_ACP"",""Res"":""PT1H"",""Uom"":""KWH"",""ReadTS"":""2026-07-19T15:00:00Z"",""Value"":""4358925.465"",""Count"":""3789336""}"
363;"2026-07-19T14:00:00.000Z";"2026-07-19T15:00:00.000Z";4299095.471;"{""TimeSeriesType"":""CTT_SUM_CONS_ACP"",""Res"":""PT1H"",""Uom"":""KWH"",""ReadTS"":""2026-07-19T14:00:00Z"",""Value"":""4299095.471"",""Count"":""3789335""}"
363;"2026-07-19T13:00:00.000Z";"2026-07-19T14:00:00.000Z";4241108.992;"{""TimeSeriesType"":""CTT_SUM_CONS_ACP"",""Res"":""PT1H"",""Uom"":""KWH"",""ReadTS"":""2026-07-19T13:00:00Z"",""Value"":""4241108.992"",""Count"":""3789335""}"
363;"2026-07-19T12:00:00.000Z";"2026-07-19T13:00:00.000Z";4213209.724;"{""TimeSeriesType"":""CTT_SUM_CONS_ACP"",""Res"":""PT1H"",""Uom"":""KWH"",""ReadTS"":""2026-07-19T12:00:00Z"",""Value"":""4213209.724"",""Count"":""3789335""}"
363;"2026-07-19T11:00:00.000Z";"2026-07-19T12:00:00.000Z";4231838.46;"{""TimeSeriesType"":""CTT_SUM_CONS_ACP"",""Res"":""PT1H"",""Uom"":""KWH"",""ReadTS"":""2026-07-19T11:00:00Z"",""Value"":""4231838.46"",""Count"":""3789335""}"
363;"2026-07-19T10:00:00.000Z";"2026-07-19T11:00:00.000Z";4230533.294;"{""TimeSeriesType"":""CTT_SUM_CONS_ACP"",""Res"":""PT1H"",""Uom"":""KWH"",""ReadTS"":""2026-07-19T10:00:00Z"",""Value"":""4230533.294"",""Count"":""3789335""}"
363;"2026-07-19T09:00:00.000Z";"2026-07-19T10:00:00.000Z";4232285.565;"{""TimeSeriesType"":""CTT_SUM_CONS_ACP"",""Res"":""PT1H"",""Uom"":""KWH"",""ReadTS"":""2026-07-19T09:00:00Z"",""Value"":""4232285.565"",""Count"":""3789335""}"
363;"2026-07-19T08:00:00.000Z";"2026-07-19T09:00:00.000Z";4172433.912;"{""TimeSeriesType"":""CTT_SUM_CONS_ACP"",""Res"":""PT1H"",""Uom"":""KWH"",""ReadTS"":""2026-07-19T08:00:00Z"",""Value"":""4172433.912"",""Count"":""3789335""}"
363;"2026-07-19T07:00:00.000Z";"2026-07-19T08:00:00.000Z";4034316.545;"{""TimeSeriesType"":""CTT_SUM_CONS_ACP"",""Res"":""PT1H"",""Uom"":""KWH"",""ReadTS"":""2026-07-19T07:00:00Z"",""Value"":""4034316.545"",""Count"":""3789335""}"
363;"2026-07-19T06:00:00.000Z";"2026-07-19T07:00:00.000Z";3862366.537;"{""TimeSeriesType"":""CTT_SUM_CONS_ACP"",""Res"":""PT1H"",""Uom"":""KWH"",""ReadTS"":""2026-07-19T06:00:00Z"",""Value"":""3862366.537"",""Count"":""3789335""}"
363;"2026-07-19T05:00:00.000Z";"2026-07-19T06:00:00.000Z";3680068.551;"{""TimeSeriesType"":""CTT_SUM_CONS_ACP"",""Res"":""PT1H"",""Uom"":""KWH"",""ReadTS"":""2026-07-19T05:00:00Z"",""Value"":""3680068.551"",""Count"":""3789335""}"
363;"2026-07-19T04:00:00.000Z";"2026-07-19T05:00:00.000Z";3486912.407;"{""TimeSeriesType"":""CTT_SUM_CONS_ACP"",""Res"":""PT1H"",""Uom"":""KWH"",""ReadTS"":""2026-07-19T04:00:00Z"",""Value"":""3486912.407"",""Count"":""3789335""}"
363;"2026-07-19T03:00:00.000Z";"2026-07-19T04:00:00.000Z";3412939.051;"{""TimeSeriesType"":""CTT_SUM_CONS_ACP"",""Res"":""PT1H"",""Uom"":""KWH"",""ReadTS"":""2026-07-19T03:00:00Z"",""Value"":""3412939.051"",""Count"":""3789335""}"
363;"2026-07-19T02:00:00.000Z";"2026-07-19T03:00:00.000Z";3365760.985;"{""TimeSeriesType"":""CTT_SUM_CONS_ACP"",""Res"":""PT1H"",""Uom"":""KWH"",""ReadTS"":""2026-07-19T02:00:00Z"",""Value"":""3365760.985"",""Count"":""3789335""}"
363;"2026-07-19T01:00:00.000Z";"2026-07-19T02:00:00.000Z";3424231.809;"{""TimeSeriesType"":""CTT_SUM_CONS_ACP"",""Res"":""PT1H"",""Uom"":""KWH"",""ReadTS"":""2026-07-19T01:00:00Z"",""Value"":""3424231.809"",""Count"":""3789334""}"
363;"2026-07-19T00:00:00.000Z";"2026-07-19T01:00:00.000Z";3526217.989;"{""TimeSeriesType"":""CTT_SUM_CONS_ACP"",""Res"":""PT1H"",""Uom"":""KWH"",""ReadTS"":""2026-07-19T00:00:00Z"",""Value"":""3526217.989"",""Count"":""3789334""}"
363;"2026-07-18T23:00:00.000Z";"2026-07-19T00:00:00.000Z";3593767.723;"{""TimeSeriesType"":""CTT_SUM_CONS_ACP"",""Res"":""PT1H"",""Uom"":""KWH"",""ReadTS"":""2026-07-18T23:00:00Z"",""Value"":""3593767.723"",""Count"":""3789331""}"
363;"2026-07-18T22:00:00.000Z";"2026-07-18T23:00:00.000Z";3746248.55;"{""TimeSeriesType"":""CTT_SUM_CONS_ACP"",""Res"":""PT1H"",""Uom"":""KWH"",""ReadTS"":""2026-07-18T22:00:00Z"",""Value"":""3746248.55"",""Count"":""3789331""}"
363;"2026-07-18T21:00:00.000Z";"2026-07-18T22:00:00.000Z";4011624.047;"{""TimeSeriesType"":""CTT_SUM_CONS_ACP"",""Res"":""PT1H"",""Uom"":""KWH"",""ReadTS"":""2026-07-18T21:00:00Z"",""Value"":""4011624.047"",""Count"":""3789329""}"
363;"2026-07-18T20:00:00.000Z";"2026-07-18T21:00:00.000Z";4348498.865;"{""TimeSeriesType"":""CTT_SUM_CONS_ACP"",""Res"":""PT1H"",""Uom"":""KWH"",""ReadTS"":""2026-07-18T20:00:00Z"",""Value"":""4348498.865"",""Count"":""3789354""}"
363;"2026-07-18T19:00:00.000Z";"2026-07-18T20:00:00.000Z";4506445.897;"{""TimeSeriesType"":""CTT_SUM_CONS_ACP"",""Res"":""PT1H"",""Uom"":""KWH"",""ReadTS"":""2026-07-18T19:00:00Z"",""Value"":""4506445.897"",""Count"":""3789354""}"
363;"2026-07-18T18:00:00.000Z";"2026-07-18T19:00:00.000Z";4416715.432;"{""TimeSeriesType"":""CTT_SUM_CONS_ACP"",""Res"":""PT1H"",""Uom"":""KWH"",""ReadTS"":""2026-07-18T18:00:00Z"",""Value"":""4416715.432"",""Count"":""3789354""}"
363;"2026-07-18T17:00:00.000Z";"2026-07-18T18:00:00.000Z";4638896.075;"{""TimeSeriesType"":""CTT_SUM_CONS_ACP"",""Res"":""PT1H"",""Uom"":""KWH"",""ReadTS"":""2026-07-18T17:00:00Z"",""Value"":""4638896.075"",""Count"":""3789354""}"
363;"2026-07-18T16:00:00.000Z";"2026-07-18T17:00:00.000Z";4741256.785;"{""TimeSeriesType"":""CTT_SUM_CONS_ACP"",""Res"":""PT1H"",""Uom"":""KWH"",""ReadTS"":""2026-07-18T16:00:00Z"",""Value"":""4741256.785"",""Count"":""3789353""}"
363;"2026-07-18T15:00:00.000Z";"2026-07-18T16:00:00.000Z";4723856.921;"{""TimeSeriesType"":""CTT_SUM_CONS_ACP"",""Res"":""PT1H"",""Uom"":""KWH"",""ReadTS"":""2026-07-18T15:00:00Z"",""Value"":""4723856.921"",""Count"":""3789353""}"
363;"2026-07-18T14:00:00.000Z";"2026-07-18T15:00:00.000Z";4664339.101;"{""TimeSeriesType"":""CTT_SUM_CONS_ACP"",""Res"":""PT1H"",""Uom"":""KWH"",""ReadTS"":""2026-07-18T14:00:00Z"",""Value"":""4664339.101"",""Count"":""3789351""}"
363;"2026-07-18T13:00:00.000Z";"2026-07-18T14:00:00.000Z";4600131.369;"{""TimeSeriesType"":""CTT_SUM_CONS_ACP"",""Res"":""PT1H"",""Uom"":""KWH"",""ReadTS"":""2026-07-18T13:00:00Z"",""Value"":""4600131.369"",""Count"":""3789351""}"
363;"2026-07-18T12:00:00.000Z";"2026-07-18T13:00:00.000Z";4533254.365;"{""TimeSeriesType"":""CTT_SUM_CONS_ACP"",""Res"":""PT1H"",""Uom"":""KWH"",""ReadTS"":""2026-07-18T12:00:00Z"",""Value"":""4533254.365"",""Count"":""3789351""}"
363;"2026-07-18T11:00:00.000Z";"2026-07-18T12:00:00.000Z";4484407.008;"{""TimeSeriesType"":""CTT_SUM_CONS_ACP"",""Res"":""PT1H"",""Uom"":""KWH"",""ReadTS"":""2026-07-18T11:00:00Z"",""Value"":""4484407.008"",""Count"":""3789352""}"
363;"2026-07-18T10:00:00.000Z";"2026-07-18T11:00:00.000Z";4432870.479;"{""TimeSeriesType"":""CTT_SUM_CONS_ACP"",""Res"":""PT1H"",""Uom"":""KWH"",""ReadTS"":""2026-07-18T10:00:00Z"",""Value"":""4432870.479"",""Count"":""3789352""}"
363;"2026-07-18T09:00:00.000Z";"2026-07-18T10:00:00.000Z";4384425.021;"{""TimeSeriesType"":""CTT_SUM_CONS_ACP"",""Res"":""PT1H"",""Uom"":""KWH"",""ReadTS"":""2026-07-18T09:00:00Z"",""Value"":""4384425.021"",""Count"":""3789351""}"
363;"2026-07-18T08:00:00.000Z";"2026-07-18T09:00:00.000Z";4311464.477;"{""TimeSeriesType"":""CTT_SUM_CONS_ACP"",""Res"":""PT1H"",""Uom"":""KWH"",""ReadTS"":""2026-07-18T08:00:00Z"",""Value"":""4311464.477"",""Count"":""3789349""}"
363;"2026-07-18T07:00:00.000Z";"2026-07-18T08:00:00.000Z";4165955.73;"{""TimeSeriesType"":""CTT_SUM_CONS_ACP"",""Res"":""PT1H"",""Uom"":""KWH"",""ReadTS"":""2026-07-18T07:00:00Z"",""Value"":""4165955.73"",""Count"":""3789349""}"
363;"2026-07-18T06:00:00.000Z";"2026-07-18T07:00:00.000Z";3978641.502;"{""TimeSeriesType"":""CTT_SUM_CONS_ACP"",""Res"":""PT1H"",""Uom"":""KWH"",""ReadTS"":""2026-07-18T06:00:00Z"",""Value"":""3978641.502"",""Count"":""3789349""}"
363;"2026-07-18T05:00:00.000Z";"2026-07-18T06:00:00.000Z";3769541.301;"{""TimeSeriesType"":""CTT_SUM_CONS_ACP"",""Res"":""PT1H"",""Uom"":""KWH"",""ReadTS"":""2026-07-18T05:00:00Z"",""Value"":""3769541.301"",""Count"":""3789349""}"
363;"2026-07-18T04:00:00.000Z";"2026-07-18T05:00:00.000Z";3581778.551;"{""TimeSeriesType"":""CTT_SUM_CONS_ACP"",""Res"":""PT1H"",""Uom"":""KWH"",""ReadTS"":""2026-07-18T04:00:00Z"",""Value"":""3581778.551"",""Count"":""3789357""}"
363;"2026-07-18T03:00:00.000Z";"2026-07-18T04:00:00.000Z";3464689.705;"{""TimeSeriesType"":""CTT_SUM_CONS_ACP"",""Res"":""PT1H"",""Uom"":""KWH"",""ReadTS"":""2026-07-18T03:00:00Z"",""Value"":""3464689.705"",""Count"":""3789358""}"
363;"2026-07-18T02:00:00.000Z";"2026-07-18T03:00:00.000Z";3354501.927;"{""TimeSeriesType"":""CTT_SUM_CONS_ACP"",""Res"":""PT1H"",""Uom"":""KWH"",""ReadTS"":""2026-07-18T02:00:00Z"",""Value"":""3354501.927"",""Count"":""3789358""}"
363;"2026-07-18T01:00:00.000Z";"2026-07-18T02:00:00.000Z";3384169.799;"{""TimeSeriesType"":""CTT_SUM_CONS_ACP"",""Res"":""PT1H"",""Uom"":""KWH"",""ReadTS"":""2026-07-18T01:00:00Z"",""Value"":""3384169.799"",""Count"":""3789358""}"
363;"2026-07-18T00:00:00.000Z";"2026-07-18T01:00:00.000Z";3511263.325;"{""TimeSeriesType"":""CTT_SUM_CONS_ACP"",""Res"":""PT1H"",""Uom"":""KWH"",""ReadTS"":""2026-07-18T00:00:00Z"",""Value"":""3511263.325"",""Count"":""3789358""}"
363;"2026-07-17T23:00:00.000Z";"2026-07-18T00:00:00.000Z";3626984.702;"{""TimeSeriesType"":""CTT_SUM_CONS_ACP"",""Res"":""PT1H"",""Uom"":""KWH"",""ReadTS"":""2026-07-17T23:00:00Z"",""Value"":""3626984.702"",""Count"":""3789357""}"
363;"2026-07-17T22:00:00.000Z";"2026-07-17T23:00:00.000Z";3803949.752;"{""TimeSeriesType"":""CTT_SUM_CONS_ACP"",""Res"":""PT1H"",""Uom"":""KWH"",""ReadTS"":""2026-07-17T22:00:00Z"",""Value"":""3803949.752"",""Count"":""3789357""}"
363;"2026-07-17T21:00:00.000Z";"2026-07-17T22:00:00.000Z";4128506.332;"{""TimeSeriesType"":""CTT_SUM_CONS_ACP"",""Res"":""PT1H"",""Uom"":""KWH"",""ReadTS"":""2026-07-17T21:00:00Z"",""Value"":""4128506.332"",""Count"":""3789357""}"
363;"2026-07-17T20:00:00.000Z";"2026-07-17T21:00:00.000Z";4444702.133;"{""TimeSeriesType"":""CTT_SUM_CONS_ACP"",""Res"":""PT1H"",""Uom"":""KWH"",""ReadTS"":""2026-07-17T20:00:00Z"",""Value"":""4444702.133"",""Count"":""3789653""}"
363;"2026-07-17T19:00:00.000Z";"2026-07-17T20:00:00.000Z";4594059.079;"{""TimeSeriesType"":""CTT_SUM_CONS_ACP"",""Res"":""PT1H"",""Uom"":""KWH"",""ReadTS"":""2026-07-17T19:00:00Z"",""Value"":""4594059.079"",""Count"":""3789653""}"
363;"2026-07-17T18:00:00.000Z";"2026-07-17T19:00:00.000Z";4559702.151;"{""TimeSeriesType"":""CTT_SUM_CONS_ACP"",""Res"":""PT1H"",""Uom"":""KWH"",""ReadTS"":""2026-07-17T18:00:00Z"",""Value"":""4559702.151"",""Count"":""3789653""}"
363;"2026-07-17T17:00:00.000Z";"2026-07-17T18:00:00.000Z";4763287.739;"{""TimeSeriesType"":""CTT_SUM_CONS_ACP"",""Res"":""PT1H"",""Uom"":""KWH"",""ReadTS"":""2026-07-17T17:00:00Z"",""Value"":""4763287.739"",""Count"":""3789653""}"
363;"2026-07-17T16:00:00.000Z";"2026-07-17T17:00:00.000Z";4819392.096;"{""TimeSeriesType"":""CTT_SUM_CONS_ACP"",""Res"":""PT1H"",""Uom"":""KWH"",""ReadTS"":""2026-07-17T16:00:00Z"",""Value"":""4819392.096"",""Count"":""3789652""}"
363;"2026-07-17T15:00:00.000Z";"2026-07-17T16:00:00.000Z";4797849.446;"{""TimeSeriesType"":""CTT_SUM_CONS_ACP"",""Res"":""PT1H"",""Uom"":""KWH"",""ReadTS"":""2026-07-17T15:00:00Z"",""Value"":""4797849.446"",""Count"":""3789652""}"
363;"2026-07-17T14:00:00.000Z";"2026-07-17T15:00:00.000Z";4833799.397;"{""TimeSeriesType"":""CTT_SUM_CONS_ACP"",""Res"":""PT1H"",""Uom"":""KWH"",""ReadTS"":""2026-07-17T14:00:00Z"",""Value"":""4833799.397"",""Count"":""3789650""}"
363;"2026-07-17T13:00:00.000Z";"2026-07-17T14:00:00.000Z";4838299.297;"{""TimeSeriesType"":""CTT_SUM_CONS_ACP"",""Res"":""PT1H"",""Uom"":""KWH"",""ReadTS"":""2026-07-17T13:00:00Z"",""Value"":""4838299.297"",""Count"":""3789649""}"
363;"2026-07-17T12:00:00.000Z";"2026-07-17T13:00:00.000Z";4812017.317;"{""TimeSeriesType"":""CTT_SUM_CONS_ACP"",""Res"":""PT1H"",""Uom"":""KWH"",""ReadTS"":""2026-07-17T12:00:00Z"",""Value"":""4812017.317"",""Count"":""3789643""}"
363;"2026-07-17T11:00:00.000Z";"2026-07-17T12:00:00.000Z";4811770.042;"{""TimeSeriesType"":""CTT_SUM_CONS_ACP"",""Res"":""PT1H"",""Uom"":""KWH"",""ReadTS"":""2026-07-17T11:00:00Z"",""Value"":""4811770.042"",""Count"":""3789637""}"
363;"2026-07-17T10:00:00.000Z";"2026-07-17T11:00:00.000Z";4832905.592;"{""TimeSeriesType"":""CTT_SUM_CONS_ACP"",""Res"":""PT1H"",""Uom"":""KWH"",""ReadTS"":""2026-07-17T10:00:00Z"",""Value"":""4832905.592"",""Count"":""3789633""}"
363;"2026-07-17T09:00:00.000Z";"2026-07-17T10:00:00.000Z";4838991.54;"{""TimeSeriesType"":""CTT_SUM_CONS_ACP"",""Res"":""PT1H"",""Uom"":""KWH"",""ReadTS"":""2026-07-17T09:00:00Z"",""Value"":""4838991.54"",""Count"":""3789626""}"
363;"2026-07-17T08:00:00.000Z";"2026-07-17T09:00:00.000Z";4780562.399;"{""TimeSeriesType"":""CTT_SUM_CONS_ACP"",""Res"":""PT1H"",""Uom"":""KWH"",""ReadTS"":""2026-07-17T08:00:00Z"",""Value"":""4780562.399"",""Count"":""3789613""}"
363;"2026-07-17T07:00:00.000Z";"2026-07-17T08:00:00.000Z";4700661.086;"{""TimeSeriesType"":""CTT_SUM_CONS_ACP"",""Res"":""PT1H"",""Uom"":""KWH"",""ReadTS"":""2026-07-17T07:00:00Z"",""Value"":""4700661.086"",""Count"":""3789603""}"
363;"2026-07-17T06:00:00.000Z";"2026-07-17T07:00:00.000Z";4590892.371;"{""TimeSeriesType"":""CTT_SUM_CONS_ACP"",""Res"":""PT1H"",""Uom"":""KWH"",""ReadTS"":""2026-07-17T06:00:00Z"",""Value"":""4590892.371"",""Count"":""3789596""}"
363;"2026-07-17T05:00:00.000Z";"2026-07-17T06:00:00.000Z";4425798.858;"{""TimeSeriesType"":""CTT_SUM_CONS_ACP"",""Res"":""PT1H"",""Uom"":""KWH"",""ReadTS"":""2026-07-17T05:00:00Z"",""Value"":""4425798.858"",""Count"":""3789588""}"
363;"2026-07-17T04:00:00.000Z";"2026-07-17T05:00:00.000Z";4203821.364;"{""TimeSeriesType"":""CTT_SUM_CONS_ACP"",""Res"":""PT1H"",""Uom"":""KWH"",""ReadTS"":""2026-07-17T04:00:00Z"",""Value"":""4203821.364"",""Count"":""3789582""}"
363;"2026-07-17T03:00:00.000Z";"2026-07-17T04:00:00.000Z";3913595.67;"{""TimeSeriesType"":""CTT_SUM_CONS_ACP"",""Res"":""PT1H"",""Uom"":""KWH"",""ReadTS"":""2026-07-17T03:00:00Z"",""Value"":""3913595.67"",""Count"":""3789581""}"
363;"2026-07-17T02:00:00.000Z";"2026-07-17T03:00:00.000Z";3571968.812;"{""TimeSeriesType"":""CTT_SUM_CONS_ACP"",""Res"":""PT1H"",""Uom"":""KWH"",""ReadTS"":""2026-07-17T02:00:00Z"",""Value"":""3571968.812"",""Count"":""3789580""}"
363;"2026-07-17T01:00:00.000Z";"2026-07-17T02:00:00.000Z";3510335.175;"{""TimeSeriesType"":""CTT_SUM_CONS_ACP"",""Res"":""PT1H"",""Uom"":""KWH"",""ReadTS"":""2026-07-17T01:00:00Z"",""Value"":""3510335.175"",""Count"":""3789613""}"
363;"2026-07-17T00:00:00.000Z";"2026-07-17T01:00:00.000Z";3622549.99;"{""TimeSeriesType"":""CTT_SUM_CONS_ACP"",""Res"":""PT1H"",""Uom"":""KWH"",""ReadTS"":""2026-07-17T00:00:00Z"",""Value"":""3622549.99"",""Count"":""3789613""}"
363;"2026-07-16T23:00:00.000Z";"2026-07-17T00:00:00.000Z";3733131.691;"{""TimeSeriesType"":""CTT_SUM_CONS_ACP"",""Res"":""PT1H"",""Uom"":""KWH"",""ReadTS"":""2026-07-16T23:00:00Z"",""Value"":""3733131.691"",""Count"":""3789612""}"
363;"2026-07-16T22:00:00.000Z";"2026-07-16T23:00:00.000Z";3876757.388;"{""TimeSeriesType"":""CTT_SUM_CONS_ACP"",""Res"":""PT1H"",""Uom"":""KWH"",""ReadTS"":""2026-07-16T22:00:00Z"",""Value"":""3876757.388"",""Count"":""3789612""}"
363;"2026-07-16T21:00:00.000Z";"2026-07-16T22:00:00.000Z";4178834.009;"{""TimeSeriesType"":""CTT_SUM_CONS_ACP"",""Res"":""PT1H"",""Uom"":""KWH"",""ReadTS"":""2026-07-16T21:00:00Z"",""Value"":""4178834.009"",""Count"":""3789613""}"
363;"2026-07-16T20:00:00.000Z";"2026-07-16T21:00:00.000Z";4506116.227;"{""TimeSeriesType"":""CTT_SUM_CONS_ACP"",""Res"":""PT1H"",""Uom"":""KWH"",""ReadTS"":""2026-07-16T20:00:00Z"",""Value"":""4506116.227"",""Count"":""3789051""}"
363;"2026-07-16T19:00:00.000Z";"2026-07-16T20:00:00.000Z";4673923.387;"{""TimeSeriesType"":""CTT_SUM_CONS_ACP"",""Res"":""PT1H"",""Uom"":""KWH"",""ReadTS"":""2026-07-16T19:00:00Z"",""Value"":""4673923.387"",""Count"":""3789050""}"
363;"2026-07-16T18:00:00.000Z";"2026-07-16T19:00:00.000Z";4607012.307;"{""TimeSeriesType"":""CTT_SUM_CONS_ACP"",""Res"":""PT1H"",""Uom"":""KWH"",""ReadTS"":""2026-07-16T18:00:00Z"",""Value"":""4607012.307"",""Count"":""3789050""}"
363;"2026-07-16T17:00:00.000Z";"2026-07-16T18:00:00.000Z";4754807.651;"{""TimeSeriesType"":""CTT_SUM_CONS_ACP"",""Res"":""PT1H"",""Uom"":""KWH"",""ReadTS"":""2026-07-16T17:00:00Z"",""Value"":""4754807.651"",""Count"":""3789050""}"
363;"2026-07-16T16:00:00.000Z";"2026-07-16T17:00:00.000Z";4761430.167;"{""TimeSeriesType"":""CTT_SUM_CONS_ACP"",""Res"":""PT1H"",""Uom"":""KWH"",""ReadTS"":""2026-07-16T16:00:00Z"",""Value"":""4761430.167"",""Count"":""3789050""}"
363;"2026-07-16T15:00:00.000Z";"2026-07-16T16:00:00.000Z";4703866.314;"{""TimeSeriesType"":""CTT_SUM_CONS_ACP"",""Res"":""PT1H"",""Uom"":""KWH"",""ReadTS"":""2026-07-16T15:00:00Z"",""Value"":""4703866.314"",""Count"":""3789048""}"
363;"2026-07-16T14:00:00.000Z";"2026-07-16T15:00:00.000Z";4725220.982;"{""TimeSeriesType"":""CTT_SUM_CONS_ACP"",""Res"":""PT1H"",""Uom"":""KWH"",""ReadTS"":""2026-07-16T14:00:00Z"",""Value"":""4725220.982"",""Count"":""3789048""}"
363;"2026-07-16T13:00:00.000Z";"2026-07-16T14:00:00.000Z";4728511.787;"{""TimeSeriesType"":""CTT_SUM_CONS_ACP"",""Res"":""PT1H"",""Uom"":""KWH"",""ReadTS"":""2026-07-16T13:00:00Z"",""Value"":""4728511.787"",""Count"":""3789048""}"
363;"2026-07-16T12:00:00.000Z";"2026-07-16T13:00:00.000Z";4726938.434;"{""TimeSeriesType"":""CTT_SUM_CONS_ACP"",""Res"":""PT1H"",""Uom"":""KWH"",""ReadTS"":""2026-07-16T12:00:00Z"",""Value"":""4726938.434"",""Count"":""3789045""}"
363;"2026-07-16T11:00:00.000Z";"2026-07-16T12:00:00.000Z";4753433.428;"{""TimeSeriesType"":""CTT_SUM_CONS_ACP"",""Res"":""PT1H"",""Uom"":""KWH"",""ReadTS"":""2026-07-16T11:00:00Z"",""Value"":""4753433.428"",""Count"":""3789034""}"
363;"2026-07-16T10:00:00.000Z";"2026-07-16T11:00:00.000Z";4776432.214;"{""TimeSeriesType"":""CTT_SUM_CONS_ACP"",""Res"":""PT1H"",""Uom"":""KWH"",""ReadTS"":""2026-07-16T10:00:00Z"",""Value"":""4776432.214"",""Count"":""3789027""}"
363;"2026-07-16T09:00:00.000Z";"2026-07-16T10:00:00.000Z";4817348.85;"{""TimeSeriesType"":""CTT_SUM_CONS_ACP"",""Res"":""PT1H"",""Uom"":""KWH"",""ReadTS"":""2026-07-16T09:00:00Z"",""Value"":""4817348.85"",""Count"":""3788974""}"
363;"2026-07-16T08:00:00.000Z";"2026-07-16T09:00:00.000Z";4766702.516;"{""TimeSeriesType"":""CTT_SUM_CONS_ACP"",""Res"":""PT1H"",""Uom"":""KWH"",""ReadTS"":""2026-07-16T08:00:00Z"",""Value"":""4766702.516"",""Count"":""3789001""}"
363;"2026-07-16T07:00:00.000Z";"2026-07-16T08:00:00.000Z";4685659.794;"{""TimeSeriesType"":""CTT_SUM_CONS_ACP"",""Res"":""PT1H"",""Uom"":""KWH"",""ReadTS"":""2026-07-16T07:00:00Z"",""Value"":""4685659.794"",""Count"":""3788994""}"
363;"2026-07-16T06:00:00.000Z";"2026-07-16T07:00:00.000Z";4581866.107;"{""TimeSeriesType"":""CTT_SUM_CONS_ACP"",""Res"":""PT1H"",""Uom"":""KWH"",""ReadTS"":""2026-07-16T06:00:00Z"",""Value"":""4581866.107"",""Count"":""3788942""}"
363;"2026-07-16T05:00:00.000Z";"2026-07-16T06:00:00.000Z";4407890.101;"{""TimeSeriesType"":""CTT_SUM_CONS_ACP"",""Res"":""PT1H"",""Uom"":""KWH"",""ReadTS"":""2026-07-16T05:00:00Z"",""Value"":""4407890.101"",""Count"":""3789020""}"
363;"2026-07-16T04:00:00.000Z";"2026-07-16T05:00:00.000Z";4179774.401;"{""TimeSeriesType"":""CTT_SUM_CONS_ACP"",""Res"":""PT1H"",""Uom"":""KWH"",""ReadTS"":""2026-07-16T04:00:00Z"",""Value"":""4179774.401"",""Count"":""3789019""}"
363;"2026-07-16T03:00:00.000Z";"2026-07-16T04:00:00.000Z";3877010.026;"{""TimeSeriesType"":""CTT_SUM_CONS_ACP"",""Res"":""PT1H"",""Uom"":""KWH"",""ReadTS"":""2026-07-16T03:00:00Z"",""Value"":""3877010.026"",""Count"":""3789021""}"
363;"2026-07-16T02:00:00.000Z";"2026-07-16T03:00:00.000Z";3513117.323;"{""TimeSeriesType"":""CTT_SUM_CONS_ACP"",""Res"":""PT1H"",""Uom"":""KWH"",""ReadTS"":""2026-07-16T02:00:00Z"",""Value"":""3513117.323"",""Count"":""3789020""}"
363;"2026-07-16T01:00:00.000Z";"2026-07-16T02:00:00.000Z";3413662.171;"{""TimeSeriesType"":""CTT_SUM_CONS_ACP"",""Res"":""PT1H"",""Uom"":""KWH"",""ReadTS"":""2026-07-16T01:00:00Z"",""Value"":""3413662.171"",""Count"":""3789032""}"
363;"2026-07-16T00:00:00.000Z";"2026-07-16T01:00:00.000Z";3515827.644;"{""TimeSeriesType"":""CTT_SUM_CONS_ACP"",""Res"":""PT1H"",""Uom"":""KWH"",""ReadTS"":""2026-07-16T00:00:00Z"",""Value"":""3515827.644"",""Count"":""3789032""}"
363;"2026-07-15T23:00:00.000Z";"2026-07-16T00:00:00.000Z";3667577.203;"{""TimeSeriesType"":""CTT_SUM_CONS_ACP"",""Res"":""PT1H"",""Uom"":""KWH"",""ReadTS"":""2026-07-15T23:00:00Z"",""Value"":""3667577.203"",""Count"":""3789031""}"
363;"2026-07-15T22:00:00.000Z";"2026-07-15T23:00:00.000Z";3851494.421;"{""TimeSeriesType"":""CTT_SUM_CONS_ACP"",""Res"":""PT1H"",""Uom"":""KWH"",""ReadTS"":""2026-07-15T22:00:00Z"",""Value"":""3851494.421"",""Count"":""3789031""}"
363;"2026-07-15T21:00:00.000Z";"2026-07-15T22:00:00.000Z";4168694.882;"{""TimeSeriesType"":""CTT_SUM_CONS_ACP"",""Res"":""PT1H"",""Uom"":""KWH"",""ReadTS"":""2026-07-15T21:00:00Z"",""Value"":""4168694.882"",""Count"":""3789031""}"
363;"2026-07-15T20:00:00.000Z";"2026-07-15T21:00:00.000Z";4495900.04;"{""TimeSeriesType"":""CTT_SUM_CONS_ACP"",""Res"":""PT1H"",""Uom"":""KWH"",""ReadTS"":""2026-07-15T20:00:00Z"",""Value"":""4495900.04"",""Count"":""3789168""}"
363;"2026-07-15T19:00:00.000Z";"2026-07-15T20:00:00.000Z";4678661.095;"{""TimeSeriesType"":""CTT_SUM_CONS_ACP"",""Res"":""PT1H"",""Uom"":""KWH"",""ReadTS"":""2026-07-15T19:00:00Z"",""Value"":""4678661.095"",""Count"":""3789168""}"
363;"2026-07-15T18:00:00.000Z";"2026-07-15T19:00:00.000Z";4666795.182;"{""TimeSeriesType"":""CTT_SUM_CONS_ACP"",""Res"":""PT1H"",""Uom"":""KWH"",""ReadTS"":""2026-07-15T18:00:00Z"",""Value"":""4666795.182"",""Count"":""3789168""}"
363;"2026-07-15T17:00:00.000Z";"2026-07-15T18:00:00.000Z";4848025.537;"{""TimeSeriesType"":""CTT_SUM_CONS_ACP"",""Res"":""PT1H"",""Uom"":""KWH"",""ReadTS"":""2026-07-15T17:00:00Z"",""Value"":""4848025.537"",""Count"":""3789168""}"
363;"2026-07-15T16:00:00.000Z";"2026-07-15T17:00:00.000Z";4874698.942;"{""TimeSeriesType"":""CTT_SUM_CONS_ACP"",""Res"":""PT1H"",""Uom"":""KWH"",""ReadTS"":""2026-07-15T16:00:00Z"",""Value"":""4874698.942"",""Count"":""3789167""}"
363;"2026-07-15T15:00:00.000Z";"2026-07-15T16:00:00.000Z";4820295.074;"{""TimeSeriesType"":""CTT_SUM_CONS_ACP"",""Res"":""PT1H"",""Uom"":""KWH"",""ReadTS"":""2026-07-15T15:00:00Z"",""Value"":""4820295.074"",""Count"":""3789165""}"
363;"2026-07-15T14:00:00.000Z";"2026-07-15T15:00:00.000Z";4837708.528;"{""TimeSeriesType"":""CTT_SUM_CONS_ACP"",""Res"":""PT1H"",""Uom"":""KWH"",""ReadTS"":""2026-07-15T14:00:00Z"",""Value"":""4837708.528"",""Count"":""3789165""}"
363;"2026-07-15T13:00:00.000Z";"2026-07-15T14:00:00.000Z";4860262.776;"{""TimeSeriesType"":""CTT_SUM_CONS_ACP"",""Res"":""PT1H"",""Uom"":""KWH"",""ReadTS"":""2026-07-15T13:00:00Z"",""Value"":""4860262.776"",""Count"":""3789158""}"
363;"2026-07-15T12:00:00.000Z";"2026-07-15T13:00:00.000Z";4856790.274;"{""TimeSeriesType"":""CTT_SUM_CONS_ACP"",""Res"":""PT1H"",""Uom"":""KWH"",""ReadTS"":""2026-07-15T12:00:00Z"",""Value"":""4856790.274"",""Count"":""3789150""}"
363;"2026-07-15T11:00:00.000Z";"2026-07-15T12:00:00.000Z";4842128.232;"{""TimeSeriesType"":""CTT_SUM_CONS_ACP"",""Res"":""PT1H"",""Uom"":""KWH"",""ReadTS"":""2026-07-15T11:00:00Z"",""Value"":""4842128.232"",""Count"":""3789140""}"
363;"2026-07-15T10:00:00.000Z";"2026-07-15T11:00:00.000Z";4847419.773;"{""TimeSeriesType"":""CTT_SUM_CONS_ACP"",""Res"":""PT1H"",""Uom"":""KWH"",""ReadTS"":""2026-07-15T10:00:00Z"",""Value"":""4847419.773"",""Count"":""3789139""}"
363;"2026-07-15T09:00:00.000Z";"2026-07-15T10:00:00.000Z";4853361.798;"{""TimeSeriesType"":""CTT_SUM_CONS_ACP"",""Res"":""PT1H"",""Uom"":""KWH"",""ReadTS"":""2026-07-15T09:00:00Z"",""Value"":""4853361.798"",""Count"":""3789128""}"
363;"2026-07-15T08:00:00.000Z";"2026-07-15T09:00:00.000Z";4812700.63;"{""TimeSeriesType"":""CTT_SUM_CONS_ACP"",""Res"":""PT1H"",""Uom"":""KWH"",""ReadTS"":""2026-07-15T08:00:00Z"",""Value"":""4812700.63"",""Count"":""3789096""}"
363;"2026-07-15T07:00:00.000Z";"2026-07-15T08:00:00.000Z";4720966.317;"{""TimeSeriesType"":""CTT_SUM_CONS_ACP"",""Res"":""PT1H"",""Uom"":""KWH"",""ReadTS"":""2026-07-15T07:00:00Z"",""Value"":""4720966.317"",""Count"":""3789075""}"
363;"2026-07-15T06:00:00.000Z";"2026-07-15T07:00:00.000Z";4622795.672;"{""TimeSeriesType"":""CTT_SUM_CONS_ACP"",""Res"":""PT1H"",""Uom"":""KWH"",""ReadTS"":""2026-07-15T06:00:00Z"",""Value"":""4622795.672"",""Count"":""3789075""}"
363;"2026-07-15T05:00:00.000Z";"2026-07-15T06:00:00.000Z";4461426.456;"{""TimeSeriesType"":""CTT_SUM_CONS_ACP"",""Res"":""PT1H"",""Uom"":""KWH"",""ReadTS"":""2026-07-15T05:00:00Z"",""Value"":""4461426.456"",""Count"":""3789134""}"
363;"2026-07-15T04:00:00.000Z";"2026-07-15T05:00:00.000Z";4235146.298;"{""TimeSeriesType"":""CTT_SUM_CONS_ACP"",""Res"":""PT1H"",""Uom"":""KWH"",""ReadTS"":""2026-07-15T04:00:00Z"",""Value"":""4235146.298"",""Count"":""3789155""}"
363;"2026-07-15T03:00:00.000Z";"2026-07-15T04:00:00.000Z";3902348.284;"{""TimeSeriesType"":""CTT_SUM_CONS_ACP"",""Res"":""PT1H"",""Uom"":""KWH"",""ReadTS"":""2026-07-15T03:00:00Z"",""Value"":""3902348.284"",""Count"":""3789159""}"
363;"2026-07-15T02:00:00.000Z";"2026-07-15T03:00:00.000Z";3540049.193;"{""TimeSeriesType"":""CTT_SUM_CONS_ACP"",""Res"":""PT1H"",""Uom"":""KWH"",""ReadTS"":""2026-07-15T02:00:00Z"",""Value"":""3540049.193"",""Count"":""3789161""}"
363;"2026-07-15T01:00:00.000Z";"2026-07-15T02:00:00.000Z";3460487.06;"{""TimeSeriesType"":""CTT_SUM_CONS_ACP"",""Res"":""PT1H"",""Uom"":""KWH"",""ReadTS"":""2026-07-15T01:00:00Z"",""Value"":""3460487.06"",""Count"":""3789185""}"
363;"2026-07-15T00:00:00.000Z";"2026-07-15T01:00:00.000Z";3567322.543;"{""TimeSeriesType"":""CTT_SUM_CONS_ACP"",""Res"":""PT1H"",""Uom"":""KWH"",""ReadTS"":""2026-07-15T00:00:00Z"",""Value"":""3567322.543"",""Count"":""3789185""}"
363;"2026-07-14T23:00:00.000Z";"2026-07-15T00:00:00.000Z";3687012.455;"{""TimeSeriesType"":""CTT_SUM_CONS_ACP"",""Res"":""PT1H"",""Uom"":""KWH"",""ReadTS"":""2026-07-14T23:00:00Z"",""Value"":""3687012.455"",""Count"":""3789182""}"
363;"2026-07-14T22:00:00.000Z";"2026-07-14T23:00:00.000Z";3832339.596;"{""TimeSeriesType"":""CTT_SUM_CONS_ACP"",""Res"":""PT1H"",""Uom"":""KWH"",""ReadTS"":""2026-07-14T22:00:00Z"",""Value"":""3832339.596"",""Count"":""3789182""}"
363;"2026-07-14T21:00:00.000Z";"2026-07-14T22:00:00.000Z";4142035.341;"{""TimeSeriesType"":""CTT_SUM_CONS_ACP"",""Res"":""PT1H"",""Uom"":""KWH"",""ReadTS"":""2026-07-14T21:00:00Z"",""Value"":""4142035.341"",""Count"":""3789182""}"
363;"2026-07-14T20:00:00.000Z";"2026-07-14T21:00:00.000Z";4483952.345;"{""TimeSeriesType"":""CTT_SUM_CONS_ACP"",""Res"":""PT1H"",""Uom"":""KWH"",""ReadTS"":""2026-07-14T20:00:00Z"",""Value"":""4483952.345"",""Count"":""3788284""}"
363;"2026-07-14T19:00:00.000Z";"2026-07-14T20:00:00.000Z";4651813.08;"{""TimeSeriesType"":""CTT_SUM_CONS_ACP"",""Res"":""PT1H"",""Uom"":""KWH"",""ReadTS"":""2026-07-14T19:00:00Z"",""Value"":""4651813.08"",""Count"":""3788284""}"
363;"2026-07-14T18:00:00.000Z";"2026-07-14T19:00:00.000Z";4623092.337;"{""TimeSeriesType"":""CTT_SUM_CONS_ACP"",""Res"":""PT1H"",""Uom"":""KWH"",""ReadTS"":""2026-07-14T18:00:00Z"",""Value"":""4623092.337"",""Count"":""3788284""}"
363;"2026-07-14T17:00:00.000Z";"2026-07-14T18:00:00.000Z";4795164.764;"{""TimeSeriesType"":""CTT_SUM_CONS_ACP"",""Res"":""PT1H"",""Uom"":""KWH"",""ReadTS"":""2026-07-14T17:00:00Z"",""Value"":""4795164.764"",""Count"":""3788282""}"
363;"2026-07-14T16:00:00.000Z";"2026-07-14T17:00:00.000Z";4795613.688;"{""TimeSeriesType"":""CTT_SUM_CONS_ACP"",""Res"":""PT1H"",""Uom"":""KWH"",""ReadTS"":""2026-07-14T16:00:00Z"",""Value"":""4795613.688"",""Count"":""3788281""}"
363;"2026-07-14T15:00:00.000Z";"2026-07-14T16:00:00.000Z";4731657.531;"{""TimeSeriesType"":""CTT_SUM_CONS_ACP"",""Res"":""PT1H"",""Uom"":""KWH"",""ReadTS"":""2026-07-14T15:00:00Z"",""Value"":""4731657.531"",""Count"":""3788280""}"
363;"2026-07-14T14:00:00.000Z";"2026-07-14T15:00:00.000Z";4733694.883;"{""TimeSeriesType"":""CTT_SUM_CONS_ACP"",""Res"":""PT1H"",""Uom"":""KWH"",""ReadTS"":""2026-07-14T14:00:00Z"",""Value"":""4733694.883"",""Count"":""3788277""}"
363;"2026-07-14T13:00:00.000Z";"2026-07-14T14:00:00.000Z";4716520.343;"{""TimeSeriesType"":""CTT_SUM_CONS_ACP"",""Res"":""PT1H"",""Uom"":""KWH"",""ReadTS"":""2026-07-14T13:00:00Z"",""Value"":""4716520.343"",""Count"":""3788275""}"
363;"2026-07-14T12:00:00.000Z";"2026-07-14T13:00:00.000Z";4723505.295;"{""TimeSeriesType"":""CTT_SUM_CONS_ACP"",""Res"":""PT1H"",""Uom"":""KWH"",""ReadTS"":""2026-07-14T12:00:00Z"",""Value"":""4723505.295"",""Count"":""3788268""}"
363;"2026-07-14T11:00:00.000Z";"2026-07-14T12:00:00.000Z";4731274.91;"{""TimeSeriesType"":""CTT_SUM_CONS_ACP"",""Res"":""PT1H"",""Uom"":""KWH"",""ReadTS"":""2026-07-14T11:00:00Z"",""Value"":""4731274.91"",""Count"":""3788253""}"
363;"2026-07-14T10:00:00.000Z";"2026-07-14T11:00:00.000Z";4780219.257;"{""TimeSeriesType"":""CTT_SUM_CONS_ACP"",""Res"":""PT1H"",""Uom"":""KWH"",""ReadTS"":""2026-07-14T10:00:00Z"",""Value"":""4780219.257"",""Count"":""3788241""}"
363;"2026-07-14T09:00:00.000Z";"2026-07-14T10:00:00.000Z";4778068.61;"{""TimeSeriesType"":""CTT_SUM_CONS_ACP"",""Res"":""PT1H"",""Uom"":""KWH"",""ReadTS"":""2026-07-14T09:00:00Z"",""Value"":""4778068.61"",""Count"":""3788228""}"
363;"2026-07-14T08:00:00.000Z";"2026-07-14T09:00:00.000Z";4713003.316;"{""TimeSeriesType"":""CTT_SUM_CONS_ACP"",""Res"":""PT1H"",""Uom"":""KWH"",""ReadTS"":""2026-07-14T08:00:00Z"",""Value"":""4713003.316"",""Count"":""3788202""}"
363;"2026-07-14T07:00:00.000Z";"2026-07-14T08:00:00.000Z";4649673.196;"{""TimeSeriesType"":""CTT_SUM_CONS_ACP"",""Res"":""PT1H"",""Uom"":""KWH"",""ReadTS"":""2026-07-14T07:00:00Z"",""Value"":""4649673.196"",""Count"":""3788173""}"
363;"2026-07-14T06:00:00.000Z";"2026-07-14T07:00:00.000Z";4584353.062;"{""TimeSeriesType"":""CTT_SUM_CONS_ACP"",""Res"":""PT1H"",""Uom"":""KWH"",""ReadTS"":""2026-07-14T06:00:00Z"",""Value"":""4584353.062"",""Count"":""3788178""}"
363;"2026-07-14T05:00:00.000Z";"2026-07-14T06:00:00.000Z";4453256.302;"{""TimeSeriesType"":""CTT_SUM_CONS_ACP"",""Res"":""PT1H"",""Uom"":""KWH"",""ReadTS"":""2026-07-14T05:00:00Z"",""Value"":""4453256.302"",""Count"":""3788293""}"
363;"2026-07-14T04:00:00.000Z";"2026-07-14T05:00:00.000Z";4250261.678;"{""TimeSeriesType"":""CTT_SUM_CONS_ACP"",""Res"":""PT1H"",""Uom"":""KWH"",""ReadTS"":""2026-07-14T04:00:00Z"",""Value"":""4250261.678"",""Count"":""3788313""}"
363;"2026-07-14T03:00:00.000Z";"2026-07-14T04:00:00.000Z";3951926.393;"{""TimeSeriesType"":""CTT_SUM_CONS_ACP"",""Res"":""PT1H"",""Uom"":""KWH"",""ReadTS"":""2026-07-14T03:00:00Z"",""Value"":""3951926.393"",""Count"":""3788313""}"
363;"2026-07-14T02:00:00.000Z";"2026-07-14T03:00:00.000Z";3539392.968;"{""TimeSeriesType"":""CTT_SUM_CONS_ACP"",""Res"":""PT1H"",""Uom"":""KWH"",""ReadTS"":""2026-07-14T02:00:00Z"",""Value"":""3539392.968"",""Count"":""3788315""}"
363;"2026-07-14T01:00:00.000Z";"2026-07-14T02:00:00.000Z";3429793.166;"{""TimeSeriesType"":""CTT_SUM_CONS_ACP"",""Res"":""PT1H"",""Uom"":""KWH"",""ReadTS"":""2026-07-14T01:00:00Z"",""Value"":""3429793.166"",""Count"":""3788335""}"
363;"2026-07-14T00:00:00.000Z";"2026-07-14T01:00:00.000Z";3504740.711;"{""TimeSeriesType"":""CTT_SUM_CONS_ACP"",""Res"":""PT1H"",""Uom"":""KWH"",""ReadTS"":""2026-07-14T00:00:00Z"",""Value"":""3504740.711"",""Count"":""3788335""}"
363;"2026-07-13T23:00:00.000Z";"2026-07-14T00:00:00.000Z";3649378.617;"{""TimeSeriesType"":""CTT_SUM_CONS_ACP"",""Res"":""PT1H"",""Uom"":""KWH"",""ReadTS"":""2026-07-13T23:00:00Z"",""Value"":""3649378.617"",""Count"":""3788318""}"
363;"2026-07-13T22:00:00.000Z";"2026-07-13T23:00:00.000Z";3767391.566;"{""TimeSeriesType"":""CTT_SUM_CONS_ACP"",""Res"":""PT1H"",""Uom"":""KWH"",""ReadTS"":""2026-07-13T22:00:00Z"",""Value"":""3767391.566"",""Count"":""3788318""}"
363;"2026-07-13T21:00:00.000Z";"2026-07-13T22:00:00.000Z";4020557.083;"{""TimeSeriesType"":""CTT_SUM_CONS_ACP"",""Res"":""PT1H"",""Uom"":""KWH"",""ReadTS"":""2026-07-13T21:00:00Z"",""Value"":""4020557.083"",""Count"":""3788318""}"
363;"2026-07-13T20:00:00.000Z";"2026-07-13T21:00:00.000Z";4362034.734;"{""TimeSeriesType"":""CTT_SUM_CONS_ACP"",""Res"":""PT1H"",""Uom"":""KWH"",""ReadTS"":""2026-07-13T20:00:00Z"",""Value"":""4362034.734"",""Count"":""3788102""}"
363;"2026-07-13T19:00:00.000Z";"2026-07-13T20:00:00.000Z";4551591.867;"{""TimeSeriesType"":""CTT_SUM_CONS_ACP"",""Res"":""PT1H"",""Uom"":""KWH"",""ReadTS"":""2026-07-13T19:00:00Z"",""Value"":""4551591.867"",""Count"":""3788102""}"
363;"2026-07-13T18:00:00.000Z";"2026-07-13T19:00:00.000Z";4495031.111;"{""TimeSeriesType"":""CTT_SUM_CONS_ACP"",""Res"":""PT1H"",""Uom"":""KWH"",""ReadTS"":""2026-07-13T18:00:00Z"",""Value"":""4495031.111"",""Count"":""3788101""}"
363;"2026-07-13T17:00:00.000Z";"2026-07-13T18:00:00.000Z";4676914.577;"{""TimeSeriesType"":""CTT_SUM_CONS_ACP"",""Res"":""PT1H"",""Uom"":""KWH"",""ReadTS"":""2026-07-13T17:00:00Z"",""Value"":""4676914.577"",""Count"":""3788100""}"
363;"2026-07-13T16:00:00.000Z";"2026-07-13T17:00:00.000Z";4712041.632;"{""TimeSeriesType"":""CTT_SUM_CONS_ACP"",""Res"":""PT1H"",""Uom"":""KWH"",""ReadTS"":""2026-07-13T16:00:00Z"",""Value"":""4712041.632"",""Count"":""3788099""}"
363;"2026-07-13T15:00:00.000Z";"2026-07-13T16:00:00.000Z";4667734.597;"{""TimeSeriesType"":""CTT_SUM_CONS_ACP"",""Res"":""PT1H"",""Uom"":""KWH"",""ReadTS"":""2026-07-13T15:00:00Z"",""Value"":""4667734.597"",""Count"":""3788099""}"
363;"2026-07-13T14:00:00.000Z";"2026-07-13T15:00:00.000Z";4705561.238;"{""TimeSeriesType"":""CTT_SUM_CONS_ACP"",""Res"":""PT1H"",""Uom"":""KWH"",""ReadTS"":""2026-07-13T14:00:00Z"",""Value"":""4705561.238"",""Count"":""3788098""}"
363;"2026-07-13T13:00:00.000Z";"2026-07-13T14:00:00.000Z";4724630.443;"{""TimeSeriesType"":""CTT_SUM_CONS_ACP"",""Res"":""PT1H"",""Uom"":""KWH"",""ReadTS"":""2026-07-13T13:00:00Z"",""Value"":""4724630.443"",""Count"":""3788092""}"
363;"2026-07-13T12:00:00.000Z";"2026-07-13T13:00:00.000Z";4755961.75;"{""TimeSeriesType"":""CTT_SUM_CONS_ACP"",""Res"":""PT1H"",""Uom"":""KWH"",""ReadTS"":""2026-07-13T12:00:00Z"",""Value"":""4755961.75"",""Count"":""3788089""}"
363;"2026-07-13T11:00:00.000Z";"2026-07-13T12:00:00.000Z";4809159.157;"{""TimeSeriesType"":""CTT_SUM_CONS_ACP"",""Res"":""PT1H"",""Uom"":""KWH"",""ReadTS"":""2026-07-13T11:00:00Z"",""Value"":""4809159.157"",""Count"":""3788088""}"
363;"2026-07-13T10:00:00.000Z";"2026-07-13T11:00:00.000Z";4834172.803;"{""TimeSeriesType"":""CTT_SUM_CONS_ACP"",""Res"":""PT1H"",""Uom"":""KWH"",""ReadTS"":""2026-07-13T10:00:00Z"",""Value"":""4834172.803"",""Count"":""3788078""}"
363;"2026-07-13T09:00:00.000Z";"2026-07-13T10:00:00.000Z";4858777.871;"{""TimeSeriesType"":""CTT_SUM_CONS_ACP"",""Res"":""PT1H"",""Uom"":""KWH"",""ReadTS"":""2026-07-13T09:00:00Z"",""Value"":""4858777.871"",""Count"":""3788070""}"
363;"2026-07-13T08:00:00.000Z";"2026-07-13T09:00:00.000Z";4826588.505;"{""TimeSeriesType"":""CTT_SUM_CONS_ACP"",""Res"":""PT1H"",""Uom"":""KWH"",""ReadTS"":""2026-07-13T08:00:00Z"",""Value"":""4826588.505"",""Count"":""3788050""}"
363;"2026-07-13T07:00:00.000Z";"2026-07-13T08:00:00.000Z";4740082.083;"{""TimeSeriesType"":""CTT_SUM_CONS_ACP"",""Res"":""PT1H"",""Uom"":""KWH"",""ReadTS"":""2026-07-13T07:00:00Z"",""Value"":""4740082.083"",""Count"":""3788034""}"
363;"2026-07-13T06:00:00.000Z";"2026-07-13T07:00:00.000Z";4637656.285;"{""TimeSeriesType"":""CTT_SUM_CONS_ACP"",""Res"":""PT1H"",""Uom"":""KWH"",""ReadTS"":""2026-07-13T06:00:00Z"",""Value"":""4637656.285"",""Count"":""3788032""}"
363;"2026-07-13T05:00:00.000Z";"2026-07-13T06:00:00.000Z";4465101.527;"{""TimeSeriesType"":""CTT_SUM_CONS_ACP"",""Res"":""PT1H"",""Uom"":""KWH"",""ReadTS"":""2026-07-13T05:00:00Z"",""Value"":""4465101.527"",""Count"":""3788166""}"
363;"2026-07-13T04:00:00.000Z";"2026-07-13T05:00:00.000Z";4231188.168;"{""TimeSeriesType"":""CTT_SUM_CONS_ACP"",""Res"":""PT1H"",""Uom"":""KWH"",""ReadTS"":""2026-07-13T04:00:00Z"",""Value"":""4231188.168"",""Count"":""3788204""}"
363;"2026-07-13T03:00:00.000Z";"2026-07-13T04:00:00.000Z";3928261.274;"{""TimeSeriesType"":""CTT_SUM_CONS_ACP"",""Res"":""PT1H"",""Uom"":""KWH"",""ReadTS"":""2026-07-13T03:00:00Z"",""Value"":""3928261.274"",""Count"":""3788207""}"
363;"2026-07-13T02:00:00.000Z";"2026-07-13T03:00:00.000Z";3562155.016;"{""TimeSeriesType"":""CTT_SUM_CONS_ACP"",""Res"":""PT1H"",""Uom"":""KWH"",""ReadTS"":""2026-07-13T02:00:00Z"",""Value"":""3562155.016"",""Count"":""3788216""}"
363;"2026-07-13T01:00:00.000Z";"2026-07-13T02:00:00.000Z";3501947.13;"{""TimeSeriesType"":""CTT_SUM_CONS_ACP"",""Res"":""PT1H"",""Uom"":""KWH"",""ReadTS"":""2026-07-13T01:00:00Z"",""Value"":""3501947.13"",""Count"":""3788267""}"
363;"2026-07-13T00:00:00.000Z";"2026-07-13T01:00:00.000Z";3598563.791;"{""TimeSeriesType"":""CTT_SUM_CONS_ACP"",""Res"":""PT1H"",""Uom"":""KWH"",""ReadTS"":""2026-07-13T00:00:00Z"",""Value"":""3598563.791"",""Count"":""3788267""}"
363;"2026-07-12T23:00:00.000Z";"2026-07-13T00:00:00.000Z";3660874.35;"{""TimeSeriesType"":""CTT_SUM_CONS_ACP"",""Res"":""PT1H"",""Uom"":""KWH"",""ReadTS"":""2026-07-12T23:00:00Z"",""Value"":""3660874.35"",""Count"":""3788250""}"
363;"2026-07-12T22:00:00.000Z";"2026-07-12T23:00:00.000Z";3809726.392;"{""TimeSeriesType"":""CTT_SUM_CONS_ACP"",""Res"":""PT1H"",""Uom"":""KWH"",""ReadTS"":""2026-07-12T22:00:00Z"",""Value"":""3809726.392"",""Count"":""3788250""}"
363;"2026-07-12T21:00:00.000Z";"2026-07-12T22:00:00.000Z";4038677.826;"{""TimeSeriesType"":""CTT_SUM_CONS_ACP"",""Res"":""PT1H"",""Uom"":""KWH"",""ReadTS"":""2026-07-12T21:00:00Z"",""Value"":""4038677.826"",""Count"":""3788250""}"
363;"2026-07-12T20:00:00.000Z";"2026-07-12T21:00:00.000Z";4362436.503;"{""TimeSeriesType"":""CTT_SUM_CONS_ACP"",""Res"":""PT1H"",""Uom"":""KWH"",""ReadTS"":""2026-07-12T20:00:00Z"",""Value"":""4362436.503"",""Count"":""3787570""}"
363;"2026-07-12T19:00:00.000Z";"2026-07-12T20:00:00.000Z";4504577.066;"{""TimeSeriesType"":""CTT_SUM_CONS_ACP"",""Res"":""PT1H"",""Uom"":""KWH"",""ReadTS"":""2026-07-12T19:00:00Z"",""Value"":""4504577.066"",""Count"":""3787570""}"
363;"2026-07-12T18:00:00.000Z";"2026-07-12T19:00:00.000Z";4393911.33;"{""TimeSeriesType"":""CTT_SUM_CONS_ACP"",""Res"":""PT1H"",""Uom"":""KWH"",""ReadTS"":""2026-07-12T18:00:00Z"",""Value"":""4393911.33"",""Count"":""3787570""}"
363;"2026-07-12T17:00:00.000Z";"2026-07-12T18:00:00.000Z";4556471.08;"{""TimeSeriesType"":""CTT_SUM_CONS_ACP"",""Res"":""PT1H"",""Uom"":""KWH"",""ReadTS"":""2026-07-12T17:00:00Z"",""Value"":""4556471.08"",""Count"":""3787570""}"
363;"2026-07-12T16:00:00.000Z";"2026-07-12T17:00:00.000Z";4562125.46;"{""TimeSeriesType"":""CTT_SUM_CONS_ACP"",""Res"":""PT1H"",""Uom"":""KWH"",""ReadTS"":""2026-07-12T16:00:00Z"",""Value"":""4562125.46"",""Count"":""3787570""}"
363;"2026-07-12T15:00:00.000Z";"2026-07-12T16:00:00.000Z";4507706.765;"{""TimeSeriesType"":""CTT_SUM_CONS_ACP"",""Res"":""PT1H"",""Uom"":""KWH"",""ReadTS"":""2026-07-12T15:00:00Z"",""Value"":""4507706.765"",""Count"":""3787570""}"
363;"2026-07-12T14:00:00.000Z";"2026-07-12T15:00:00.000Z";4512935.13;"{""TimeSeriesType"":""CTT_SUM_CONS_ACP"",""Res"":""PT1H"",""Uom"":""KWH"",""ReadTS"":""2026-07-12T14:00:00Z"",""Value"":""4512935.13"",""Count"":""3787570""}"
363;"2026-07-12T13:00:00.000Z";"2026-07-12T14:00:00.000Z";4489005.648;"{""TimeSeriesType"":""CTT_SUM_CONS_ACP"",""Res"":""PT1H"",""Uom"":""KWH"",""ReadTS"":""2026-07-12T13:00:00Z"",""Value"":""4489005.648"",""Count"":""3787570""}"
363;"2026-07-12T12:00:00.000Z";"2026-07-12T13:00:00.000Z";4446442.262;"{""TimeSeriesType"":""CTT_SUM_CONS_ACP"",""Res"":""PT1H"",""Uom"":""KWH"",""ReadTS"":""2026-07-12T12:00:00Z"",""Value"":""4446442.262"",""Count"":""3787570""}"
363;"2026-07-12T11:00:00.000Z";"2026-07-12T12:00:00.000Z";4413846.132;"{""TimeSeriesType"":""CTT_SUM_CONS_ACP"",""Res"":""PT1H"",""Uom"":""KWH"",""ReadTS"":""2026-07-12T11:00:00Z"",""Value"":""4413846.132"",""Count"":""3787570""}"
363;"2026-07-12T10:00:00.000Z";"2026-07-12T11:00:00.000Z";4404866.178;"{""TimeSeriesType"":""CTT_SUM_CONS_ACP"",""Res"":""PT1H"",""Uom"":""KWH"",""ReadTS"":""2026-07-12T10:00:00Z"",""Value"":""4404866.178"",""Count"":""3787570""}"
363;"2026-07-12T09:00:00.000Z";"2026-07-12T10:00:00.000Z";4343040.626;"{""TimeSeriesType"":""CTT_SUM_CONS_ACP"",""Res"":""PT1H"",""Uom"":""KWH"",""ReadTS"":""2026-07-12T09:00:00Z"",""Value"":""4343040.626"",""Count"":""3787570""}"
363;"2026-07-12T08:00:00.000Z";"2026-07-12T09:00:00.000Z";4270370.118;"{""TimeSeriesType"":""CTT_SUM_CONS_ACP"",""Res"":""PT1H"",""Uom"":""KWH"",""ReadTS"":""2026-07-12T08:00:00Z"",""Value"":""4270370.118"",""Count"":""3787570""}"
363;"2026-07-12T07:00:00.000Z";"2026-07-12T08:00:00.000Z";4109044.768;"{""TimeSeriesType"":""CTT_SUM_CONS_ACP"",""Res"":""PT1H"",""Uom"":""KWH"",""ReadTS"":""2026-07-12T07:00:00Z"",""Value"":""4109044.768"",""Count"":""3787570""}"
363;"2026-07-12T06:00:00.000Z";"2026-07-12T07:00:00.000Z";3874112.84;"{""TimeSeriesType"":""CTT_SUM_CONS_ACP"",""Res"":""PT1H"",""Uom"":""KWH"",""ReadTS"":""2026-07-12T06:00:00Z"",""Value"":""3874112.84"",""Count"":""3787570""}"
363;"2026-07-12T05:00:00.000Z";"2026-07-12T06:00:00.000Z";3662916.264;"{""TimeSeriesType"":""CTT_SUM_CONS_ACP"",""Res"":""PT1H"",""Uom"":""KWH"",""ReadTS"":""2026-07-12T05:00:00Z"",""Value"":""3662916.264"",""Count"":""3787569""}"
363;"2026-07-12T04:00:00.000Z";"2026-07-12T05:00:00.000Z";3459291.173;"{""TimeSeriesType"":""CTT_SUM_CONS_ACP"",""Res"":""PT1H"",""Uom"":""KWH"",""ReadTS"":""2026-07-12T04:00:00Z"",""Value"":""3459291.173"",""Count"":""3787569""}"
363;"2026-07-12T03:00:00.000Z";"2026-07-12T04:00:00.000Z";3361005.236;"{""TimeSeriesType"":""CTT_SUM_CONS_ACP"",""Res"":""PT1H"",""Uom"":""KWH"",""ReadTS"":""2026-07-12T03:00:00Z"",""Value"":""3361005.236"",""Count"":""3787569""}"
363;"2026-07-12T02:00:00.000Z";"2026-07-12T03:00:00.000Z";3308986.327;"{""TimeSeriesType"":""CTT_SUM_CONS_ACP"",""Res"":""PT1H"",""Uom"":""KWH"",""ReadTS"":""2026-07-12T02:00:00Z"",""Value"":""3308986.327"",""Count"":""3787569""}"
363;"2026-07-12T01:00:00.000Z";"2026-07-12T02:00:00.000Z";3361509.809;"{""TimeSeriesType"":""CTT_SUM_CONS_ACP"",""Res"":""PT1H"",""Uom"":""KWH"",""ReadTS"":""2026-07-12T01:00:00Z"",""Value"":""3361509.809"",""Count"":""3787569""}"
363;"2026-07-12T00:00:00.000Z";"2026-07-12T01:00:00.000Z";3507104.277;"{""TimeSeriesType"":""CTT_SUM_CONS_ACP"",""Res"":""PT1H"",""Uom"":""KWH"",""ReadTS"":""2026-07-12T00:00:00Z"",""Value"":""3507104.277"",""Count"":""3787569""}"
363;"2026-07-11T23:00:00.000Z";"2026-07-12T00:00:00.000Z";3661744.291;"{""TimeSeriesType"":""CTT_SUM_CONS_ACP"",""Res"":""PT1H"",""Uom"":""KWH"",""ReadTS"":""2026-07-11T23:00:00Z"",""Value"":""3661744.291"",""Count"":""3787517""}"
363;"2026-07-11T22:00:00.000Z";"2026-07-11T23:00:00.000Z";3804907.486;"{""TimeSeriesType"":""CTT_SUM_CONS_ACP"",""Res"":""PT1H"",""Uom"":""KWH"",""ReadTS"":""2026-07-11T22:00:00Z"",""Value"":""3804907.486"",""Count"":""3787517""}"
363;"2026-07-11T21:00:00.000Z";"2026-07-11T22:00:00.000Z";4069875.049;"{""TimeSeriesType"":""CTT_SUM_CONS_ACP"",""Res"":""PT1H"",""Uom"":""KWH"",""ReadTS"":""2026-07-11T21:00:00Z"",""Value"":""4069875.049"",""Count"":""3787518""}"
363;"2026-07-11T20:00:00.000Z";"2026-07-11T21:00:00.000Z";4359683.881;"{""TimeSeriesType"":""CTT_SUM_CONS_ACP"",""Res"":""PT1H"",""Uom"":""KWH"",""ReadTS"":""2026-07-11T20:00:00Z"",""Value"":""4359683.881"",""Count"":""3787537""}"
363;"2026-07-11T19:00:00.000Z";"2026-07-11T20:00:00.000Z";4505580.154;"{""TimeSeriesType"":""CTT_SUM_CONS_ACP"",""Res"":""PT1H"",""Uom"":""KWH"",""ReadTS"":""2026-07-11T19:00:00Z"",""Value"":""4505580.154"",""Count"":""3787536""}"
363;"2026-07-11T18:00:00.000Z";"2026-07-11T19:00:00.000Z";4396461.728;"{""TimeSeriesType"":""CTT_SUM_CONS_ACP"",""Res"":""PT1H"",""Uom"":""KWH"",""ReadTS"":""2026-07-11T18:00:00Z"",""Value"":""4396461.728"",""Count"":""3787536""}"
363;"2026-07-11T17:00:00.000Z";"2026-07-11T18:00:00.000Z";4587831.298;"{""TimeSeriesType"":""CTT_SUM_CONS_ACP"",""Res"":""PT1H"",""Uom"":""KWH"",""ReadTS"":""2026-07-11T17:00:00Z"",""Value"":""4587831.298"",""Count"":""3787536""}"
363;"2026-07-11T16:00:00.000Z";"2026-07-11T17:00:00.000Z";4666885.964;"{""TimeSeriesType"":""CTT_SUM_CONS_ACP"",""Res"":""PT1H"",""Uom"":""KWH"",""ReadTS"":""2026-07-11T16:00:00Z"",""Value"":""4666885.964"",""Count"":""3787536""}"
363;"2026-07-11T15:00:00.000Z";"2026-07-11T16:00:00.000Z";4614276.463;"{""TimeSeriesType"":""CTT_SUM_CONS_ACP"",""Res"":""PT1H"",""Uom"":""KWH"",""ReadTS"":""2026-07-11T15:00:00Z"",""Value"":""4614276.463"",""Count"":""3787536""}"
363;"2026-07-11T14:00:00.000Z";"2026-07-11T15:00:00.000Z";4542596.52;"{""TimeSeriesType"":""CTT_SUM_CONS_ACP"",""Res"":""PT1H"",""Uom"":""KWH"",""ReadTS"":""2026-07-11T14:00:00Z"",""Value"":""4542596.52"",""Count"":""3787536""}"
363;"2026-07-11T13:00:00.000Z";"2026-07-11T14:00:00.000Z";4475743.38;"{""TimeSeriesType"":""CTT_SUM_CONS_ACP"",""Res"":""PT1H"",""Uom"":""KWH"",""ReadTS"":""2026-07-11T13:00:00Z"",""Value"":""4475743.38"",""Count"":""3787535""}"
363;"2026-07-11T12:00:00.000Z";"2026-07-11T13:00:00.000Z";4407701.605;"{""TimeSeriesType"":""CTT_SUM_CONS_ACP"",""Res"":""PT1H"",""Uom"":""KWH"",""ReadTS"":""2026-07-11T12:00:00Z"",""Value"":""4407701.605"",""Count"":""3787536""}"
363;"2026-07-11T11:00:00.000Z";"2026-07-11T12:00:00.000Z";4345059.003;"{""TimeSeriesType"":""CTT_SUM_CONS_ACP"",""Res"":""PT1H"",""Uom"":""KWH"",""ReadTS"":""2026-07-11T11:00:00Z"",""Value"":""4345059.003"",""Count"":""3787536""}"
363;"2026-07-11T10:00:00.000Z";"2026-07-11T11:00:00.000Z";4323097.975;"{""TimeSeriesType"":""CTT_SUM_CONS_ACP"",""Res"":""PT1H"",""Uom"":""KWH"",""ReadTS"":""2026-07-11T10:00:00Z"",""Value"":""4323097.975"",""Count"":""3787535""}"
363;"2026-07-11T09:00:00.000Z";"2026-07-11T10:00:00.000Z";4330235.975;"{""TimeSeriesType"":""CTT_SUM_CONS_ACP"",""Res"":""PT1H"",""Uom"":""KWH"",""ReadTS"":""2026-07-11T09:00:00Z"",""Value"":""4330235.975"",""Count"":""3787535""}"
363;"2026-07-11T08:00:00.000Z";"2026-07-11T09:00:00.000Z";4259582.159;"{""TimeSeriesType"":""CTT_SUM_CONS_ACP"",""Res"":""PT1H"",""Uom"":""KWH"",""ReadTS"":""2026-07-11T08:00:00Z"",""Value"":""4259582.159"",""Count"":""3787535""}"
363;"2026-07-11T07:00:00.000Z";"2026-07-11T08:00:00.000Z";4118970.589;"{""TimeSeriesType"":""CTT_SUM_CONS_ACP"",""Res"":""PT1H"",""Uom"":""KWH"",""ReadTS"":""2026-07-11T07:00:00Z"",""Value"":""4118970.589"",""Count"":""3787534""}"
363;"2026-07-11T06:00:00.000Z";"2026-07-11T07:00:00.000Z";3981904.056;"{""TimeSeriesType"":""CTT_SUM_CONS_ACP"",""Res"":""PT1H"",""Uom"":""KWH"",""ReadTS"":""2026-07-11T06:00:00Z"",""Value"":""3981904.056"",""Count"":""3787533""}"
363;"2026-07-11T05:00:00.000Z";"2026-07-11T06:00:00.000Z";3771401.906;"{""TimeSeriesType"":""CTT_SUM_CONS_ACP"",""Res"":""PT1H"",""Uom"":""KWH"",""ReadTS"":""2026-07-11T05:00:00Z"",""Value"":""3771401.906"",""Count"":""3787533""}"
363;"2026-07-11T04:00:00.000Z";"2026-07-11T05:00:00.000Z";3603124.747;"{""TimeSeriesType"":""CTT_SUM_CONS_ACP"",""Res"":""PT1H"",""Uom"":""KWH"",""ReadTS"":""2026-07-11T04:00:00Z"",""Value"":""3603124.747"",""Count"":""3787533""}"
363;"2026-07-11T03:00:00.000Z";"2026-07-11T04:00:00.000Z";3487843.038;"{""TimeSeriesType"":""CTT_SUM_CONS_ACP"",""Res"":""PT1H"",""Uom"":""KWH"",""ReadTS"":""2026-07-11T03:00:00Z"",""Value"":""3487843.038"",""Count"":""3787533""}"
363;"2026-07-11T02:00:00.000Z";"2026-07-11T03:00:00.000Z";3383575.108;"{""TimeSeriesType"":""CTT_SUM_CONS_ACP"",""Res"":""PT1H"",""Uom"":""KWH"",""ReadTS"":""2026-07-11T02:00:00Z"",""Value"":""3383575.108"",""Count"":""3787533""}"
363;"2026-07-11T01:00:00.000Z";"2026-07-11T02:00:00.000Z";3402162.795;"{""TimeSeriesType"":""CTT_SUM_CONS_ACP"",""Res"":""PT1H"",""Uom"":""KWH"",""ReadTS"":""2026-07-11T01:00:00Z"",""Value"":""3402162.795"",""Count"":""3787536""}"
363;"2026-07-11T00:00:00.000Z";"2026-07-11T01:00:00.000Z";3519475.25;"{""TimeSeriesType"":""CTT_SUM_CONS_ACP"",""Res"":""PT1H"",""Uom"":""KWH"",""ReadTS"":""2026-07-11T00:00:00Z"",""Value"":""3519475.25"",""Count"":""3787536""}"
363;"2026-07-10T23:00:00.000Z";"2026-07-11T00:00:00.000Z";3650227.709;"{""TimeSeriesType"":""CTT_SUM_CONS_ACP"",""Res"":""PT1H"",""Uom"":""KWH"",""ReadTS"":""2026-07-10T23:00:00Z"",""Value"":""3650227.709"",""Count"":""3787563""}"
363;"2026-07-10T22:00:00.000Z";"2026-07-10T23:00:00.000Z";3804017.848;"{""TimeSeriesType"":""CTT_SUM_CONS_ACP"",""Res"":""PT1H"",""Uom"":""KWH"",""ReadTS"":""2026-07-10T22:00:00Z"",""Value"":""3804017.848"",""Count"":""3787563""}"
363;"2026-07-10T21:00:00.000Z";"2026-07-10T22:00:00.000Z";4064089.426;"{""TimeSeriesType"":""CTT_SUM_CONS_ACP"",""Res"":""PT1H"",""Uom"":""KWH"",""ReadTS"":""2026-07-10T21:00:00Z"",""Value"":""4064089.426"",""Count"":""3787563""}"
363;"2026-07-10T20:00:00.000Z";"2026-07-10T21:00:00.000Z";4390009.803;"{""TimeSeriesType"":""CTT_SUM_CONS_ACP"",""Res"":""PT1H"",""Uom"":""KWH"",""ReadTS"":""2026-07-10T20:00:00Z"",""Value"":""4390009.803"",""Count"":""3787994""}"
363;"2026-07-10T19:00:00.000Z";"2026-07-10T20:00:00.000Z";4521431.209;"{""TimeSeriesType"":""CTT_SUM_CONS_ACP"",""Res"":""PT1H"",""Uom"":""KWH"",""ReadTS"":""2026-07-10T19:00:00Z"",""Value"":""4521431.209"",""Count"":""3787994""}"
363;"2026-07-10T18:00:00.000Z";"2026-07-10T19:00:00.000Z";4483954.544;"{""TimeSeriesType"":""CTT_SUM_CONS_ACP"",""Res"":""PT1H"",""Uom"":""KWH"",""ReadTS"":""2026-07-10T18:00:00Z"",""Value"":""4483954.544"",""Count"":""3787994""}"
363;"2026-07-10T17:00:00.000Z";"2026-07-10T18:00:00.000Z";4661983.74;"{""TimeSeriesType"":""CTT_SUM_CONS_ACP"",""Res"":""PT1H"",""Uom"":""KWH"",""ReadTS"":""2026-07-10T17:00:00Z"",""Value"":""4661983.74"",""Count"":""3787993""}"
363;"2026-07-10T16:00:00.000Z";"2026-07-10T17:00:00.000Z";4717937.067;"{""TimeSeriesType"":""CTT_SUM_CONS_ACP"",""Res"":""PT1H"",""Uom"":""KWH"",""ReadTS"":""2026-07-10T16:00:00Z"",""Value"":""4717937.067"",""Count"":""3787993""}"
363;"2026-07-10T15:00:00.000Z";"2026-07-10T16:00:00.000Z";4717373.748;"{""TimeSeriesType"":""CTT_SUM_CONS_ACP"",""Res"":""PT1H"",""Uom"":""KWH"",""ReadTS"":""2026-07-10T15:00:00Z"",""Value"":""4717373.748"",""Count"":""3787992""}"
363;"2026-07-10T14:00:00.000Z";"2026-07-10T15:00:00.000Z";4732144.377;"{""TimeSeriesType"":""CTT_SUM_CONS_ACP"",""Res"":""PT1H"",""Uom"":""KWH"",""ReadTS"":""2026-07-10T14:00:00Z"",""Value"":""4732144.377"",""Count"":""3787990""}"
363;"2026-07-10T13:00:00.000Z";"2026-07-10T14:00:00.000Z";4743848.9;"{""TimeSeriesType"":""CTT_SUM_CONS_ACP"",""Res"":""PT1H"",""Uom"":""KWH"",""ReadTS"":""2026-07-10T13:00:00Z"",""Value"":""4743848.9"",""Count"":""3787984""}"
363;"2026-07-10T12:00:00.000Z";"2026-07-10T13:00:00.000Z";4746426.522;"{""TimeSeriesType"":""CTT_SUM_CONS_ACP"",""Res"":""PT1H"",""Uom"":""KWH"",""ReadTS"":""2026-07-10T12:00:00Z"",""Value"":""4746426.522"",""Count"":""3787971""}"
363;"2026-07-10T11:00:00.000Z";"2026-07-10T12:00:00.000Z";4777667.177;"{""TimeSeriesType"":""CTT_SUM_CONS_ACP"",""Res"":""PT1H"",""Uom"":""KWH"",""ReadTS"":""2026-07-10T11:00:00Z"",""Value"":""4777667.177"",""Count"":""3787958""}"
363;"2026-07-10T10:00:00.000Z";"2026-07-10T11:00:00.000Z";4826288.415;"{""TimeSeriesType"":""CTT_SUM_CONS_ACP"",""Res"":""PT1H"",""Uom"":""KWH"",""ReadTS"":""2026-07-10T10:00:00Z"",""Value"":""4826288.415"",""Count"":""3787942""}"
363;"2026-07-10T09:00:00.000Z";"2026-07-10T10:00:00.000Z";4859199.591;"{""TimeSeriesType"":""CTT_SUM_CONS_ACP"",""Res"":""PT1H"",""Uom"":""KWH"",""ReadTS"":""2026-07-10T09:00:00Z"",""Value"":""4859199.591"",""Count"":""3787918""}"
363;"2026-07-10T08:00:00.000Z";"2026-07-10T09:00:00.000Z";4833342.468;"{""TimeSeriesType"":""CTT_SUM_CONS_ACP"",""Res"":""PT1H"",""Uom"":""KWH"",""ReadTS"":""2026-07-10T08:00:00Z"",""Value"":""4833342.468"",""Count"":""3787901""}"
363;"2026-07-10T07:00:00.000Z";"2026-07-10T08:00:00.000Z";4779625.109;"{""TimeSeriesType"":""CTT_SUM_CONS_ACP"",""Res"":""PT1H"",""Uom"":""KWH"",""ReadTS"":""2026-07-10T07:00:00Z"",""Value"":""4779625.109"",""Count"":""3787878""}"
363;"2026-07-10T06:00:00.000Z";"2026-07-10T07:00:00.000Z";4685236.73;"{""TimeSeriesType"":""CTT_SUM_CONS_ACP"",""Res"":""PT1H"",""Uom"":""KWH"",""ReadTS"":""2026-07-10T06:00:00Z"",""Value"":""4685236.73"",""Count"":""3787852""}"
363;"2026-07-10T05:00:00.000Z";"2026-07-10T06:00:00.000Z";4552392.593;"{""TimeSeriesType"":""CTT_SUM_CONS_ACP"",""Res"":""PT1H"",""Uom"":""KWH"",""ReadTS"":""2026-07-10T05:00:00Z"",""Value"":""4552392.593"",""Count"":""3787841""}"
363;"2026-07-10T04:00:00.000Z";"2026-07-10T05:00:00.000Z";4333705.454;"{""TimeSeriesType"":""CTT_SUM_CONS_ACP"",""Res"":""PT1H"",""Uom"":""KWH"",""ReadTS"":""2026-07-10T04:00:00Z"",""Value"":""4333705.454"",""Count"":""3787811""}"
363;"2026-07-10T03:00:00.000Z";"2026-07-10T04:00:00.000Z";4026437.975;"{""TimeSeriesType"":""CTT_SUM_CONS_ACP"",""Res"":""PT1H"",""Uom"":""KWH"",""ReadTS"":""2026-07-10T03:00:00Z"",""Value"":""4026437.975"",""Count"":""3787802""}"
363;"2026-07-10T02:00:00.000Z";"2026-07-10T03:00:00.000Z";3646807.917;"{""TimeSeriesType"":""CTT_SUM_CONS_ACP"",""Res"":""PT1H"",""Uom"":""KWH"",""ReadTS"":""2026-07-10T02:00:00Z"",""Value"":""3646807.917"",""Count"":""3787801""}"
363;"2026-07-10T01:00:00.000Z";"2026-07-10T02:00:00.000Z";3572823.287;"{""TimeSeriesType"":""CTT_SUM_CONS_ACP"",""Res"":""PT1H"",""Uom"":""KWH"",""ReadTS"":""2026-07-10T01:00:00Z"",""Value"":""3572823.287"",""Count"":""3787866""}"
363;"2026-07-10T00:00:00.000Z";"2026-07-10T01:00:00.000Z";3681237.393;"{""TimeSeriesType"":""CTT_SUM_CONS_ACP"",""Res"":""PT1H"",""Uom"":""KWH"",""ReadTS"":""2026-07-10T00:00:00Z"",""Value"":""3681237.393"",""Count"":""3787866""}"
363;"2026-07-09T23:00:00.000Z";"2026-07-10T00:00:00.000Z";3814312.945;"{""TimeSeriesType"":""CTT_SUM_CONS_ACP"",""Res"":""PT1H"",""Uom"":""KWH"",""ReadTS"":""2026-07-09T23:00:00Z"",""Value"":""3814312.945"",""Count"":""3787866""}"
363;"2026-07-09T22:00:00.000Z";"2026-07-09T23:00:00.000Z";4020756.86;"{""TimeSeriesType"":""CTT_SUM_CONS_ACP"",""Res"":""PT1H"",""Uom"":""KWH"",""ReadTS"":""2026-07-09T22:00:00Z"",""Value"":""4020756.86"",""Count"":""3787866""}"
363;"2026-07-09T21:00:00.000Z";"2026-07-09T22:00:00.000Z";4314578.727;"{""TimeSeriesType"":""CTT_SUM_CONS_ACP"",""Res"":""PT1H"",""Uom"":""KWH"",""ReadTS"":""2026-07-09T21:00:00Z"",""Value"":""4314578.727"",""Count"":""3787866""}"
363;"2026-07-09T20:00:00.000Z";"2026-07-09T21:00:00.000Z";4570581.957;"{""TimeSeriesType"":""CTT_SUM_CONS_ACP"",""Res"":""PT1H"",""Uom"":""KWH"",""ReadTS"":""2026-07-09T20:00:00Z"",""Value"":""4570581.957"",""Count"":""3787414""}"
363;"2026-07-09T19:00:00.000Z";"2026-07-09T20:00:00.000Z";4709648.118;"{""TimeSeriesType"":""CTT_SUM_CONS_ACP"",""Res"":""PT1H"",""Uom"":""KWH"",""ReadTS"":""2026-07-09T19:00:00Z"",""Value"":""4709648.118"",""Count"":""3787414""}"
363;"2026-07-09T18:00:00.000Z";"2026-07-09T19:00:00.000Z";4640877.573;"{""TimeSeriesType"":""CTT_SUM_CONS_ACP"",""Res"":""PT1H"",""Uom"":""KWH"",""ReadTS"":""2026-07-09T18:00:00Z"",""Value"":""4640877.573"",""Count"":""3787414""}"
363;"2026-07-09T17:00:00.000Z";"2026-07-09T18:00:00.000Z";4830181.214;"{""TimeSeriesType"":""CTT_SUM_CONS_ACP"",""Res"":""PT1H"",""Uom"":""KWH"",""ReadTS"":""2026-07-09T17:00:00Z"",""Value"":""4830181.214"",""Count"":""3787414""}"
363;"2026-07-09T16:00:00.000Z";"2026-07-09T17:00:00.000Z";4876697.314;"{""TimeSeriesType"":""CTT_SUM_CONS_ACP"",""Res"":""PT1H"",""Uom"":""KWH"",""ReadTS"":""2026-07-09T16:00:00Z"",""Value"":""4876697.314"",""Count"":""3787413""}"
363;"2026-07-09T15:00:00.000Z";"2026-07-09T16:00:00.000Z";4819090.52;"{""TimeSeriesType"":""CTT_SUM_CONS_ACP"",""Res"":""PT1H"",""Uom"":""KWH"",""ReadTS"":""2026-07-09T15:00:00Z"",""Value"":""4819090.52"",""Count"":""3787412""}"
363;"2026-07-09T14:00:00.000Z";"2026-07-09T15:00:00.000Z";4863213.756;"{""TimeSeriesType"":""CTT_SUM_CONS_ACP"",""Res"":""PT1H"",""Uom"":""KWH"",""ReadTS"":""2026-07-09T14:00:00Z"",""Value"":""4863213.756"",""Count"":""3787409""}"
363;"2026-07-09T13:00:00.000Z";"2026-07-09T14:00:00.000Z";4867960.221;"{""TimeSeriesType"":""CTT_SUM_CONS_ACP"",""Res"":""PT1H"",""Uom"":""KWH"",""ReadTS"":""2026-07-09T13:00:00Z"",""Value"":""4867960.221"",""Count"":""3787398""}"
363;"2026-07-09T12:00:00.000Z";"2026-07-09T13:00:00.000Z";4869406.843;"{""TimeSeriesType"":""CTT_SUM_CONS_ACP"",""Res"":""PT1H"",""Uom"":""KWH"",""ReadTS"":""2026-07-09T12:00:00Z"",""Value"":""4869406.843"",""Count"":""3787389""}"
363;"2026-07-09T11:00:00.000Z";"2026-07-09T12:00:00.000Z";4917229.27;"{""TimeSeriesType"":""CTT_SUM_CONS_ACP"",""Res"":""PT1H"",""Uom"":""KWH"",""ReadTS"":""2026-07-09T11:00:00Z"",""Value"":""4917229.27"",""Count"":""3787371""}"
363;"2026-07-09T10:00:00.000Z";"2026-07-09T11:00:00.000Z";4977041.087;"{""TimeSeriesType"":""CTT_SUM_CONS_ACP"",""Res"":""PT1H"",""Uom"":""KWH"",""ReadTS"":""2026-07-09T10:00:00Z"",""Value"":""4977041.087"",""Count"":""3787356""}"
363;"2026-07-09T09:00:00.000Z";"2026-07-09T10:00:00.000Z";5007258.693;"{""TimeSeriesType"":""CTT_SUM_CONS_ACP"",""Res"":""PT1H"",""Uom"":""KWH"",""ReadTS"":""2026-07-09T09:00:00Z"",""Value"":""5007258.693"",""Count"":""3787337""}"
363;"2026-07-09T08:00:00.000Z";"2026-07-09T09:00:00.000Z";4974980.24;"{""TimeSeriesType"":""CTT_SUM_CONS_ACP"",""Res"":""PT1H"",""Uom"":""KWH"",""ReadTS"":""2026-07-09T08:00:00Z"",""Value"":""4974980.24"",""Count"":""3787314""}"
363;"2026-07-09T07:00:00.000Z";"2026-07-09T08:00:00.000Z";4910162.366;"{""TimeSeriesType"":""CTT_SUM_CONS_ACP"",""Res"":""PT1H"",""Uom"":""KWH"",""ReadTS"":""2026-07-09T07:00:00Z"",""Value"":""4910162.366"",""Count"":""3787304""}"
363;"2026-07-09T06:00:00.000Z";"2026-07-09T07:00:00.000Z";4826458.393;"{""TimeSeriesType"":""CTT_SUM_CONS_ACP"",""Res"":""PT1H"",""Uom"":""KWH"",""ReadTS"":""2026-07-09T06:00:00Z"",""Value"":""4826458.393"",""Count"":""3787282""}"
363;"2026-07-09T05:00:00.000Z";"2026-07-09T06:00:00.000Z";4689826.545;"{""TimeSeriesType"":""CTT_SUM_CONS_ACP"",""Res"":""PT1H"",""Uom"":""KWH"",""ReadTS"":""2026-07-09T05:00:00Z"",""Value"":""4689826.545"",""Count"":""3787415""}"
363;"2026-07-09T04:00:00.000Z";"2026-07-09T05:00:00.000Z";4480405.113;"{""TimeSeriesType"":""CTT_SUM_CONS_ACP"",""Res"":""PT1H"",""Uom"":""KWH"",""ReadTS"":""2026-07-09T04:00:00Z"",""Value"":""4480405.113"",""Count"":""3787432""}"
363;"2026-07-09T03:00:00.000Z";"2026-07-09T04:00:00.000Z";4146514.908;"{""TimeSeriesType"":""CTT_SUM_CONS_ACP"",""Res"":""PT1H"",""Uom"":""KWH"",""ReadTS"":""2026-07-09T03:00:00Z"",""Value"":""4146514.908"",""Count"":""3787432""}"
363;"2026-07-09T02:00:00.000Z";"2026-07-09T03:00:00.000Z";3737381.108;"{""TimeSeriesType"":""CTT_SUM_CONS_ACP"",""Res"":""PT1H"",""Uom"":""KWH"",""ReadTS"":""2026-07-09T02:00:00Z"",""Value"":""3737381.108"",""Count"":""3787434""}"
363;"2026-07-09T01:00:00.000Z";"2026-07-09T02:00:00.000Z";3632723.693;"{""TimeSeriesType"":""CTT_SUM_CONS_ACP"",""Res"":""PT1H"",""Uom"":""KWH"",""ReadTS"":""2026-07-09T01:00:00Z"",""Value"":""3632723.693"",""Count"":""3787494""}"
363;"2026-07-09T00:00:00.000Z";"2026-07-09T01:00:00.000Z";3731165.963;"{""TimeSeriesType"":""CTT_SUM_CONS_ACP"",""Res"":""PT1H"",""Uom"":""KWH"",""ReadTS"":""2026-07-09T00:00:00Z"",""Value"":""3731165.963"",""Count"":""3787494""}"
363;"2026-07-08T23:00:00.000Z";"2026-07-09T00:00:00.000Z";3889287.899;"{""TimeSeriesType"":""CTT_SUM_CONS_ACP"",""Res"":""PT1H"",""Uom"":""KWH"",""ReadTS"":""2026-07-08T23:00:00Z"",""Value"":""3889287.899"",""Count"":""3787490""}"
363;"2026-07-08T22:00:00.000Z";"2026-07-08T23:00:00.000Z";4071677.702;"{""TimeSeriesType"":""CTT_SUM_CONS_ACP"",""Res"":""PT1H"",""Uom"":""KWH"",""ReadTS"":""2026-07-08T22:00:00Z"",""Value"":""4071677.702"",""Count"":""3787490""}"
363;"2026-07-08T21:00:00.000Z";"2026-07-08T22:00:00.000Z";4284649.065;"{""TimeSeriesType"":""CTT_SUM_CONS_ACP"",""Res"":""PT1H"",""Uom"":""KWH"",""ReadTS"":""2026-07-08T21:00:00Z"",""Value"":""4284649.065"",""Count"":""3787493""}"
363;"2026-07-08T20:00:00.000Z";"2026-07-08T21:00:00.000Z";4615132.774;"{""TimeSeriesType"":""CTT_SUM_CONS_ACP"",""Res"":""PT1H"",""Uom"":""KWH"",""ReadTS"":""2026-07-08T20:00:00Z"",""Value"":""4615132.774"",""Count"":""3787215""}"
363;"2026-07-08T19:00:00.000Z";"2026-07-08T20:00:00.000Z";4803875.6;"{""TimeSeriesType"":""CTT_SUM_CONS_ACP"",""Res"":""PT1H"",""Uom"":""KWH"",""ReadTS"":""2026-07-08T19:00:00Z"",""Value"":""4803875.6"",""Count"":""3787215""}"
363;"2026-07-08T18:00:00.000Z";"2026-07-08T19:00:00.000Z";4761906.175;"{""TimeSeriesType"":""CTT_SUM_CONS_ACP"",""Res"":""PT1H"",""Uom"":""KWH"",""ReadTS"":""2026-07-08T18:00:00Z"",""Value"":""4761906.175"",""Count"":""3787215""}"
363;"2026-07-08T17:00:00.000Z";"2026-07-08T18:00:00.000Z";4962332.331;"{""TimeSeriesType"":""CTT_SUM_CONS_ACP"",""Res"":""PT1H"",""Uom"":""KWH"",""ReadTS"":""2026-07-08T17:00:00Z"",""Value"":""4962332.331"",""Count"":""3787214""}"
363;"2026-07-08T16:00:00.000Z";"2026-07-08T17:00:00.000Z";5024900.782;"{""TimeSeriesType"":""CTT_SUM_CONS_ACP"",""Res"":""PT1H"",""Uom"":""KWH"",""ReadTS"":""2026-07-08T16:00:00Z"",""Value"":""5024900.782"",""Count"":""3787214""}"
363;"2026-07-08T15:00:00.000Z";"2026-07-08T16:00:00.000Z";4962512.196;"{""TimeSeriesType"":""CTT_SUM_CONS_ACP"",""Res"":""PT1H"",""Uom"":""KWH"",""ReadTS"":""2026-07-08T15:00:00Z"",""Value"":""4962512.196"",""Count"":""3787212""}"
363;"2026-07-08T14:00:00.000Z";"2026-07-08T15:00:00.000Z";4932657.01;"{""TimeSeriesType"":""CTT_SUM_CONS_ACP"",""Res"":""PT1H"",""Uom"":""KWH"",""ReadTS"":""2026-07-08T14:00:00Z"",""Value"":""4932657.01"",""Count"":""3787212""}"
363;"2026-07-08T13:00:00.000Z";"2026-07-08T14:00:00.000Z";4921956.768;"{""TimeSeriesType"":""CTT_SUM_CONS_ACP"",""Res"":""PT1H"",""Uom"":""KWH"",""ReadTS"":""2026-07-08T13:00:00Z"",""Value"":""4921956.768"",""Count"":""3787208""}"
363;"2026-07-08T12:00:00.000Z";"2026-07-08T13:00:00.000Z";4923140.459;"{""TimeSeriesType"":""CTT_SUM_CONS_ACP"",""Res"":""PT1H"",""Uom"":""KWH"",""ReadTS"":""2026-07-08T12:00:00Z"",""Value"":""4923140.459"",""Count"":""3787197""}"
363;"2026-07-08T11:00:00.000Z";"2026-07-08T12:00:00.000Z";4927276.539;"{""TimeSeriesType"":""CTT_SUM_CONS_ACP"",""Res"":""PT1H"",""Uom"":""KWH"",""ReadTS"":""2026-07-08T11:00:00Z"",""Value"":""4927276.539"",""Count"":""3787184""}"
363;"2026-07-08T10:00:00.000Z";"2026-07-08T11:00:00.000Z";5011084.994;"{""TimeSeriesType"":""CTT_SUM_CONS_ACP"",""Res"":""PT1H"",""Uom"":""KWH"",""ReadTS"":""2026-07-08T10:00:00Z"",""Value"":""5011084.994"",""Count"":""3787164""}"
363;"2026-07-08T09:00:00.000Z";"2026-07-08T10:00:00.000Z";5054901.732;"{""TimeSeriesType"":""CTT_SUM_CONS_ACP"",""Res"":""PT1H"",""Uom"":""KWH"",""ReadTS"":""2026-07-08T09:00:00Z"",""Value"":""5054901.732"",""Count"":""3787135""}"
363;"2026-07-08T08:00:00.000Z";"2026-07-08T09:00:00.000Z";5063418.868;"{""TimeSeriesType"":""CTT_SUM_CONS_ACP"",""Res"":""PT1H"",""Uom"":""KWH"",""ReadTS"":""2026-07-08T08:00:00Z"",""Value"":""5063418.868"",""Count"":""3787115""}"
363;"2026-07-08T07:00:00.000Z";"2026-07-08T08:00:00.000Z";4997091.763;"{""TimeSeriesType"":""CTT_SUM_CONS_ACP"",""Res"":""PT1H"",""Uom"":""KWH"",""ReadTS"":""2026-07-08T07:00:00Z"",""Value"":""4997091.763"",""Count"":""3787107""}"
363;"2026-07-08T06:00:00.000Z";"2026-07-08T07:00:00.000Z";4921211.459;"{""TimeSeriesType"":""CTT_SUM_CONS_ACP"",""Res"":""PT1H"",""Uom"":""KWH"",""ReadTS"":""2026-07-08T06:00:00Z"",""Value"":""4921211.459"",""Count"":""3787118""}"
363;"2026-07-08T05:00:00.000Z";"2026-07-08T06:00:00.000Z";4783169.449;"{""TimeSeriesType"":""CTT_SUM_CONS_ACP"",""Res"":""PT1H"",""Uom"":""KWH"",""ReadTS"":""2026-07-08T05:00:00Z"",""Value"":""4783169.449"",""Count"":""3787256""}"
363;"2026-07-08T04:00:00.000Z";"2026-07-08T05:00:00.000Z";4574031.445;"{""TimeSeriesType"":""CTT_SUM_CONS_ACP"",""Res"":""PT1H"",""Uom"":""KWH"",""ReadTS"":""2026-07-08T04:00:00Z"",""Value"":""4574031.445"",""Count"":""3787287""}"
363;"2026-07-08T03:00:00.000Z";"2026-07-08T04:00:00.000Z";4273633.642;"{""TimeSeriesType"":""CTT_SUM_CONS_ACP"",""Res"":""PT1H"",""Uom"":""KWH"",""ReadTS"":""2026-07-08T03:00:00Z"",""Value"":""4273633.642"",""Count"":""3787292""}"
363;"2026-07-08T02:00:00.000Z";"2026-07-08T03:00:00.000Z";3869830.521;"{""TimeSeriesType"":""CTT_SUM_CONS_ACP"",""Res"":""PT1H"",""Uom"":""KWH"",""ReadTS"":""2026-07-08T02:00:00Z"",""Value"":""3869830.521"",""Count"":""3787291""}"
363;"2026-07-08T01:00:00.000Z";"2026-07-08T02:00:00.000Z";3766380.486;"{""TimeSeriesType"":""CTT_SUM_CONS_ACP"",""Res"":""PT1H"",""Uom"":""KWH"",""ReadTS"":""2026-07-08T01:00:00Z"",""Value"":""3766380.486"",""Count"":""3787336""}"
363;"2026-07-08T00:00:00.000Z";"2026-07-08T01:00:00.000Z";3855462.553;"{""TimeSeriesType"":""CTT_SUM_CONS_ACP"",""Res"":""PT1H"",""Uom"":""KWH"",""ReadTS"":""2026-07-08T00:00:00Z"",""Value"":""3855462.553"",""Count"":""3787336""}"
363;"2026-07-07T23:00:00.000Z";"2026-07-08T00:00:00.000Z";3974547.781;"{""TimeSeriesType"":""CTT_SUM_CONS_ACP"",""Res"":""PT1H"",""Uom"":""KWH"",""ReadTS"":""2026-07-07T23:00:00Z"",""Value"":""3974547.781"",""Count"":""3787327""}"
363;"2026-07-07T22:00:00.000Z";"2026-07-07T23:00:00.000Z";4121305.932;"{""TimeSeriesType"":""CTT_SUM_CONS_ACP"",""Res"":""PT1H"",""Uom"":""KWH"",""ReadTS"":""2026-07-07T22:00:00Z"",""Value"":""4121305.932"",""Count"":""3787326""}"
363;"2026-07-07T21:00:00.000Z";"2026-07-07T22:00:00.000Z";4406510.311;"{""TimeSeriesType"":""CTT_SUM_CONS_ACP"",""Res"":""PT1H"",""Uom"":""KWH"",""ReadTS"":""2026-07-07T21:00:00Z"",""Value"":""4406510.311"",""Count"":""3787327""}"
363;"2026-07-07T20:00:00.000Z";"2026-07-07T21:00:00.000Z";4647917.924;"{""TimeSeriesType"":""CTT_SUM_CONS_ACP"",""Res"":""PT1H"",""Uom"":""KWH"",""ReadTS"":""2026-07-07T20:00:00Z"",""Value"":""4647917.924"",""Count"":""3786951""}"
363;"2026-07-07T19:00:00.000Z";"2026-07-07T20:00:00.000Z";4822842.827;"{""TimeSeriesType"":""CTT_SUM_CONS_ACP"",""Res"":""PT1H"",""Uom"":""KWH"",""ReadTS"":""2026-07-07T19:00:00Z"",""Value"":""4822842.827"",""Count"":""3786951""}"
363;"2026-07-07T18:00:00.000Z";"2026-07-07T19:00:00.000Z";4758236.829;"{""TimeSeriesType"":""CTT_SUM_CONS_ACP"",""Res"":""PT1H"",""Uom"":""KWH"",""ReadTS"":""2026-07-07T18:00:00Z"",""Value"":""4758236.829"",""Count"":""3786951""}"
363;"2026-07-07T17:00:00.000Z";"2026-07-07T18:00:00.000Z";4947921.431;"{""TimeSeriesType"":""CTT_SUM_CONS_ACP"",""Res"":""PT1H"",""Uom"":""KWH"",""ReadTS"":""2026-07-07T17:00:00Z"",""Value"":""4947921.431"",""Count"":""3786953""}"
363;"2026-07-07T16:00:00.000Z";"2026-07-07T17:00:00.000Z";5001628.255;"{""TimeSeriesType"":""CTT_SUM_CONS_ACP"",""Res"":""PT1H"",""Uom"":""KWH"",""ReadTS"":""2026-07-07T16:00:00Z"",""Value"":""5001628.255"",""Count"":""3786952""}"
363;"2026-07-07T15:00:00.000Z";"2026-07-07T16:00:00.000Z";4993796.514;"{""TimeSeriesType"":""CTT_SUM_CONS_ACP"",""Res"":""PT1H"",""Uom"":""KWH"",""ReadTS"":""2026-07-07T15:00:00Z"",""Value"":""4993796.514"",""Count"":""3786951""}"
363;"2026-07-07T14:00:00.000Z";"2026-07-07T15:00:00.000Z";4958538.593;"{""TimeSeriesType"":""CTT_SUM_CONS_ACP"",""Res"":""PT1H"",""Uom"":""KWH"",""ReadTS"":""2026-07-07T14:00:00Z"",""Value"":""4958538.593"",""Count"":""3786947""}"
363;"2026-07-07T13:00:00.000Z";"2026-07-07T14:00:00.000Z";4976287.146;"{""TimeSeriesType"":""CTT_SUM_CONS_ACP"",""Res"":""PT1H"",""Uom"":""KWH"",""ReadTS"":""2026-07-07T13:00:00Z"",""Value"":""4976287.146"",""Count"":""3786941""}"
363;"2026-07-07T12:00:00.000Z";"2026-07-07T13:00:00.000Z";4980826.234;"{""TimeSeriesType"":""CTT_SUM_CONS_ACP"",""Res"":""PT1H"",""Uom"":""KWH"",""ReadTS"":""2026-07-07T12:00:00Z"",""Value"":""4980826.234"",""Count"":""3786927""}"
363;"2026-07-07T11:00:00.000Z";"2026-07-07T12:00:00.000Z";5052305.056;"{""TimeSeriesType"":""CTT_SUM_CONS_ACP"",""Res"":""PT1H"",""Uom"":""KWH"",""ReadTS"":""2026-07-07T11:00:00Z"",""Value"":""5052305.056"",""Count"":""3786908""}"
363;"2026-07-07T10:00:00.000Z";"2026-07-07T11:00:00.000Z";5110441.249;"{""TimeSeriesType"":""CTT_SUM_CONS_ACP"",""Res"":""PT1H"",""Uom"":""KWH"",""ReadTS"":""2026-07-07T10:00:00Z"",""Value"":""5110441.249"",""Count"":""3786888""}"
363;"2026-07-07T09:00:00.000Z";"2026-07-07T10:00:00.000Z";5148827.448;"{""TimeSeriesType"":""CTT_SUM_CONS_ACP"",""Res"":""PT1H"",""Uom"":""KWH"",""ReadTS"":""2026-07-07T09:00:00Z"",""Value"":""5148827.448"",""Count"":""3786870""}"
363;"2026-07-07T08:00:00.000Z";"2026-07-07T09:00:00.000Z";5149717.547;"{""TimeSeriesType"":""CTT_SUM_CONS_ACP"",""Res"":""PT1H"",""Uom"":""KWH"",""ReadTS"":""2026-07-07T08:00:00Z"",""Value"":""5149717.547"",""Count"":""3786869""}"
363;"2026-07-07T07:00:00.000Z";"2026-07-07T08:00:00.000Z";5102667;"{""TimeSeriesType"":""CTT_SUM_CONS_ACP"",""Res"":""PT1H"",""Uom"":""KWH"",""ReadTS"":""2026-07-07T07:00:00Z"",""Value"":""5102667"",""Count"":""3786840""}"
363;"2026-07-07T06:00:00.000Z";"2026-07-07T07:00:00.000Z";5005738.36;"{""TimeSeriesType"":""CTT_SUM_CONS_ACP"",""Res"":""PT1H"",""Uom"":""KWH"",""ReadTS"":""2026-07-07T06:00:00Z"",""Value"":""5005738.36"",""Count"":""3786862""}"
363;"2026-07-07T05:00:00.000Z";"2026-07-07T06:00:00.000Z";4837715.424;"{""TimeSeriesType"":""CTT_SUM_CONS_ACP"",""Res"":""PT1H"",""Uom"":""KWH"",""ReadTS"":""2026-07-07T05:00:00Z"",""Value"":""4837715.424"",""Count"":""3787007""}"
363;"2026-07-07T04:00:00.000Z";"2026-07-07T05:00:00.000Z";4589336.989;"{""TimeSeriesType"":""CTT_SUM_CONS_ACP"",""Res"":""PT1H"",""Uom"":""KWH"",""ReadTS"":""2026-07-07T04:00:00Z"",""Value"":""4589336.989"",""Count"":""3787027""}"
363;"2026-07-07T03:00:00.000Z";"2026-07-07T04:00:00.000Z";4248804.302;"{""TimeSeriesType"":""CTT_SUM_CONS_ACP"",""Res"":""PT1H"",""Uom"":""KWH"",""ReadTS"":""2026-07-07T03:00:00Z"",""Value"":""4248804.302"",""Count"":""3787034""}"
363;"2026-07-07T02:00:00.000Z";"2026-07-07T03:00:00.000Z";3839899.359;"{""TimeSeriesType"":""CTT_SUM_CONS_ACP"",""Res"":""PT1H"",""Uom"":""KWH"",""ReadTS"":""2026-07-07T02:00:00Z"",""Value"":""3839899.359"",""Count"":""3787039""}"
363;"2026-07-07T01:00:00.000Z";"2026-07-07T02:00:00.000Z";3732874.255;"{""TimeSeriesType"":""CTT_SUM_CONS_ACP"",""Res"":""PT1H"",""Uom"":""KWH"",""ReadTS"":""2026-07-07T01:00:00Z"",""Value"":""3732874.255"",""Count"":""3787064""}"
363;"2026-07-07T00:00:00.000Z";"2026-07-07T01:00:00.000Z";3800219.513;"{""TimeSeriesType"":""CTT_SUM_CONS_ACP"",""Res"":""PT1H"",""Uom"":""KWH"",""ReadTS"":""2026-07-07T00:00:00Z"",""Value"":""3800219.513"",""Count"":""3787064""}"
363;"2026-07-06T23:00:00.000Z";"2026-07-07T00:00:00.000Z";3893426.336;"{""TimeSeriesType"":""CTT_SUM_CONS_ACP"",""Res"":""PT1H"",""Uom"":""KWH"",""ReadTS"":""2026-07-06T23:00:00Z"",""Value"":""3893426.336"",""Count"":""3787031""}"
363;"2026-07-06T22:00:00.000Z";"2026-07-06T23:00:00.000Z";4047000.284;"{""TimeSeriesType"":""CTT_SUM_CONS_ACP"",""Res"":""PT1H"",""Uom"":""KWH"",""ReadTS"":""2026-07-06T22:00:00Z"",""Value"":""4047000.284"",""Count"":""3787031""}"
363;"2026-07-06T21:00:00.000Z";"2026-07-06T22:00:00.000Z";4347964.816;"{""TimeSeriesType"":""CTT_SUM_CONS_ACP"",""Res"":""PT1H"",""Uom"":""KWH"",""ReadTS"":""2026-07-06T21:00:00Z"",""Value"":""4347964.816"",""Count"":""3787031""}"
363;"2026-07-06T20:00:00.000Z";"2026-07-06T21:00:00.000Z";4725680.182;"{""TimeSeriesType"":""CTT_SUM_CONS_ACP"",""Res"":""PT1H"",""Uom"":""KWH"",""ReadTS"":""2026-07-06T20:00:00Z"",""Value"":""4725680.182"",""Count"":""3786722""}"
363;"2026-07-06T19:00:00.000Z";"2026-07-06T20:00:00.000Z";4905554.969;"{""TimeSeriesType"":""CTT_SUM_CONS_ACP"",""Res"":""PT1H"",""Uom"":""KWH"",""ReadTS"":""2026-07-06T19:00:00Z"",""Value"":""4905554.969"",""Count"":""3786722""}"
363;"2026-07-06T18:00:00.000Z";"2026-07-06T19:00:00.000Z";4863455.135;"{""TimeSeriesType"":""CTT_SUM_CONS_ACP"",""Res"":""PT1H"",""Uom"":""KWH"",""ReadTS"":""2026-07-06T18:00:00Z"",""Value"":""4863455.135"",""Count"":""3786722""}"
363;"2026-07-06T17:00:00.000Z";"2026-07-06T18:00:00.000Z";5008424.406;"{""TimeSeriesType"":""CTT_SUM_CONS_ACP"",""Res"":""PT1H"",""Uom"":""KWH"",""ReadTS"":""2026-07-06T17:00:00Z"",""Value"":""5008424.406"",""Count"":""3786721""}"
363;"2026-07-06T16:00:00.000Z";"2026-07-06T17:00:00.000Z";5035654.911;"{""TimeSeriesType"":""CTT_SUM_CONS_ACP"",""Res"":""PT1H"",""Uom"":""KWH"",""ReadTS"":""2026-07-06T16:00:00Z"",""Value"":""5035654.911"",""Count"":""3786721""}"
363;"2026-07-06T15:00:00.000Z";"2026-07-06T16:00:00.000Z";4956604.341;"{""TimeSeriesType"":""CTT_SUM_CONS_ACP"",""Res"":""PT1H"",""Uom"":""KWH"",""ReadTS"":""2026-07-06T15:00:00Z"",""Value"":""4956604.341"",""Count"":""3786721""}"
363;"2026-07-06T14:00:00.000Z";"2026-07-06T15:00:00.000Z";4966930.505;"{""TimeSeriesType"":""CTT_SUM_CONS_ACP"",""Res"":""PT1H"",""Uom"":""KWH"",""ReadTS"":""2026-07-06T14:00:00Z"",""Value"":""4966930.505"",""Count"":""3786718""}"
363;"2026-07-06T13:00:00.000Z";"2026-07-06T14:00:00.000Z";5024925.666;"{""TimeSeriesType"":""CTT_SUM_CONS_ACP"",""Res"":""PT1H"",""Uom"":""KWH"",""ReadTS"":""2026-07-06T13:00:00Z"",""Value"":""5024925.666"",""Count"":""3786710""}"
363;"2026-07-06T12:00:00.000Z";"2026-07-06T13:00:00.000Z";5009528.596;"{""TimeSeriesType"":""CTT_SUM_CONS_ACP"",""Res"":""PT1H"",""Uom"":""KWH"",""ReadTS"":""2026-07-06T12:00:00Z"",""Value"":""5009528.596"",""Count"":""3786699""}"
363;"2026-07-06T11:00:00.000Z";"2026-07-06T12:00:00.000Z";5061769.206;"{""TimeSeriesType"":""CTT_SUM_CONS_ACP"",""Res"":""PT1H"",""Uom"":""KWH"",""ReadTS"":""2026-07-06T11:00:00Z"",""Value"":""5061769.206"",""Count"":""3786664""}"
363;"2026-07-06T10:00:00.000Z";"2026-07-06T11:00:00.000Z";5105299.224;"{""TimeSeriesType"":""CTT_SUM_CONS_ACP"",""Res"":""PT1H"",""Uom"":""KWH"",""ReadTS"":""2026-07-06T10:00:00Z"",""Value"":""5105299.224"",""Count"":""3786645""}"
363;"2026-07-06T09:00:00.000Z";"2026-07-06T10:00:00.000Z";5135060.469;"{""TimeSeriesType"":""CTT_SUM_CONS_ACP"",""Res"":""PT1H"",""Uom"":""KWH"",""ReadTS"":""2026-07-06T09:00:00Z"",""Value"":""5135060.469"",""Count"":""3786613""}"
363;"2026-07-06T08:00:00.000Z";"2026-07-06T09:00:00.000Z";5104076.286;"{""TimeSeriesType"":""CTT_SUM_CONS_ACP"",""Res"":""PT1H"",""Uom"":""KWH"",""ReadTS"":""2026-07-06T08:00:00Z"",""Value"":""5104076.286"",""Count"":""3786584""}"
363;"2026-07-06T07:00:00.000Z";"2026-07-06T08:00:00.000Z";5052328.04;"{""TimeSeriesType"":""CTT_SUM_CONS_ACP"",""Res"":""PT1H"",""Uom"":""KWH"",""ReadTS"":""2026-07-06T07:00:00Z"",""Value"":""5052328.04"",""Count"":""3786551""}"
363;"2026-07-06T06:00:00.000Z";"2026-07-06T07:00:00.000Z";4942514.352;"{""TimeSeriesType"":""CTT_SUM_CONS_ACP"",""Res"":""PT1H"",""Uom"":""KWH"",""ReadTS"":""2026-07-06T06:00:00Z"",""Value"":""4942514.352"",""Count"":""3786614""}"
363;"2026-07-06T05:00:00.000Z";"2026-07-06T06:00:00.000Z";4741143.622;"{""TimeSeriesType"":""CTT_SUM_CONS_ACP"",""Res"":""PT1H"",""Uom"":""KWH"",""ReadTS"":""2026-07-06T05:00:00Z"",""Value"":""4741143.622"",""Count"":""3786897""}"
363;"2026-07-06T04:00:00.000Z";"2026-07-06T05:00:00.000Z";4461158.742;"{""TimeSeriesType"":""CTT_SUM_CONS_ACP"",""Res"":""PT1H"",""Uom"":""KWH"",""ReadTS"":""2026-07-06T04:00:00Z"",""Value"":""4461158.742"",""Count"":""3786961""}"
363;"2026-07-06T03:00:00.000Z";"2026-07-06T04:00:00.000Z";4081554.978;"{""TimeSeriesType"":""CTT_SUM_CONS_ACP"",""Res"":""PT1H"",""Uom"":""KWH"",""ReadTS"":""2026-07-06T03:00:00Z"",""Value"":""4081554.978"",""Count"":""3786979""}"
363;"2026-07-06T02:00:00.000Z";"2026-07-06T03:00:00.000Z";3665752.087;"{""TimeSeriesType"":""CTT_SUM_CONS_ACP"",""Res"":""PT1H"",""Uom"":""KWH"",""ReadTS"":""2026-07-06T02:00:00Z"",""Value"":""3665752.087"",""Count"":""3786982""}"
363;"2026-07-06T01:00:00.000Z";"2026-07-06T02:00:00.000Z";3562792.133;"{""TimeSeriesType"":""CTT_SUM_CONS_ACP"",""Res"":""PT1H"",""Uom"":""KWH"",""ReadTS"":""2026-07-06T01:00:00Z"",""Value"":""3562792.133"",""Count"":""3787015""}"
363;"2026-07-06T00:00:00.000Z";"2026-07-06T01:00:00.000Z";3684675.821;"{""TimeSeriesType"":""CTT_SUM_CONS_ACP"",""Res"":""PT1H"",""Uom"":""KWH"",""ReadTS"":""2026-07-06T00:00:00Z"",""Value"":""3684675.821"",""Count"":""3787015""}"
363;"2026-07-05T23:00:00.000Z";"2026-07-06T00:00:00.000Z";3774428.768;"{""TimeSeriesType"":""CTT_SUM_CONS_ACP"",""Res"":""PT1H"",""Uom"":""KWH"",""ReadTS"":""2026-07-05T23:00:00Z"",""Value"":""3774428.768"",""Count"":""3787012""}"
363;"2026-07-05T22:00:00.000Z";"2026-07-05T23:00:00.000Z";3866841.419;"{""TimeSeriesType"":""CTT_SUM_CONS_ACP"",""Res"":""PT1H"",""Uom"":""KWH"",""ReadTS"":""2026-07-05T22:00:00Z"",""Value"":""3866841.419"",""Count"":""3787012""}"
363;"2026-07-05T21:00:00.000Z";"2026-07-05T22:00:00.000Z";4117474.508;"{""TimeSeriesType"":""CTT_SUM_CONS_ACP"",""Res"":""PT1H"",""Uom"":""KWH"",""ReadTS"":""2026-07-05T21:00:00Z"",""Value"":""4117474.508"",""Count"":""3787012""}"
363;"2026-07-05T20:00:00.000Z";"2026-07-05T21:00:00.000Z";4406517.264;"{""TimeSeriesType"":""CTT_SUM_CONS_ACP"",""Res"":""PT1H"",""Uom"":""KWH"",""ReadTS"":""2026-07-05T20:00:00Z"",""Value"":""4406517.264"",""Count"":""3786102""}"
363;"2026-07-05T19:00:00.000Z";"2026-07-05T20:00:00.000Z";4524776.01;"{""TimeSeriesType"":""CTT_SUM_CONS_ACP"",""Res"":""PT1H"",""Uom"":""KWH"",""ReadTS"":""2026-07-05T19:00:00Z"",""Value"":""4524776.01"",""Count"":""3786102""}"
363;"2026-07-05T18:00:00.000Z";"2026-07-05T19:00:00.000Z";4397941.68;"{""TimeSeriesType"":""CTT_SUM_CONS_ACP"",""Res"":""PT1H"",""Uom"":""KWH"",""ReadTS"":""2026-07-05T18:00:00Z"",""Value"":""4397941.68"",""Count"":""3786102""}"
363;"2026-07-05T17:00:00.000Z";"2026-07-05T18:00:00.000Z";4551489.468;"{""TimeSeriesType"":""CTT_SUM_CONS_ACP"",""Res"":""PT1H"",""Uom"":""KWH"",""ReadTS"":""2026-07-05T17:00:00Z"",""Value"":""4551489.468"",""Count"":""3786102""}"
363;"2026-07-05T16:00:00.000Z";"2026-07-05T17:00:00.000Z";4576634.694;"{""TimeSeriesType"":""CTT_SUM_CONS_ACP"",""Res"":""PT1H"",""Uom"":""KWH"",""ReadTS"":""2026-07-05T16:00:00Z"",""Value"":""4576634.694"",""Count"":""3786102""}"
363;"2026-07-05T15:00:00.000Z";"2026-07-05T16:00:00.000Z";4533466.78;"{""TimeSeriesType"":""CTT_SUM_CONS_ACP"",""Res"":""PT1H"",""Uom"":""KWH"",""ReadTS"":""2026-07-05T15:00:00Z"",""Value"":""4533466.78"",""Count"":""3786102""}"
363;"2026-07-05T14:00:00.000Z";"2026-07-05T15:00:00.000Z";4494073.997;"{""TimeSeriesType"":""CTT_SUM_CONS_ACP"",""Res"":""PT1H"",""Uom"":""KWH"",""ReadTS"":""2026-07-05T14:00:00Z"",""Value"":""4494073.997"",""Count"":""3786102""}"
363;"2026-07-05T13:00:00.000Z";"2026-07-05T14:00:00.000Z";4451171.549;"{""TimeSeriesType"":""CTT_SUM_CONS_ACP"",""Res"":""PT1H"",""Uom"":""KWH"",""ReadTS"":""2026-07-05T13:00:00Z"",""Value"":""4451171.549"",""Count"":""3786102""}"
363;"2026-07-05T12:00:00.000Z";"2026-07-05T13:00:00.000Z";4397062.969;"{""TimeSeriesType"":""CTT_SUM_CONS_ACP"",""Res"":""PT1H"",""Uom"":""KWH"",""ReadTS"":""2026-07-05T12:00:00Z"",""Value"":""4397062.969"",""Count"":""3786102""}"
363;"2026-07-05T11:00:00.000Z";"2026-07-05T12:00:00.000Z";4360003.511;"{""TimeSeriesType"":""CTT_SUM_CONS_ACP"",""Res"":""PT1H"",""Uom"":""KWH"",""ReadTS"":""2026-07-05T11:00:00Z"",""Value"":""4360003.511"",""Count"":""3786102""}"
363;"2026-07-05T10:00:00.000Z";"2026-07-05T11:00:00.000Z";4310970.724;"{""TimeSeriesType"":""CTT_SUM_CONS_ACP"",""Res"":""PT1H"",""Uom"":""KWH"",""ReadTS"":""2026-07-05T10:00:00Z"",""Value"":""4310970.724"",""Count"":""3786102""}"
363;"2026-07-05T09:00:00.000Z";"2026-07-05T10:00:00.000Z";4256541.746;"{""TimeSeriesType"":""CTT_SUM_CONS_ACP"",""Res"":""PT1H"",""Uom"":""KWH"",""ReadTS"":""2026-07-05T09:00:00Z"",""Value"":""4256541.746"",""Count"":""3786102""}"
363;"2026-07-05T08:00:00.000Z";"2026-07-05T09:00:00.000Z";4181067.078;"{""TimeSeriesType"":""CTT_SUM_CONS_ACP"",""Res"":""PT1H"",""Uom"":""KWH"",""ReadTS"":""2026-07-05T08:00:00Z"",""Value"":""4181067.078"",""Count"":""3786102""}"
363;"2026-07-05T07:00:00.000Z";"2026-07-05T08:00:00.000Z";4040544.273;"{""TimeSeriesType"":""CTT_SUM_CONS_ACP"",""Res"":""PT1H"",""Uom"":""KWH"",""ReadTS"":""2026-07-05T07:00:00Z"",""Value"":""4040544.273"",""Count"":""3786101""}"
363;"2026-07-05T06:00:00.000Z";"2026-07-05T07:00:00.000Z";3841967.553;"{""TimeSeriesType"":""CTT_SUM_CONS_ACP"",""Res"":""PT1H"",""Uom"":""KWH"",""ReadTS"":""2026-07-05T06:00:00Z"",""Value"":""3841967.553"",""Count"":""3786101""}"
363;"2026-07-05T05:00:00.000Z";"2026-07-05T06:00:00.000Z";3625925.69;"{""TimeSeriesType"":""CTT_SUM_CONS_ACP"",""Res"":""PT1H"",""Uom"":""KWH"",""ReadTS"":""2026-07-05T05:00:00Z"",""Value"":""3625925.69"",""Count"":""3786100""}"
363;"2026-07-05T04:00:00.000Z";"2026-07-05T05:00:00.000Z";3450251.517;"{""TimeSeriesType"":""CTT_SUM_CONS_ACP"",""Res"":""PT1H"",""Uom"":""KWH"",""ReadTS"":""2026-07-05T04:00:00Z"",""Value"":""3450251.517"",""Count"":""3786100""}"
363;"2026-07-05T03:00:00.000Z";"2026-07-05T04:00:00.000Z";3352648.67;"{""TimeSeriesType"":""CTT_SUM_CONS_ACP"",""Res"":""PT1H"",""Uom"":""KWH"",""ReadTS"":""2026-07-05T03:00:00Z"",""Value"":""3352648.67"",""Count"":""3786100""}"
363;"2026-07-05T02:00:00.000Z";"2026-07-05T03:00:00.000Z";3294294.988;"{""TimeSeriesType"":""CTT_SUM_CONS_ACP"",""Res"":""PT1H"",""Uom"":""KWH"",""ReadTS"":""2026-07-05T02:00:00Z"",""Value"":""3294294.988"",""Count"":""3786100""}"
363;"2026-07-05T01:00:00.000Z";"2026-07-05T02:00:00.000Z";3306858.234;"{""TimeSeriesType"":""CTT_SUM_CONS_ACP"",""Res"":""PT1H"",""Uom"":""KWH"",""ReadTS"":""2026-07-05T01:00:00Z"",""Value"":""3306858.234"",""Count"":""3786099""}"
363;"2026-07-05T00:00:00.000Z";"2026-07-05T01:00:00.000Z";3445125.917;"{""TimeSeriesType"":""CTT_SUM_CONS_ACP"",""Res"":""PT1H"",""Uom"":""KWH"",""ReadTS"":""2026-07-05T00:00:00Z"",""Value"":""3445125.917"",""Count"":""3786100""}"
363;"2026-07-04T23:00:00.000Z";"2026-07-05T00:00:00.000Z";3575010.622;"{""TimeSeriesType"":""CTT_SUM_CONS_ACP"",""Res"":""PT1H"",""Uom"":""KWH"",""ReadTS"":""2026-07-04T23:00:00Z"",""Value"":""3575010.622"",""Count"":""3786080""}"
363;"2026-07-04T22:00:00.000Z";"2026-07-04T23:00:00.000Z";3724842.857;"{""TimeSeriesType"":""CTT_SUM_CONS_ACP"",""Res"":""PT1H"",""Uom"":""KWH"",""ReadTS"":""2026-07-04T22:00:00Z"",""Value"":""3724842.857"",""Count"":""3786080""}"
363;"2026-07-04T21:00:00.000Z";"2026-07-04T22:00:00.000Z";3979619.038;"{""TimeSeriesType"":""CTT_SUM_CONS_ACP"",""Res"":""PT1H"",""Uom"":""KWH"",""ReadTS"":""2026-07-04T21:00:00Z"",""Value"":""3979619.038"",""Count"":""3786080""}"
363;"2026-07-04T20:00:00.000Z";"2026-07-04T21:00:00.000Z";4266896.29;"{""TimeSeriesType"":""CTT_SUM_CONS_ACP"",""Res"":""PT1H"",""Uom"":""KWH"",""ReadTS"":""2026-07-04T20:00:00Z"",""Value"":""4266896.29"",""Count"":""3786148""}"
363;"2026-07-04T19:00:00.000Z";"2026-07-04T20:00:00.000Z";4378246.506;"{""TimeSeriesType"":""CTT_SUM_CONS_ACP"",""Res"":""PT1H"",""Uom"":""KWH"",""ReadTS"":""2026-07-04T19:00:00Z"",""Value"":""4378246.506"",""Count"":""3786148""}"
363;"2026-07-04T18:00:00.000Z";"2026-07-04T19:00:00.000Z";4294557.744;"{""TimeSeriesType"":""CTT_SUM_CONS_ACP"",""Res"":""PT1H"",""Uom"":""KWH"",""ReadTS"":""2026-07-04T18:00:00Z"",""Value"":""4294557.744"",""Count"":""3786147""}"
363;"2026-07-04T17:00:00.000Z";"2026-07-04T18:00:00.000Z";4505244.722;"{""TimeSeriesType"":""CTT_SUM_CONS_ACP"",""Res"":""PT1H"",""Uom"":""KWH"",""ReadTS"":""2026-07-04T17:00:00Z"",""Value"":""4505244.722"",""Count"":""3786147""}"
363;"2026-07-04T16:00:00.000Z";"2026-07-04T17:00:00.000Z";4614156.694;"{""TimeSeriesType"":""CTT_SUM_CONS_ACP"",""Res"":""PT1H"",""Uom"":""KWH"",""ReadTS"":""2026-07-04T16:00:00Z"",""Value"":""4614156.694"",""Count"":""3786146""}"
363;"2026-07-04T15:00:00.000Z";"2026-07-04T16:00:00.000Z";4618043.811;"{""TimeSeriesType"":""CTT_SUM_CONS_ACP"",""Res"":""PT1H"",""Uom"":""KWH"",""ReadTS"":""2026-07-04T15:00:00Z"",""Value"":""4618043.811"",""Count"":""3786146""}"
363;"2026-07-04T14:00:00.000Z";"2026-07-04T15:00:00.000Z";4550316.952;"{""TimeSeriesType"":""CTT_SUM_CONS_ACP"",""Res"":""PT1H"",""Uom"":""KWH"",""ReadTS"":""2026-07-04T14:00:00Z"",""Value"":""4550316.952"",""Count"":""3786146""}"
363;"2026-07-04T13:00:00.000Z";"2026-07-04T14:00:00.000Z";4512502.266;"{""TimeSeriesType"":""CTT_SUM_CONS_ACP"",""Res"":""PT1H"",""Uom"":""KWH"",""ReadTS"":""2026-07-04T13:00:00Z"",""Value"":""4512502.266"",""Count"":""3786143""}"
363;"2026-07-04T12:00:00.000Z";"2026-07-04T13:00:00.000Z";4451437.818;"{""TimeSeriesType"":""CTT_SUM_CONS_ACP"",""Res"":""PT1H"",""Uom"":""KWH"",""ReadTS"":""2026-07-04T12:00:00Z"",""Value"":""4451437.818"",""Count"":""3786143""}"
363;"2026-07-04T11:00:00.000Z";"2026-07-04T12:00:00.000Z";4448094.927;"{""TimeSeriesType"":""CTT_SUM_CONS_ACP"",""Res"":""PT1H"",""Uom"":""KWH"",""ReadTS"":""2026-07-04T11:00:00Z"",""Value"":""4448094.927"",""Count"":""3786144""}"
363;"2026-07-04T10:00:00.000Z";"2026-07-04T11:00:00.000Z";4400193.912;"{""TimeSeriesType"":""CTT_SUM_CONS_ACP"",""Res"":""PT1H"",""Uom"":""KWH"",""ReadTS"":""2026-07-04T10:00:00Z"",""Value"":""4400193.912"",""Count"":""3786143""}"
363;"2026-07-04T09:00:00.000Z";"2026-07-04T10:00:00.000Z";4351278.029;"{""TimeSeriesType"":""CTT_SUM_CONS_ACP"",""Res"":""PT1H"",""Uom"":""KWH"",""ReadTS"":""2026-07-04T09:00:00Z"",""Value"":""4351278.029"",""Count"":""3786143""}"
363;"2026-07-04T08:00:00.000Z";"2026-07-04T09:00:00.000Z";4329612.545;"{""TimeSeriesType"":""CTT_SUM_CONS_ACP"",""Res"":""PT1H"",""Uom"":""KWH"",""ReadTS"":""2026-07-04T08:00:00Z"",""Value"":""4329612.545"",""Count"":""3786144""}"
363;"2026-07-04T07:00:00.000Z";"2026-07-04T08:00:00.000Z";4200389.397;"{""TimeSeriesType"":""CTT_SUM_CONS_ACP"",""Res"":""PT1H"",""Uom"":""KWH"",""ReadTS"":""2026-07-04T07:00:00Z"",""Value"":""4200389.397"",""Count"":""3786141""}"
363;"2026-07-04T06:00:00.000Z";"2026-07-04T07:00:00.000Z";4013907.738;"{""TimeSeriesType"":""CTT_SUM_CONS_ACP"",""Res"":""PT1H"",""Uom"":""KWH"",""ReadTS"":""2026-07-04T06:00:00Z"",""Value"":""4013907.738"",""Count"":""3786140""}"
363;"2026-07-04T05:00:00.000Z";"2026-07-04T06:00:00.000Z";3819066.556;"{""TimeSeriesType"":""CTT_SUM_CONS_ACP"",""Res"":""PT1H"",""Uom"":""KWH"",""ReadTS"":""2026-07-04T05:00:00Z"",""Value"":""3819066.556"",""Count"":""3786139""}"
363;"2026-07-04T04:00:00.000Z";"2026-07-04T05:00:00.000Z";3620316.5;"{""TimeSeriesType"":""CTT_SUM_CONS_ACP"",""Res"":""PT1H"",""Uom"":""KWH"",""ReadTS"":""2026-07-04T04:00:00Z"",""Value"":""3620316.5"",""Count"":""3786139""}"
363;"2026-07-04T03:00:00.000Z";"2026-07-04T04:00:00.000Z";3502574.589;"{""TimeSeriesType"":""CTT_SUM_CONS_ACP"",""Res"":""PT1H"",""Uom"":""KWH"",""ReadTS"":""2026-07-04T03:00:00Z"",""Value"":""3502574.589"",""Count"":""3786139""}"
363;"2026-07-04T02:00:00.000Z";"2026-07-04T03:00:00.000Z";3408767.266;"{""TimeSeriesType"":""CTT_SUM_CONS_ACP"",""Res"":""PT1H"",""Uom"":""KWH"",""ReadTS"":""2026-07-04T02:00:00Z"",""Value"":""3408767.266"",""Count"":""3786139""}"
363;"2026-07-04T01:00:00.000Z";"2026-07-04T02:00:00.000Z";3404021.259;"{""TimeSeriesType"":""CTT_SUM_CONS_ACP"",""Res"":""PT1H"",""Uom"":""KWH"",""ReadTS"":""2026-07-04T01:00:00Z"",""Value"":""3404021.259"",""Count"":""3786139""}"
363;"2026-07-04T00:00:00.000Z";"2026-07-04T01:00:00.000Z";3541770.969;"{""TimeSeriesType"":""CTT_SUM_CONS_ACP"",""Res"":""PT1H"",""Uom"":""KWH"",""ReadTS"":""2026-07-04T00:00:00Z"",""Value"":""3541770.969"",""Count"":""3786139""}"
363;"2026-07-03T23:00:00.000Z";"2026-07-04T00:00:00.000Z";3690742.916;"{""TimeSeriesType"":""CTT_SUM_CONS_ACP"",""Res"":""PT1H"",""Uom"":""KWH"",""ReadTS"":""2026-07-03T23:00:00Z"",""Value"":""3690742.916"",""Count"":""3786130""}"
363;"2026-07-03T22:00:00.000Z";"2026-07-03T23:00:00.000Z";3844194.957;"{""TimeSeriesType"":""CTT_SUM_CONS_ACP"",""Res"":""PT1H"",""Uom"":""KWH"",""ReadTS"":""2026-07-03T22:00:00Z"",""Value"":""3844194.957"",""Count"":""3786130""}"
363;"2026-07-03T21:00:00.000Z";"2026-07-03T22:00:00.000Z";4116592.904;"{""TimeSeriesType"":""CTT_SUM_CONS_ACP"",""Res"":""PT1H"",""Uom"":""KWH"",""ReadTS"":""2026-07-03T21:00:00Z"",""Value"":""4116592.904"",""Count"":""3786130""}"
363;"2026-07-03T20:00:00.000Z";"2026-07-03T21:00:00.000Z";4420089.137;"{""TimeSeriesType"":""CTT_SUM_CONS_ACP"",""Res"":""PT1H"",""Uom"":""KWH"",""ReadTS"":""2026-07-03T20:00:00Z"",""Value"":""4420089.137"",""Count"":""3786568""}"
363;"2026-07-03T19:00:00.000Z";"2026-07-03T20:00:00.000Z";4591956.776;"{""TimeSeriesType"":""CTT_SUM_CONS_ACP"",""Res"":""PT1H"",""Uom"":""KWH"",""ReadTS"":""2026-07-03T19:00:00Z"",""Value"":""4591956.776"",""Count"":""3786569""}"
363;"2026-07-03T18:00:00.000Z";"2026-07-03T19:00:00.000Z";4561560.207;"{""TimeSeriesType"":""CTT_SUM_CONS_ACP"",""Res"":""PT1H"",""Uom"":""KWH"",""ReadTS"":""2026-07-03T18:00:00Z"",""Value"":""4561560.207"",""Count"":""3786569""}"
363;"2026-07-03T17:00:00.000Z";"2026-07-03T18:00:00.000Z";4774809.244;"{""TimeSeriesType"":""CTT_SUM_CONS_ACP"",""Res"":""PT1H"",""Uom"":""KWH"",""ReadTS"":""2026-07-03T17:00:00Z"",""Value"":""4774809.244"",""Count"":""3786568""}"
363;"2026-07-03T16:00:00.000Z";"2026-07-03T17:00:00.000Z";4894233.826;"{""TimeSeriesType"":""CTT_SUM_CONS_ACP"",""Res"":""PT1H"",""Uom"":""KWH"",""ReadTS"":""2026-07-03T16:00:00Z"",""Value"":""4894233.826"",""Count"":""3786563""}"
363;"2026-07-03T15:00:00.000Z";"2026-07-03T16:00:00.000Z";4912337.264;"{""TimeSeriesType"":""CTT_SUM_CONS_ACP"",""Res"":""PT1H"",""Uom"":""KWH"",""ReadTS"":""2026-07-03T15:00:00Z"",""Value"":""4912337.264"",""Count"":""3786562""}"
363;"2026-07-03T14:00:00.000Z";"2026-07-03T15:00:00.000Z";4938200.631;"{""TimeSeriesType"":""CTT_SUM_CONS_ACP"",""Res"":""PT1H"",""Uom"":""KWH"",""ReadTS"":""2026-07-03T14:00:00Z"",""Value"":""4938200.631"",""Count"":""3786558""}"
363;"2026-07-03T13:00:00.000Z";"2026-07-03T14:00:00.000Z";4950827.187;"{""TimeSeriesType"":""CTT_SUM_CONS_ACP"",""Res"":""PT1H"",""Uom"":""KWH"",""ReadTS"":""2026-07-03T13:00:00Z"",""Value"":""4950827.187"",""Count"":""3786557""}"
363;"2026-07-03T12:00:00.000Z";"2026-07-03T13:00:00.000Z";4955659.804;"{""TimeSeriesType"":""CTT_SUM_CONS_ACP"",""Res"":""PT1H"",""Uom"":""KWH"",""ReadTS"":""2026-07-03T12:00:00Z"",""Value"":""4955659.804"",""Count"":""3786545""}"
363;"2026-07-03T11:00:00.000Z";"2026-07-03T12:00:00.000Z";4974506.107;"{""TimeSeriesType"":""CTT_SUM_CONS_ACP"",""Res"":""PT1H"",""Uom"":""KWH"",""ReadTS"":""2026-07-03T11:00:00Z"",""Value"":""4974506.107"",""Count"":""3786525""}"
363;"2026-07-03T10:00:00.000Z";"2026-07-03T11:00:00.000Z";5056454.236;"{""TimeSeriesType"":""CTT_SUM_CONS_ACP"",""Res"":""PT1H"",""Uom"":""KWH"",""ReadTS"":""2026-07-03T10:00:00Z"",""Value"":""5056454.236"",""Count"":""3786506""}"
363;"2026-07-03T09:00:00.000Z";"2026-07-03T10:00:00.000Z";5125583.955;"{""TimeSeriesType"":""CTT_SUM_CONS_ACP"",""Res"":""PT1H"",""Uom"":""KWH"",""ReadTS"":""2026-07-03T09:00:00Z"",""Value"":""5125583.955"",""Count"":""3786480""}"
363;"2026-07-03T08:00:00.000Z";"2026-07-03T09:00:00.000Z";5092710.018;"{""TimeSeriesType"":""CTT_SUM_CONS_ACP"",""Res"":""PT1H"",""Uom"":""KWH"",""ReadTS"":""2026-07-03T08:00:00Z"",""Value"":""5092710.018"",""Count"":""3786449""}"
363;"2026-07-03T07:00:00.000Z";"2026-07-03T08:00:00.000Z";5019942.868;"{""TimeSeriesType"":""CTT_SUM_CONS_ACP"",""Res"":""PT1H"",""Uom"":""KWH"",""ReadTS"":""2026-07-03T07:00:00Z"",""Value"":""5019942.868"",""Count"":""3786419""}"
363;"2026-07-03T06:00:00.000Z";"2026-07-03T07:00:00.000Z";4883608.133;"{""TimeSeriesType"":""CTT_SUM_CONS_ACP"",""Res"":""PT1H"",""Uom"":""KWH"",""ReadTS"":""2026-07-03T06:00:00Z"",""Value"":""4883608.133"",""Count"":""3786394""}"
363;"2026-07-03T05:00:00.000Z";"2026-07-03T06:00:00.000Z";4692765.914;"{""TimeSeriesType"":""CTT_SUM_CONS_ACP"",""Res"":""PT1H"",""Uom"":""KWH"",""ReadTS"":""2026-07-03T05:00:00Z"",""Value"":""4692765.914"",""Count"":""3786390""}"
363;"2026-07-03T04:00:00.000Z";"2026-07-03T05:00:00.000Z";4447740.414;"{""TimeSeriesType"":""CTT_SUM_CONS_ACP"",""Res"":""PT1H"",""Uom"":""KWH"",""ReadTS"":""2026-07-03T04:00:00Z"",""Value"":""4447740.414"",""Count"":""3786369""}"
363;"2026-07-03T03:00:00.000Z";"2026-07-03T04:00:00.000Z";4126097.863;"{""TimeSeriesType"":""CTT_SUM_CONS_ACP"",""Res"":""PT1H"",""Uom"":""KWH"",""ReadTS"":""2026-07-03T03:00:00Z"",""Value"":""4126097.863"",""Count"":""3786365""}"
363;"2026-07-03T02:00:00.000Z";"2026-07-03T03:00:00.000Z";3723632.989;"{""TimeSeriesType"":""CTT_SUM_CONS_ACP"",""Res"":""PT1H"",""Uom"":""KWH"",""ReadTS"":""2026-07-03T02:00:00Z"",""Value"":""3723632.989"",""Count"":""3786362""}"
363;"2026-07-03T01:00:00.000Z";"2026-07-03T02:00:00.000Z";3571919.592;"{""TimeSeriesType"":""CTT_SUM_CONS_ACP"",""Res"":""PT1H"",""Uom"":""KWH"",""ReadTS"":""2026-07-03T01:00:00Z"",""Value"":""3571919.592"",""Count"":""3786391""}"
363;"2026-07-03T00:00:00.000Z";"2026-07-03T01:00:00.000Z";3649183.197;"{""TimeSeriesType"":""CTT_SUM_CONS_ACP"",""Res"":""PT1H"",""Uom"":""KWH"",""ReadTS"":""2026-07-03T00:00:00Z"",""Value"":""3649183.197"",""Count"":""3786391""}"
363;"2026-07-02T23:00:00.000Z";"2026-07-03T00:00:00.000Z";3773958.675;"{""TimeSeriesType"":""CTT_SUM_CONS_ACP"",""Res"":""PT1H"",""Uom"":""KWH"",""ReadTS"":""2026-07-02T23:00:00Z"",""Value"":""3773958.675"",""Count"":""3786388""}"
363;"2026-07-02T22:00:00.000Z";"2026-07-02T23:00:00.000Z";3946091.57;"{""TimeSeriesType"":""CTT_SUM_CONS_ACP"",""Res"":""PT1H"",""Uom"":""KWH"",""ReadTS"":""2026-07-02T22:00:00Z"",""Value"":""3946091.57"",""Count"":""3786388""}"
363;"2026-07-02T21:00:00.000Z";"2026-07-02T22:00:00.000Z";4187969.607;"{""TimeSeriesType"":""CTT_SUM_CONS_ACP"",""Res"":""PT1H"",""Uom"":""KWH"",""ReadTS"":""2026-07-02T21:00:00Z"",""Value"":""4187969.607"",""Count"":""3786388""}"
363;"2026-07-02T20:00:00.000Z";"2026-07-02T21:00:00.000Z";4531847.306;"{""TimeSeriesType"":""CTT_SUM_CONS_ACP"",""Res"":""PT1H"",""Uom"":""KWH"",""ReadTS"":""2026-07-02T20:00:00Z"",""Value"":""4531847.306"",""Count"":""3785616""}"
363;"2026-07-02T19:00:00.000Z";"2026-07-02T20:00:00.000Z";4688230.313;"{""TimeSeriesType"":""CTT_SUM_CONS_ACP"",""Res"":""PT1H"",""Uom"":""KWH"",""ReadTS"":""2026-07-02T19:00:00Z"",""Value"":""4688230.313"",""Count"":""3785615""}"
363;"2026-07-02T18:00:00.000Z";"2026-07-02T19:00:00.000Z";4660924.452;"{""TimeSeriesType"":""CTT_SUM_CONS_ACP"",""Res"":""PT1H"",""Uom"":""KWH"",""ReadTS"":""2026-07-02T18:00:00Z"",""Value"":""4660924.452"",""Count"":""3785616""}"
363;"2026-07-02T17:00:00.000Z";"2026-07-02T18:00:00.000Z";4837732.57;"{""TimeSeriesType"":""CTT_SUM_CONS_ACP"",""Res"":""PT1H"",""Uom"":""KWH"",""ReadTS"":""2026-07-02T17:00:00Z"",""Value"":""4837732.57"",""Count"":""3785617""}"
363;"2026-07-02T16:00:00.000Z";"2026-07-02T17:00:00.000Z";4915301.398;"{""TimeSeriesType"":""CTT_SUM_CONS_ACP"",""Res"":""PT1H"",""Uom"":""KWH"",""ReadTS"":""2026-07-02T16:00:00Z"",""Value"":""4915301.398"",""Count"":""3785616""}"
363;"2026-07-02T15:00:00.000Z";"2026-07-02T16:00:00.000Z";4901878.625;"{""TimeSeriesType"":""CTT_SUM_CONS_ACP"",""Res"":""PT1H"",""Uom"":""KWH"",""ReadTS"":""2026-07-02T15:00:00Z"",""Value"":""4901878.625"",""Count"":""3785612""}"
363;"2026-07-02T14:00:00.000Z";"2026-07-02T15:00:00.000Z";4963300.707;"{""TimeSeriesType"":""CTT_SUM_CONS_ACP"",""Res"":""PT1H"",""Uom"":""KWH"",""ReadTS"":""2026-07-02T14:00:00Z"",""Value"":""4963300.707"",""Count"":""3785609""}"
363;"2026-07-02T13:00:00.000Z";"2026-07-02T14:00:00.000Z";4954291.613;"{""TimeSeriesType"":""CTT_SUM_CONS_ACP"",""Res"":""PT1H"",""Uom"":""KWH"",""ReadTS"":""2026-07-02T13:00:00Z"",""Value"":""4954291.613"",""Count"":""3785596""}"
363;"2026-07-02T12:00:00.000Z";"2026-07-02T13:00:00.000Z";4940497.766;"{""TimeSeriesType"":""CTT_SUM_CONS_ACP"",""Res"":""PT1H"",""Uom"":""KWH"",""ReadTS"":""2026-07-02T12:00:00Z"",""Value"":""4940497.766"",""Count"":""3785575""}"
363;"2026-07-02T11:00:00.000Z";"2026-07-02T12:00:00.000Z";4999480.091;"{""TimeSeriesType"":""CTT_SUM_CONS_ACP"",""Res"":""PT1H"",""Uom"":""KWH"",""ReadTS"":""2026-07-02T11:00:00Z"",""Value"":""4999480.091"",""Count"":""3785543""}"
363;"2026-07-02T10:00:00.000Z";"2026-07-02T11:00:00.000Z";5073483.203;"{""TimeSeriesType"":""CTT_SUM_CONS_ACP"",""Res"":""PT1H"",""Uom"":""KWH"",""ReadTS"":""2026-07-02T10:00:00Z"",""Value"":""5073483.203"",""Count"":""3785544""}"
363;"2026-07-02T09:00:00.000Z";"2026-07-02T10:00:00.000Z";5099008.854;"{""TimeSeriesType"":""CTT_SUM_CONS_ACP"",""Res"":""PT1H"",""Uom"":""KWH"",""ReadTS"":""2026-07-02T09:00:00Z"",""Value"":""5099008.854"",""Count"":""3785511""}"
363;"2026-07-02T08:00:00.000Z";"2026-07-02T09:00:00.000Z";5090768.638;"{""TimeSeriesType"":""CTT_SUM_CONS_ACP"",""Res"":""PT1H"",""Uom"":""KWH"",""ReadTS"":""2026-07-02T08:00:00Z"",""Value"":""5090768.638"",""Count"":""3785474""}"
363;"2026-07-02T07:00:00.000Z";"2026-07-02T08:00:00.000Z";5013861.926;"{""TimeSeriesType"":""CTT_SUM_CONS_ACP"",""Res"":""PT1H"",""Uom"":""KWH"",""ReadTS"":""2026-07-02T07:00:00Z"",""Value"":""5013861.926"",""Count"":""3785447""}"
363;"2026-07-02T06:00:00.000Z";"2026-07-02T07:00:00.000Z";4938498.399;"{""TimeSeriesType"":""CTT_SUM_CONS_ACP"",""Res"":""PT1H"",""Uom"":""KWH"",""ReadTS"":""2026-07-02T06:00:00Z"",""Value"":""4938498.399"",""Count"":""3785461""}"
363;"2026-07-02T05:00:00.000Z";"2026-07-02T06:00:00.000Z";4767105.225;"{""TimeSeriesType"":""CTT_SUM_CONS_ACP"",""Res"":""PT1H"",""Uom"":""KWH"",""ReadTS"":""2026-07-02T05:00:00Z"",""Value"":""4767105.225"",""Count"":""3785731""}"
363;"2026-07-02T04:00:00.000Z";"2026-07-02T05:00:00.000Z";4506843.267;"{""TimeSeriesType"":""CTT_SUM_CONS_ACP"",""Res"":""PT1H"",""Uom"":""KWH"",""ReadTS"":""2026-07-02T04:00:00Z"",""Value"":""4506843.267"",""Count"":""3785783""}"
363;"2026-07-02T03:00:00.000Z";"2026-07-02T04:00:00.000Z";4142515.838;"{""TimeSeriesType"":""CTT_SUM_CONS_ACP"",""Res"":""PT1H"",""Uom"":""KWH"",""ReadTS"":""2026-07-02T03:00:00Z"",""Value"":""4142515.838"",""Count"":""3785792""}"
363;"2026-07-02T02:00:00.000Z";"2026-07-02T03:00:00.000Z";3704214.854;"{""TimeSeriesType"":""CTT_SUM_CONS_ACP"",""Res"":""PT1H"",""Uom"":""KWH"",""ReadTS"":""2026-07-02T02:00:00Z"",""Value"":""3704214.854"",""Count"":""3785801""}"
363;"2026-07-02T01:00:00.000Z";"2026-07-02T02:00:00.000Z";3596194.318;"{""TimeSeriesType"":""CTT_SUM_CONS_ACP"",""Res"":""PT1H"",""Uom"":""KWH"",""ReadTS"":""2026-07-02T01:00:00Z"",""Value"":""3596194.318"",""Count"":""3785843""}"
363;"2026-07-02T00:00:00.000Z";"2026-07-02T01:00:00.000Z";3685671.781;"{""TimeSeriesType"":""CTT_SUM_CONS_ACP"",""Res"":""PT1H"",""Uom"":""KWH"",""ReadTS"":""2026-07-02T00:00:00Z"",""Value"":""3685671.781"",""Count"":""3785842""}"
363;"2026-07-01T23:00:00.000Z";"2026-07-02T00:00:00.000Z";3804847.79;"{""TimeSeriesType"":""CTT_SUM_CONS_ACP"",""Res"":""PT1H"",""Uom"":""KWH"",""ReadTS"":""2026-07-01T23:00:00Z"",""Value"":""3804847.79"",""Count"":""3785841""}"
363;"2026-07-01T22:00:00.000Z";"2026-07-01T23:00:00.000Z";3979886.627;"{""TimeSeriesType"":""CTT_SUM_CONS_ACP"",""Res"":""PT1H"",""Uom"":""KWH"",""ReadTS"":""2026-07-01T22:00:00Z"",""Value"":""3979886.627"",""Count"":""3785841""}"
363;"2026-07-01T21:00:00.000Z";"2026-07-01T22:00:00.000Z";4188501.915;"{""TimeSeriesType"":""CTT_SUM_CONS_ACP"",""Res"":""PT1H"",""Uom"":""KWH"",""ReadTS"":""2026-07-01T21:00:00Z"",""Value"":""4188501.915"",""Count"":""3785840""}"
363;"2026-07-01T20:00:00.000Z";"2026-07-01T21:00:00.000Z";4510656.799;"{""TimeSeriesType"":""CTT_SUM_CONS_ACP"",""Res"":""PT1H"",""Uom"":""KWH"",""ReadTS"":""2026-07-01T20:00:00Z"",""Value"":""4510656.799"",""Count"":""3786327""}"
363;"2026-07-01T19:00:00.000Z";"2026-07-01T20:00:00.000Z";4737640.565;"{""TimeSeriesType"":""CTT_SUM_CONS_ACP"",""Res"":""PT1H"",""Uom"":""KWH"",""ReadTS"":""2026-07-01T19:00:00Z"",""Value"":""4737640.565"",""Count"":""3786326""}"
363;"2026-07-01T18:00:00.000Z";"2026-07-01T19:00:00.000Z";4705689.257;"{""TimeSeriesType"":""CTT_SUM_CONS_ACP"",""Res"":""PT1H"",""Uom"":""KWH"",""ReadTS"":""2026-07-01T18:00:00Z"",""Value"":""4705689.257"",""Count"":""3786326""}"
363;"2026-07-01T17:00:00.000Z";"2026-07-01T18:00:00.000Z";4925082.122;"{""TimeSeriesType"":""CTT_SUM_CONS_ACP"",""Res"":""PT1H"",""Uom"":""KWH"",""ReadTS"":""2026-07-01T17:00:00Z"",""Value"":""4925082.122"",""Count"":""3786326""}"
363;"2026-07-01T16:00:00.000Z";"2026-07-01T17:00:00.000Z";4978376.284;"{""TimeSeriesType"":""CTT_SUM_CONS_ACP"",""Res"":""PT1H"",""Uom"":""KWH"",""ReadTS"":""2026-07-01T16:00:00Z"",""Value"":""4978376.284"",""Count"":""3786326""}"
363;"2026-07-01T15:00:00.000Z";"2026-07-01T16:00:00.000Z";4943635.216;"{""TimeSeriesType"":""CTT_SUM_CONS_ACP"",""Res"":""PT1H"",""Uom"":""KWH"",""ReadTS"":""2026-07-01T15:00:00Z"",""Value"":""4943635.216"",""Count"":""3786325""}"
363;"2026-07-01T14:00:00.000Z";"2026-07-01T15:00:00.000Z";4985141.901;"{""TimeSeriesType"":""CTT_SUM_CONS_ACP"",""Res"":""PT1H"",""Uom"":""KWH"",""ReadTS"":""2026-07-01T14:00:00Z"",""Value"":""4985141.901"",""Count"":""3786322""}"
363;"2026-07-01T13:00:00.000Z";"2026-07-01T14:00:00.000Z";5007473.903;"{""TimeSeriesType"":""CTT_SUM_CONS_ACP"",""Res"":""PT1H"",""Uom"":""KWH"",""ReadTS"":""2026-07-01T13:00:00Z"",""Value"":""5007473.903"",""Count"":""3786315""}"
363;"2026-07-01T12:00:00.000Z";"2026-07-01T13:00:00.000Z";4998559.17;"{""TimeSeriesType"":""CTT_SUM_CONS_ACP"",""Res"":""PT1H"",""Uom"":""KWH"",""ReadTS"":""2026-07-01T12:00:00Z"",""Value"":""4998559.17"",""Count"":""3786298""}"
363;"2026-07-01T11:00:00.000Z";"2026-07-01T12:00:00.000Z";5039497.294;"{""TimeSeriesType"":""CTT_SUM_CONS_ACP"",""Res"":""PT1H"",""Uom"":""KWH"",""ReadTS"":""2026-07-01T11:00:00Z"",""Value"":""5039497.294"",""Count"":""3786265""}"
363;"2026-07-01T10:00:00.000Z";"2026-07-01T11:00:00.000Z";5068506.058;"{""TimeSeriesType"":""CTT_SUM_CONS_ACP"",""Res"":""PT1H"",""Uom"":""KWH"",""ReadTS"":""2026-07-01T10:00:00Z"",""Value"":""5068506.058"",""Count"":""3786233""}"
363;"2026-07-01T09:00:00.000Z";"2026-07-01T10:00:00.000Z";5091881.645;"{""TimeSeriesType"":""CTT_SUM_CONS_ACP"",""Res"":""PT1H"",""Uom"":""KWH"",""ReadTS"":""2026-07-01T09:00:00Z"",""Value"":""5091881.645"",""Count"":""3786199""}"
363;"2026-07-01T08:00:00.000Z";"2026-07-01T09:00:00.000Z";5056253.846;"{""TimeSeriesType"":""CTT_SUM_CONS_ACP"",""Res"":""PT1H"",""Uom"":""KWH"",""ReadTS"":""2026-07-01T08:00:00Z"",""Value"":""5056253.846"",""Count"":""3786162""}"
363;"2026-07-01T07:00:00.000Z";"2026-07-01T08:00:00.000Z";4979215.394;"{""TimeSeriesType"":""CTT_SUM_CONS_ACP"",""Res"":""PT1H"",""Uom"":""KWH"",""ReadTS"":""2026-07-01T07:00:00Z"",""Value"":""4979215.394"",""Count"":""3786099""}"
363;"2026-07-01T06:00:00.000Z";"2026-07-01T07:00:00.000Z";4884422.897;"{""TimeSeriesType"":""CTT_SUM_CONS_ACP"",""Res"":""PT1H"",""Uom"":""KWH"",""ReadTS"":""2026-07-01T06:00:00Z"",""Value"":""4884422.897"",""Count"":""3786141""}"
363;"2026-07-01T05:00:00.000Z";"2026-07-01T06:00:00.000Z";4730231.422;"{""TimeSeriesType"":""CTT_SUM_CONS_ACP"",""Res"":""PT1H"",""Uom"":""KWH"",""ReadTS"":""2026-07-01T05:00:00Z"",""Value"":""4730231.422"",""Count"":""3786371""}"
363;"2026-07-01T04:00:00.000Z";"2026-07-01T05:00:00.000Z";4453666.183;"{""TimeSeriesType"":""CTT_SUM_CONS_ACP"",""Res"":""PT1H"",""Uom"":""KWH"",""ReadTS"":""2026-07-01T04:00:00Z"",""Value"":""4453666.183"",""Count"":""3786438""}"
363;"2026-07-01T03:00:00.000Z";"2026-07-01T04:00:00.000Z";4104858.131;"{""TimeSeriesType"":""CTT_SUM_CONS_ACP"",""Res"":""PT1H"",""Uom"":""KWH"",""ReadTS"":""2026-07-01T03:00:00Z"",""Value"":""4104858.131"",""Count"":""3786436""}"
363;"2026-07-01T02:00:00.000Z";"2026-07-01T03:00:00.000Z";3682812.269;"{""TimeSeriesType"":""CTT_SUM_CONS_ACP"",""Res"":""PT1H"",""Uom"":""KWH"",""ReadTS"":""2026-07-01T02:00:00Z"",""Value"":""3682812.269"",""Count"":""3786486""}"
363;"2026-07-01T01:00:00.000Z";"2026-07-01T02:00:00.000Z";3596452.185;"{""TimeSeriesType"":""CTT_SUM_CONS_ACP"",""Res"":""PT1H"",""Uom"":""KWH"",""ReadTS"":""2026-07-01T01:00:00Z"",""Value"":""3596452.185"",""Count"":""3786517""}"
363;"2026-07-01T00:00:00.000Z";"2026-07-01T01:00:00.000Z";3683879.957;"{""TimeSeriesType"":""CTT_SUM_CONS_ACP"",""Res"":""PT1H"",""Uom"":""KWH"",""ReadTS"":""2026-07-01T00:00:00Z"",""Value"":""3683879.957"",""Count"":""3786517""}"
363;"2026-06-30T23:00:00.000Z";"2026-07-01T00:00:00.000Z";3834195.578;"{""TimeSeriesType"":""CTT_SUM_CONS_ACP"",""Res"":""PT1H"",""Uom"":""KWH"",""ReadTS"":""2026-06-30T23:00:00Z"",""Value"":""3834195.578"",""Count"":""3786453""}"
363;"2026-06-30T22:00:00.000Z";"2026-06-30T23:00:00.000Z";3984252.829;"{""TimeSeriesType"":""CTT_SUM_CONS_ACP"",""Res"":""PT1H"",""Uom"":""KWH"",""ReadTS"":""2026-06-30T22:00:00Z"",""Value"":""3984252.829"",""Count"":""3786454""}"
363;"2026-06-30T21:00:00.000Z";"2026-06-30T22:00:00.000Z";4205028.8;"{""TimeSeriesType"":""CTT_SUM_CONS_ACP"",""Res"":""PT1H"",""Uom"":""KWH"",""ReadTS"":""2026-06-30T21:00:00Z"",""Value"":""4205028.8"",""Count"":""3786455""}"
363;"2026-06-30T20:00:00.000Z";"2026-06-30T21:00:00.000Z";4552878.866;"{""TimeSeriesType"":""CTT_SUM_CONS_ACP"",""Res"":""PT1H"",""Uom"":""KWH"",""ReadTS"":""2026-06-30T20:00:00Z"",""Value"":""4552878.866"",""Count"":""3792060""}"
363;"2026-06-30T19:00:00.000Z";"2026-06-30T20:00:00.000Z";4760416.747;"{""TimeSeriesType"":""CTT_SUM_CONS_ACP"",""Res"":""PT1H"",""Uom"":""KWH"",""ReadTS"":""2026-06-30T19:00:00Z"",""Value"":""4760416.747"",""Count"":""3792060""}"
363;"2026-06-30T18:00:00.000Z";"2026-06-30T19:00:00.000Z";4753732.217;"{""TimeSeriesType"":""CTT_SUM_CONS_ACP"",""Res"":""PT1H"",""Uom"":""KWH"",""ReadTS"":""2026-06-30T18:00:00Z"",""Value"":""4753732.217"",""Count"":""3792060""}"
363;"2026-06-30T17:00:00.000Z";"2026-06-30T18:00:00.000Z";4974151.021;"{""TimeSeriesType"":""CTT_SUM_CONS_ACP"",""Res"":""PT1H"",""Uom"":""KWH"",""ReadTS"":""2026-06-30T17:00:00Z"",""Value"":""4974151.021"",""Count"":""3792060""}"
363;"2026-06-30T16:00:00.000Z";"2026-06-30T17:00:00.000Z";5008857.657;"{""TimeSeriesType"":""CTT_SUM_CONS_ACP"",""Res"":""PT1H"",""Uom"":""KWH"",""ReadTS"":""2026-06-30T16:00:00Z"",""Value"":""5008857.657"",""Count"":""3792059""}"
363;"2026-06-30T15:00:00.000Z";"2026-06-30T16:00:00.000Z";5007402.937;"{""TimeSeriesType"":""CTT_SUM_CONS_ACP"",""Res"":""PT1H"",""Uom"":""KWH"",""ReadTS"":""2026-06-30T15:00:00Z"",""Value"":""5007402.937"",""Count"":""3792058""}"
363;"2026-06-30T14:00:00.000Z";"2026-06-30T15:00:00.000Z";5074273.489;"{""TimeSeriesType"":""CTT_SUM_CONS_ACP"",""Res"":""PT1H"",""Uom"":""KWH"",""ReadTS"":""2026-06-30T14:00:00Z"",""Value"":""5074273.489"",""Count"":""3792054""}"
363;"2026-06-30T13:00:00.000Z";"2026-06-30T14:00:00.000Z";5076852.226;"{""TimeSeriesType"":""CTT_SUM_CONS_ACP"",""Res"":""PT1H"",""Uom"":""KWH"",""ReadTS"":""2026-06-30T13:00:00Z"",""Value"":""5076852.226"",""Count"":""3792045""}"
363;"2026-06-30T12:00:00.000Z";"2026-06-30T13:00:00.000Z";5085267.073;"{""TimeSeriesType"":""CTT_SUM_CONS_ACP"",""Res"":""PT1H"",""Uom"":""KWH"",""ReadTS"":""2026-06-30T12:00:00Z"",""Value"":""5085267.073"",""Count"":""3792038""}"
363;"2026-06-30T11:00:00.000Z";"2026-06-30T12:00:00.000Z";5132568.76;"{""TimeSeriesType"":""CTT_SUM_CONS_ACP"",""Res"":""PT1H"",""Uom"":""KWH"",""ReadTS"":""2026-06-30T11:00:00Z"",""Value"":""5132568.76"",""Count"":""3792024""}"
363;"2026-06-30T10:00:00.000Z";"2026-06-30T11:00:00.000Z";5185094.074;"{""TimeSeriesType"":""CTT_SUM_CONS_ACP"",""Res"":""PT1H"",""Uom"":""KWH"",""ReadTS"":""2026-06-30T10:00:00Z"",""Value"":""5185094.074"",""Count"":""3792011""}"
363;"2026-06-30T09:00:00.000Z";"2026-06-30T10:00:00.000Z";5218265.24;"{""TimeSeriesType"":""CTT_SUM_CONS_ACP"",""Res"":""PT1H"",""Uom"":""KWH"",""ReadTS"":""2026-06-30T09:00:00Z"",""Value"":""5218265.24"",""Count"":""3792004""}"
363;"2026-06-30T08:00:00.000Z";"2026-06-30T09:00:00.000Z";5190223.301;"{""TimeSeriesType"":""CTT_SUM_CONS_ACP"",""Res"":""PT1H"",""Uom"":""KWH"",""ReadTS"":""2026-06-30T08:00:00Z"",""Value"":""5190223.301"",""Count"":""3791945""}"
363;"2026-06-30T07:00:00.000Z";"2026-06-30T08:00:00.000Z";5109237.866;"{""TimeSeriesType"":""CTT_SUM_CONS_ACP"",""Res"":""PT1H"",""Uom"":""KWH"",""ReadTS"":""2026-06-30T07:00:00Z"",""Value"":""5109237.866"",""Count"":""3791903""}"
363;"2026-06-30T06:00:00.000Z";"2026-06-30T07:00:00.000Z";5020872.306;"{""TimeSeriesType"":""CTT_SUM_CONS_ACP"",""Res"":""PT1H"",""Uom"":""KWH"",""ReadTS"":""2026-06-30T06:00:00Z"",""Value"":""5020872.306"",""Count"":""3791945""}"
363;"2026-06-30T05:00:00.000Z";"2026-06-30T06:00:00.000Z";4852802.927;"{""TimeSeriesType"":""CTT_SUM_CONS_ACP"",""Res"":""PT1H"",""Uom"":""KWH"",""ReadTS"":""2026-06-30T05:00:00Z"",""Value"":""4852802.927"",""Count"":""3792209""}"
363;"2026-06-30T04:00:00.000Z";"2026-06-30T05:00:00.000Z";4587532.126;"{""TimeSeriesType"":""CTT_SUM_CONS_ACP"",""Res"":""PT1H"",""Uom"":""KWH"",""ReadTS"":""2026-06-30T04:00:00Z"",""Value"":""4587532.126"",""Count"":""3792276""}"
363;"2026-06-30T03:00:00.000Z";"2026-06-30T04:00:00.000Z";4250944.557;"{""TimeSeriesType"":""CTT_SUM_CONS_ACP"",""Res"":""PT1H"",""Uom"":""KWH"",""ReadTS"":""2026-06-30T03:00:00Z"",""Value"":""4250944.557"",""Count"":""3792283""}"
363;"2026-06-30T02:00:00.000Z";"2026-06-30T03:00:00.000Z";3787162.473;"{""TimeSeriesType"":""CTT_SUM_CONS_ACP"",""Res"":""PT1H"",""Uom"":""KWH"",""ReadTS"":""2026-06-30T02:00:00Z"",""Value"":""3787162.473"",""Count"":""3792290""}"
363;"2026-06-30T01:00:00.000Z";"2026-06-30T02:00:00.000Z";3666696.803;"{""TimeSeriesType"":""CTT_SUM_CONS_ACP"",""Res"":""PT1H"",""Uom"":""KWH"",""ReadTS"":""2026-06-30T01:00:00Z"",""Value"":""3666696.803"",""Count"":""3792319""}"
363;"2026-06-30T00:00:00.000Z";"2026-06-30T01:00:00.000Z";3722050.769;"{""TimeSeriesType"":""CTT_SUM_CONS_ACP"",""Res"":""PT1H"",""Uom"":""KWH"",""ReadTS"":""2026-06-30T00:00:00Z"",""Value"":""3722050.769"",""Count"":""3792319""}"
363;"2026-06-29T23:00:00.000Z";"2026-06-30T00:00:00.000Z";3862342.953;"{""TimeSeriesType"":""CTT_SUM_CONS_ACP"",""Res"":""PT1H"",""Uom"":""KWH"",""ReadTS"":""2026-06-29T23:00:00Z"",""Value"":""3862342.953"",""Count"":""3792317""}"
363;"2026-06-29T22:00:00.000Z";"2026-06-29T23:00:00.000Z";4058668.199;"{""TimeSeriesType"":""CTT_SUM_CONS_ACP"",""Res"":""PT1H"",""Uom"":""KWH"",""ReadTS"":""2026-06-29T22:00:00Z"",""Value"":""4058668.199"",""Count"":""3792317""}"
363;"2026-06-29T21:00:00.000Z";"2026-06-29T22:00:00.000Z";4480754.443;"{""TimeSeriesType"":""CTT_SUM_CONS_ACP"",""Res"":""PT1H"",""Uom"":""KWH"",""ReadTS"":""2026-06-29T21:00:00Z"",""Value"":""4480754.443"",""Count"":""3792316""}"
363;"2026-06-29T20:00:00.000Z";"2026-06-29T21:00:00.000Z";4792506.315;"{""TimeSeriesType"":""CTT_SUM_CONS_ACP"",""Res"":""PT1H"",""Uom"":""KWH"",""ReadTS"":""2026-06-29T20:00:00Z"",""Value"":""4792506.315"",""Count"":""3792167""}"
363;"2026-06-29T19:00:00.000Z";"2026-06-29T20:00:00.000Z";4950455.02;"{""TimeSeriesType"":""CTT_SUM_CONS_ACP"",""Res"":""PT1H"",""Uom"":""KWH"",""ReadTS"":""2026-06-29T19:00:00Z"",""Value"":""4950455.02"",""Count"":""3792166""}"
363;"2026-06-29T18:00:00.000Z";"2026-06-29T19:00:00.000Z";4888793.028;"{""TimeSeriesType"":""CTT_SUM_CONS_ACP"",""Res"":""PT1H"",""Uom"":""KWH"",""ReadTS"":""2026-06-29T18:00:00Z"",""Value"":""4888793.028"",""Count"":""3792166""}"
363;"2026-06-29T17:00:00.000Z";"2026-06-29T18:00:00.000Z";5021756.421;"{""TimeSeriesType"":""CTT_SUM_CONS_ACP"",""Res"":""PT1H"",""Uom"":""KWH"",""ReadTS"":""2026-06-29T17:00:00Z"",""Value"":""5021756.421"",""Count"":""3792166""}"
363;"2026-06-29T16:00:00.000Z";"2026-06-29T17:00:00.000Z";5023242.96;"{""TimeSeriesType"":""CTT_SUM_CONS_ACP"",""Res"":""PT1H"",""Uom"":""KWH"",""ReadTS"":""2026-06-29T16:00:00Z"",""Value"":""5023242.96"",""Count"":""3792167""}"
363;"2026-06-29T15:00:00.000Z";"2026-06-29T16:00:00.000Z";4975710.481;"{""TimeSeriesType"":""CTT_SUM_CONS_ACP"",""Res"":""PT1H"",""Uom"":""KWH"",""ReadTS"":""2026-06-29T15:00:00Z"",""Value"":""4975710.481"",""Count"":""3792165""}"
363;"2026-06-29T14:00:00.000Z";"2026-06-29T15:00:00.000Z";5033606.192;"{""TimeSeriesType"":""CTT_SUM_CONS_ACP"",""Res"":""PT1H"",""Uom"":""KWH"",""ReadTS"":""2026-06-29T14:00:00Z"",""Value"":""5033606.192"",""Count"":""3792161""}"
363;"2026-06-29T13:00:00.000Z";"2026-06-29T14:00:00.000Z";5005089.313;"{""TimeSeriesType"":""CTT_SUM_CONS_ACP"",""Res"":""PT1H"",""Uom"":""KWH"",""ReadTS"":""2026-06-29T13:00:00Z"",""Value"":""5005089.313"",""Count"":""3792159""}"
363;"2026-06-29T12:00:00.000Z";"2026-06-29T13:00:00.000Z";5020027.962;"{""TimeSeriesType"":""CTT_SUM_CONS_ACP"",""Res"":""PT1H"",""Uom"":""KWH"",""ReadTS"":""2026-06-29T12:00:00Z"",""Value"":""5020027.962"",""Count"":""3792146""}"
363;"2026-06-29T11:00:00.000Z";"2026-06-29T12:00:00.000Z";5068429.814;"{""TimeSeriesType"":""CTT_SUM_CONS_ACP"",""Res"":""PT1H"",""Uom"":""KWH"",""ReadTS"":""2026-06-29T11:00:00Z"",""Value"":""5068429.814"",""Count"":""3792129""}"
363;"2026-06-29T10:00:00.000Z";"2026-06-29T11:00:00.000Z";5134607.423;"{""TimeSeriesType"":""CTT_SUM_CONS_ACP"",""Res"":""PT1H"",""Uom"":""KWH"",""ReadTS"":""2026-06-29T10:00:00Z"",""Value"":""5134607.423"",""Count"":""3792119""}"
363;"2026-06-29T09:00:00.000Z";"2026-06-29T10:00:00.000Z";5182839.084;"{""TimeSeriesType"":""CTT_SUM_CONS_ACP"",""Res"":""PT1H"",""Uom"":""KWH"",""ReadTS"":""2026-06-29T09:00:00Z"",""Value"":""5182839.084"",""Count"":""3792111""}"
363;"2026-06-29T08:00:00.000Z";"2026-06-29T09:00:00.000Z";5167168.082;"{""TimeSeriesType"":""CTT_SUM_CONS_ACP"",""Res"":""PT1H"",""Uom"":""KWH"",""ReadTS"":""2026-06-29T08:00:00Z"",""Value"":""5167168.082"",""Count"":""3792081""}"
363;"2026-06-29T07:00:00.000Z";"2026-06-29T08:00:00.000Z";5063503.835;"{""TimeSeriesType"":""CTT_SUM_CONS_ACP"",""Res"":""PT1H"",""Uom"":""KWH"",""ReadTS"":""2026-06-29T07:00:00Z"",""Value"":""5063503.835"",""Count"":""3792085""}"
363;"2026-06-29T06:00:00.000Z";"2026-06-29T07:00:00.000Z";4973276.51;"{""TimeSeriesType"":""CTT_SUM_CONS_ACP"",""Res"":""PT1H"",""Uom"":""KWH"",""ReadTS"":""2026-06-29T06:00:00Z"",""Value"":""4973276.51"",""Count"":""3792096""}"
363;"2026-06-29T05:00:00.000Z";"2026-06-29T06:00:00.000Z";4794190.334;"{""TimeSeriesType"":""CTT_SUM_CONS_ACP"",""Res"":""PT1H"",""Uom"":""KWH"",""ReadTS"":""2026-06-29T05:00:00Z"",""Value"":""4794190.334"",""Count"":""3792207""}"
363;"2026-06-29T04:00:00.000Z";"2026-06-29T05:00:00.000Z";4525285.068;"{""TimeSeriesType"":""CTT_SUM_CONS_ACP"",""Res"":""PT1H"",""Uom"":""KWH"",""ReadTS"":""2026-06-29T04:00:00Z"",""Value"":""4525285.068"",""Count"":""3792229""}"
363;"2026-06-29T03:00:00.000Z";"2026-06-29T04:00:00.000Z";4168548.101;"{""TimeSeriesType"":""CTT_SUM_CONS_ACP"",""Res"":""PT1H"",""Uom"":""KWH"",""ReadTS"":""2026-06-29T03:00:00Z"",""Value"":""4168548.101"",""Count"":""3792309""}"
363;"2026-06-29T02:00:00.000Z";"2026-06-29T03:00:00.000Z";3702103.7;"{""TimeSeriesType"":""CTT_SUM_CONS_ACP"",""Res"":""PT1H"",""Uom"":""KWH"",""ReadTS"":""2026-06-29T02:00:00Z"",""Value"":""3702103.7"",""Count"":""3792312""}"
363;"2026-06-29T01:00:00.000Z";"2026-06-29T02:00:00.000Z";3538966.171;"{""TimeSeriesType"":""CTT_SUM_CONS_ACP"",""Res"":""PT1H"",""Uom"":""KWH"",""ReadTS"":""2026-06-29T01:00:00Z"",""Value"":""3538966.171"",""Count"":""3792321""}"
363;"2026-06-29T00:00:00.000Z";"2026-06-29T01:00:00.000Z";3578832.433;"{""TimeSeriesType"":""CTT_SUM_CONS_ACP"",""Res"":""PT1H"",""Uom"":""KWH"",""ReadTS"":""2026-06-29T00:00:00Z"",""Value"":""3578832.433"",""Count"":""3792321""}"
363;"2026-06-28T23:00:00.000Z";"2026-06-29T00:00:00.000Z";3711705.909;"{""TimeSeriesType"":""CTT_SUM_CONS_ACP"",""Res"":""PT1H"",""Uom"":""KWH"",""ReadTS"":""2026-06-28T23:00:00Z"",""Value"":""3711705.909"",""Count"":""3792316""}"
363;"2026-06-28T22:00:00.000Z";"2026-06-28T23:00:00.000Z";3864735.846;"{""TimeSeriesType"":""CTT_SUM_CONS_ACP"",""Res"":""PT1H"",""Uom"":""KWH"",""ReadTS"":""2026-06-28T22:00:00Z"",""Value"":""3864735.846"",""Count"":""3792316""}"
363;"2026-06-28T21:00:00.000Z";"2026-06-28T22:00:00.000Z";4089471.041;"{""TimeSeriesType"":""CTT_SUM_CONS_ACP"",""Res"":""PT1H"",""Uom"":""KWH"",""ReadTS"":""2026-06-28T21:00:00Z"",""Value"":""4089471.041"",""Count"":""3792316""}"
363;"2026-06-28T20:00:00.000Z";"2026-06-28T21:00:00.000Z";4366448.976;"{""TimeSeriesType"":""CTT_SUM_CONS_ACP"",""Res"":""PT1H"",""Uom"":""KWH"",""ReadTS"":""2026-06-28T20:00:00Z"",""Value"":""4366448.976"",""Count"":""3791411""}"
363;"2026-06-28T19:00:00.000Z";"2026-06-28T20:00:00.000Z";4496847.288;"{""TimeSeriesType"":""CTT_SUM_CONS_ACP"",""Res"":""PT1H"",""Uom"":""KWH"",""ReadTS"":""2026-06-28T19:00:00Z"",""Value"":""4496847.288"",""Count"":""3791411""}"
363;"2026-06-28T18:00:00.000Z";"2026-06-28T19:00:00.000Z";4385204.693;"{""TimeSeriesType"":""CTT_SUM_CONS_ACP"",""Res"":""PT1H"",""Uom"":""KWH"",""ReadTS"":""2026-06-28T18:00:00Z"",""Value"":""4385204.693"",""Count"":""3791411""}"
363;"2026-06-28T17:00:00.000Z";"2026-06-28T18:00:00.000Z";4563000.549;"{""TimeSeriesType"":""CTT_SUM_CONS_ACP"",""Res"":""PT1H"",""Uom"":""KWH"",""ReadTS"":""2026-06-28T17:00:00Z"",""Value"":""4563000.549"",""Count"":""3791411""}"
363;"2026-06-28T16:00:00.000Z";"2026-06-28T17:00:00.000Z";4632623.864;"{""TimeSeriesType"":""CTT_SUM_CONS_ACP"",""Res"":""PT1H"",""Uom"":""KWH"",""ReadTS"":""2026-06-28T16:00:00Z"",""Value"":""4632623.864"",""Count"":""3791411""}"
363;"2026-06-28T15:00:00.000Z";"2026-06-28T16:00:00.000Z";4564083.815;"{""TimeSeriesType"":""CTT_SUM_CONS_ACP"",""Res"":""PT1H"",""Uom"":""KWH"",""ReadTS"":""2026-06-28T15:00:00Z"",""Value"":""4564083.815"",""Count"":""3791411""}"
363;"2026-06-28T14:00:00.000Z";"2026-06-28T15:00:00.000Z";4540845.781;"{""TimeSeriesType"":""CTT_SUM_CONS_ACP"",""Res"":""PT1H"",""Uom"":""KWH"",""ReadTS"":""2026-06-28T14:00:00Z"",""Value"":""4540845.781"",""Count"":""3791410""}"
363;"2026-06-28T13:00:00.000Z";"2026-06-28T14:00:00.000Z";4473796.973;"{""TimeSeriesType"":""CTT_SUM_CONS_ACP"",""Res"":""PT1H"",""Uom"":""KWH"",""ReadTS"":""2026-06-28T13:00:00Z"",""Value"":""4473796.973"",""Count"":""3791410""}"
363;"2026-06-28T12:00:00.000Z";"2026-06-28T13:00:00.000Z";4444862.52;"{""TimeSeriesType"":""CTT_SUM_CONS_ACP"",""Res"":""PT1H"",""Uom"":""KWH"",""ReadTS"":""2026-06-28T12:00:00Z"",""Value"":""4444862.52"",""Count"":""3791409""}"
363;"2026-06-28T11:00:00.000Z";"2026-06-28T12:00:00.000Z";4403034.259;"{""TimeSeriesType"":""CTT_SUM_CONS_ACP"",""Res"":""PT1H"",""Uom"":""KWH"",""ReadTS"":""2026-06-28T11:00:00Z"",""Value"":""4403034.259"",""Count"":""3791409""}"
363;"2026-06-28T10:00:00.000Z";"2026-06-28T11:00:00.000Z";4397079.042;"{""TimeSeriesType"":""CTT_SUM_CONS_ACP"",""Res"":""PT1H"",""Uom"":""KWH"",""ReadTS"":""2026-06-28T10:00:00Z"",""Value"":""4397079.042"",""Count"":""3791409""}"
363;"2026-06-28T09:00:00.000Z";"2026-06-28T10:00:00.000Z";4352008.665;"{""TimeSeriesType"":""CTT_SUM_CONS_ACP"",""Res"":""PT1H"",""Uom"":""KWH"",""ReadTS"":""2026-06-28T09:00:00Z"",""Value"":""4352008.665"",""Count"":""3791409""}"
363;"2026-06-28T08:00:00.000Z";"2026-06-28T09:00:00.000Z";4260892.654;"{""TimeSeriesType"":""CTT_SUM_CONS_ACP"",""Res"":""PT1H"",""Uom"":""KWH"",""ReadTS"":""2026-06-28T08:00:00Z"",""Value"":""4260892.654"",""Count"":""3791408""}"
363;"2026-06-28T07:00:00.000Z";"2026-06-28T08:00:00.000Z";4088489.423;"{""TimeSeriesType"":""CTT_SUM_CONS_ACP"",""Res"":""PT1H"",""Uom"":""KWH"",""ReadTS"":""2026-06-28T07:00:00Z"",""Value"":""4088489.423"",""Count"":""3791407""}"
363;"2026-06-28T06:00:00.000Z";"2026-06-28T07:00:00.000Z";3887509.708;"{""TimeSeriesType"":""CTT_SUM_CONS_ACP"",""Res"":""PT1H"",""Uom"":""KWH"",""ReadTS"":""2026-06-28T06:00:00Z"",""Value"":""3887509.708"",""Count"":""3791402""}"
363;"2026-06-28T05:00:00.000Z";"2026-06-28T06:00:00.000Z";3716889.438;"{""TimeSeriesType"":""CTT_SUM_CONS_ACP"",""Res"":""PT1H"",""Uom"":""KWH"",""ReadTS"":""2026-06-28T05:00:00Z"",""Value"":""3716889.438"",""Count"":""3791385""}"
363;"2026-06-28T04:00:00.000Z";"2026-06-28T05:00:00.000Z";3565479.647;"{""TimeSeriesType"":""CTT_SUM_CONS_ACP"",""Res"":""PT1H"",""Uom"":""KWH"",""ReadTS"":""2026-06-28T04:00:00Z"",""Value"":""3565479.647"",""Count"":""3791374""}"
363;"2026-06-28T03:00:00.000Z";"2026-06-28T04:00:00.000Z";3470996.664;"{""TimeSeriesType"":""CTT_SUM_CONS_ACP"",""Res"":""PT1H"",""Uom"":""KWH"",""ReadTS"":""2026-06-28T03:00:00Z"",""Value"":""3470996.664"",""Count"":""3791348""}"
363;"2026-06-28T02:00:00.000Z";"2026-06-28T03:00:00.000Z";3382693.87;"{""TimeSeriesType"":""CTT_SUM_CONS_ACP"",""Res"":""PT1H"",""Uom"":""KWH"",""ReadTS"":""2026-06-28T02:00:00Z"",""Value"":""3382693.87"",""Count"":""3791346""}"
363;"2026-06-28T01:00:00.000Z";"2026-06-28T02:00:00.000Z";3378011.739;"{""TimeSeriesType"":""CTT_SUM_CONS_ACP"",""Res"":""PT1H"",""Uom"":""KWH"",""ReadTS"":""2026-06-28T01:00:00Z"",""Value"":""3378011.739"",""Count"":""3791345""}"
363;"2026-06-28T00:00:00.000Z";"2026-06-28T01:00:00.000Z";3478255.637;"{""TimeSeriesType"":""CTT_SUM_CONS_ACP"",""Res"":""PT1H"",""Uom"":""KWH"",""ReadTS"":""2026-06-28T00:00:00Z"",""Value"":""3478255.637"",""Count"":""3791345""}"
363;"2026-06-27T23:00:00.000Z";"2026-06-28T00:00:00.000Z";3629641.685;"{""TimeSeriesType"":""CTT_SUM_CONS_ACP"",""Res"":""PT1H"",""Uom"":""KWH"",""ReadTS"":""2026-06-27T23:00:00Z"",""Value"":""3629641.685"",""Count"":""3791332""}"
363;"2026-06-27T22:00:00.000Z";"2026-06-27T23:00:00.000Z";3784777.089;"{""TimeSeriesType"":""CTT_SUM_CONS_ACP"",""Res"":""PT1H"",""Uom"":""KWH"",""ReadTS"":""2026-06-27T22:00:00Z"",""Value"":""3784777.089"",""Count"":""3791332""}"
363;"2026-06-27T21:00:00.000Z";"2026-06-27T22:00:00.000Z";4051190.192;"{""TimeSeriesType"":""CTT_SUM_CONS_ACP"",""Res"":""PT1H"",""Uom"":""KWH"",""ReadTS"":""2026-06-27T21:00:00Z"",""Value"":""4051190.192"",""Count"":""3791333""}"
363;"2026-06-27T20:00:00.000Z";"2026-06-27T21:00:00.000Z";4313732.596;"{""TimeSeriesType"":""CTT_SUM_CONS_ACP"",""Res"":""PT1H"",""Uom"":""KWH"",""ReadTS"":""2026-06-27T20:00:00Z"",""Value"":""4313732.596"",""Count"":""3791515""}"
363;"2026-06-27T19:00:00.000Z";"2026-06-27T20:00:00.000Z";4428524.045;"{""TimeSeriesType"":""CTT_SUM_CONS_ACP"",""Res"":""PT1H"",""Uom"":""KWH"",""ReadTS"":""2026-06-27T19:00:00Z"",""Value"":""4428524.045"",""Count"":""3791515""}"
363;"2026-06-27T18:00:00.000Z";"2026-06-27T19:00:00.000Z";4348084.093;"{""TimeSeriesType"":""CTT_SUM_CONS_ACP"",""Res"":""PT1H"",""Uom"":""KWH"",""ReadTS"":""2026-06-27T18:00:00Z"",""Value"":""4348084.093"",""Count"":""3791515""}"
363;"2026-06-27T17:00:00.000Z";"2026-06-27T18:00:00.000Z";4529467.244;"{""TimeSeriesType"":""CTT_SUM_CONS_ACP"",""Res"":""PT1H"",""Uom"":""KWH"",""ReadTS"":""2026-06-27T17:00:00Z"",""Value"":""4529467.244"",""Count"":""3791515""}"
363;"2026-06-27T16:00:00.000Z";"2026-06-27T17:00:00.000Z";4584198.559;"{""TimeSeriesType"":""CTT_SUM_CONS_ACP"",""Res"":""PT1H"",""Uom"":""KWH"",""ReadTS"":""2026-06-27T16:00:00Z"",""Value"":""4584198.559"",""Count"":""3791515""}"
363;"2026-06-27T15:00:00.000Z";"2026-06-27T16:00:00.000Z";4593366.236;"{""TimeSeriesType"":""CTT_SUM_CONS_ACP"",""Res"":""PT1H"",""Uom"":""KWH"",""ReadTS"":""2026-06-27T15:00:00Z"",""Value"":""4593366.236"",""Count"":""3791515""}"
363;"2026-06-27T14:00:00.000Z";"2026-06-27T15:00:00.000Z";4534394.178;"{""TimeSeriesType"":""CTT_SUM_CONS_ACP"",""Res"":""PT1H"",""Uom"":""KWH"",""ReadTS"":""2026-06-27T14:00:00Z"",""Value"":""4534394.178"",""Count"":""3791515""}"
363;"2026-06-27T13:00:00.000Z";"2026-06-27T14:00:00.000Z";4498783.938;"{""TimeSeriesType"":""CTT_SUM_CONS_ACP"",""Res"":""PT1H"",""Uom"":""KWH"",""ReadTS"":""2026-06-27T13:00:00Z"",""Value"":""4498783.938"",""Count"":""3791515""}"
363;"2026-06-27T12:00:00.000Z";"2026-06-27T13:00:00.000Z";4456160.74;"{""TimeSeriesType"":""CTT_SUM_CONS_ACP"",""Res"":""PT1H"",""Uom"":""KWH"",""ReadTS"":""2026-06-27T12:00:00Z"",""Value"":""4456160.74"",""Count"":""3791515""}"
363;"2026-06-27T11:00:00.000Z";"2026-06-27T12:00:00.000Z";4415143.715;"{""TimeSeriesType"":""CTT_SUM_CONS_ACP"",""Res"":""PT1H"",""Uom"":""KWH"",""ReadTS"":""2026-06-27T11:00:00Z"",""Value"":""4415143.715"",""Count"":""3791516""}"
363;"2026-06-27T10:00:00.000Z";"2026-06-27T11:00:00.000Z";4384710.782;"{""TimeSeriesType"":""CTT_SUM_CONS_ACP"",""Res"":""PT1H"",""Uom"":""KWH"",""ReadTS"":""2026-06-27T10:00:00Z"",""Value"":""4384710.782"",""Count"":""3791516""}"
363;"2026-06-27T09:00:00.000Z";"2026-06-27T10:00:00.000Z";4322500.579;"{""TimeSeriesType"":""CTT_SUM_CONS_ACP"",""Res"":""PT1H"",""Uom"":""KWH"",""ReadTS"":""2026-06-27T09:00:00Z"",""Value"":""4322500.579"",""Count"":""3791515""}"
363;"2026-06-27T08:00:00.000Z";"2026-06-27T09:00:00.000Z";4258053.255;"{""TimeSeriesType"":""CTT_SUM_CONS_ACP"",""Res"":""PT1H"",""Uom"":""KWH"",""ReadTS"":""2026-06-27T08:00:00Z"",""Value"":""4258053.255"",""Count"":""3791515""}"
363;"2026-06-27T07:00:00.000Z";"2026-06-27T08:00:00.000Z";4204647.484;"{""TimeSeriesType"":""CTT_SUM_CONS_ACP"",""Res"":""PT1H"",""Uom"":""KWH"",""ReadTS"":""2026-06-27T07:00:00Z"",""Value"":""4204647.484"",""Count"":""3791515""}"
363;"2026-06-27T06:00:00.000Z";"2026-06-27T07:00:00.000Z";4062964.806;"{""TimeSeriesType"":""CTT_SUM_CONS_ACP"",""Res"":""PT1H"",""Uom"":""KWH"",""ReadTS"":""2026-06-27T06:00:00Z"",""Value"":""4062964.806"",""Count"":""3791515""}"
363;"2026-06-27T05:00:00.000Z";"2026-06-27T06:00:00.000Z";3869347.185;"{""TimeSeriesType"":""CTT_SUM_CONS_ACP"",""Res"":""PT1H"",""Uom"":""KWH"",""ReadTS"":""2026-06-27T05:00:00Z"",""Value"":""3869347.185"",""Count"":""3791518""}"
363;"2026-06-27T04:00:00.000Z";"2026-06-27T05:00:00.000Z";3691141.966;"{""TimeSeriesType"":""CTT_SUM_CONS_ACP"",""Res"":""PT1H"",""Uom"":""KWH"",""ReadTS"":""2026-06-27T04:00:00Z"",""Value"":""3691141.966"",""Count"":""3791518""}"
363;"2026-06-27T03:00:00.000Z";"2026-06-27T04:00:00.000Z";3568019.065;"{""TimeSeriesType"":""CTT_SUM_CONS_ACP"",""Res"":""PT1H"",""Uom"":""KWH"",""ReadTS"":""2026-06-27T03:00:00Z"",""Value"":""3568019.065"",""Count"":""3791518""}"
363;"2026-06-27T02:00:00.000Z";"2026-06-27T03:00:00.000Z";3484656.374;"{""TimeSeriesType"":""CTT_SUM_CONS_ACP"",""Res"":""PT1H"",""Uom"":""KWH"",""ReadTS"":""2026-06-27T02:00:00Z"",""Value"":""3484656.374"",""Count"":""3791518""}"
363;"2026-06-27T01:00:00.000Z";"2026-06-27T02:00:00.000Z";3506083.746;"{""TimeSeriesType"":""CTT_SUM_CONS_ACP"",""Res"":""PT1H"",""Uom"":""KWH"",""ReadTS"":""2026-06-27T01:00:00Z"",""Value"":""3506083.746"",""Count"":""3791518""}"
363;"2026-06-27T00:00:00.000Z";"2026-06-27T01:00:00.000Z";3596291.221;"{""TimeSeriesType"":""CTT_SUM_CONS_ACP"",""Res"":""PT1H"",""Uom"":""KWH"",""ReadTS"":""2026-06-27T00:00:00Z"",""Value"":""3596291.221"",""Count"":""3791518""}"
363;"2026-06-26T23:00:00.000Z";"2026-06-27T00:00:00.000Z";3719392.566;"{""TimeSeriesType"":""CTT_SUM_CONS_ACP"",""Res"":""PT1H"",""Uom"":""KWH"",""ReadTS"":""2026-06-26T23:00:00Z"",""Value"":""3719392.566"",""Count"":""3791502""}"
363;"2026-06-26T22:00:00.000Z";"2026-06-26T23:00:00.000Z";3862719.221;"{""TimeSeriesType"":""CTT_SUM_CONS_ACP"",""Res"":""PT1H"",""Uom"":""KWH"",""ReadTS"":""2026-06-26T22:00:00Z"",""Value"":""3862719.221"",""Count"":""3791502""}"
363;"2026-06-26T21:00:00.000Z";"2026-06-26T22:00:00.000Z";4154433.684;"{""TimeSeriesType"":""CTT_SUM_CONS_ACP"",""Res"":""PT1H"",""Uom"":""KWH"",""ReadTS"":""2026-06-26T21:00:00Z"",""Value"":""4154433.684"",""Count"":""3791500""}"
363;"2026-06-26T20:00:00.000Z";"2026-06-26T21:00:00.000Z";4466997.989;"{""TimeSeriesType"":""CTT_SUM_CONS_ACP"",""Res"":""PT1H"",""Uom"":""KWH"",""ReadTS"":""2026-06-26T20:00:00Z"",""Value"":""4466997.989"",""Count"":""3792144""}"
363;"2026-06-26T19:00:00.000Z";"2026-06-26T20:00:00.000Z";4656056.183;"{""TimeSeriesType"":""CTT_SUM_CONS_ACP"",""Res"":""PT1H"",""Uom"":""KWH"",""ReadTS"":""2026-06-26T19:00:00Z"",""Value"":""4656056.183"",""Count"":""3792143""}"
363;"2026-06-26T18:00:00.000Z";"2026-06-26T19:00:00.000Z";4615341.936;"{""TimeSeriesType"":""CTT_SUM_CONS_ACP"",""Res"":""PT1H"",""Uom"":""KWH"",""ReadTS"":""2026-06-26T18:00:00Z"",""Value"":""4615341.936"",""Count"":""3792143""}"
363;"2026-06-26T17:00:00.000Z";"2026-06-26T18:00:00.000Z";4843267.197;"{""TimeSeriesType"":""CTT_SUM_CONS_ACP"",""Res"":""PT1H"",""Uom"":""KWH"",""ReadTS"":""2026-06-26T17:00:00Z"",""Value"":""4843267.197"",""Count"":""3792143""}"
363;"2026-06-26T16:00:00.000Z";"2026-06-26T17:00:00.000Z";4925980.223;"{""TimeSeriesType"":""CTT_SUM_CONS_ACP"",""Res"":""PT1H"",""Uom"":""KWH"",""ReadTS"":""2026-06-26T16:00:00Z"",""Value"":""4925980.223"",""Count"":""3792142""}"
363;"2026-06-26T15:00:00.000Z";"2026-06-26T16:00:00.000Z";4912156.994;"{""TimeSeriesType"":""CTT_SUM_CONS_ACP"",""Res"":""PT1H"",""Uom"":""KWH"",""ReadTS"":""2026-06-26T15:00:00Z"",""Value"":""4912156.994"",""Count"":""3792140""}"
363;"2026-06-26T14:00:00.000Z";"2026-06-26T15:00:00.000Z";4968629.152;"{""TimeSeriesType"":""CTT_SUM_CONS_ACP"",""Res"":""PT1H"",""Uom"":""KWH"",""ReadTS"":""2026-06-26T14:00:00Z"",""Value"":""4968629.152"",""Count"":""3792136""}"
363;"2026-06-26T13:00:00.000Z";"2026-06-26T14:00:00.000Z";4972028.487;"{""TimeSeriesType"":""CTT_SUM_CONS_ACP"",""Res"":""PT1H"",""Uom"":""KWH"",""ReadTS"":""2026-06-26T13:00:00Z"",""Value"":""4972028.487"",""Count"":""3792130""}"
363;"2026-06-26T12:00:00.000Z";"2026-06-26T13:00:00.000Z";4937642.797;"{""TimeSeriesType"":""CTT_SUM_CONS_ACP"",""Res"":""PT1H"",""Uom"":""KWH"",""ReadTS"":""2026-06-26T12:00:00Z"",""Value"":""4937642.797"",""Count"":""3792123""}"
363;"2026-06-26T11:00:00.000Z";"2026-06-26T12:00:00.000Z";4947649.605;"{""TimeSeriesType"":""CTT_SUM_CONS_ACP"",""Res"":""PT1H"",""Uom"":""KWH"",""ReadTS"":""2026-06-26T11:00:00Z"",""Value"":""4947649.605"",""Count"":""3792101""}"
363;"2026-06-26T10:00:00.000Z";"2026-06-26T11:00:00.000Z";4959814.509;"{""TimeSeriesType"":""CTT_SUM_CONS_ACP"",""Res"":""PT1H"",""Uom"":""KWH"",""ReadTS"":""2026-06-26T10:00:00Z"",""Value"":""4959814.509"",""Count"":""3792088""}"
363;"2026-06-26T09:00:00.000Z";"2026-06-26T10:00:00.000Z";5016445.466;"{""TimeSeriesType"":""CTT_SUM_CONS_ACP"",""Res"":""PT1H"",""Uom"":""KWH"",""ReadTS"":""2026-06-26T09:00:00Z"",""Value"":""5016445.466"",""Count"":""3792064""}"
363;"2026-06-26T08:00:00.000Z";"2026-06-26T09:00:00.000Z";5008890.998;"{""TimeSeriesType"":""CTT_SUM_CONS_ACP"",""Res"":""PT1H"",""Uom"":""KWH"",""ReadTS"":""2026-06-26T08:00:00Z"",""Value"":""5008890.998"",""Count"":""3792040""}"
363;"2026-06-26T07:00:00.000Z";"2026-06-26T08:00:00.000Z";4950545.216;"{""TimeSeriesType"":""CTT_SUM_CONS_ACP"",""Res"":""PT1H"",""Uom"":""KWH"",""ReadTS"":""2026-06-26T07:00:00Z"",""Value"":""4950545.216"",""Count"":""3792019""}"
363;"2026-06-26T06:00:00.000Z";"2026-06-26T07:00:00.000Z";4884909.575;"{""TimeSeriesType"":""CTT_SUM_CONS_ACP"",""Res"":""PT1H"",""Uom"":""KWH"",""ReadTS"":""2026-06-26T06:00:00Z"",""Value"":""4884909.575"",""Count"":""3792003""}"
363;"2026-06-26T05:00:00.000Z";"2026-06-26T06:00:00.000Z";4738348.928;"{""TimeSeriesType"":""CTT_SUM_CONS_ACP"",""Res"":""PT1H"",""Uom"":""KWH"",""ReadTS"":""2026-06-26T05:00:00Z"",""Value"":""4738348.928"",""Count"":""3791999""}"
363;"2026-06-26T04:00:00.000Z";"2026-06-26T05:00:00.000Z";4549240.345;"{""TimeSeriesType"":""CTT_SUM_CONS_ACP"",""Res"":""PT1H"",""Uom"":""KWH"",""ReadTS"":""2026-06-26T04:00:00Z"",""Value"":""4549240.345"",""Count"":""3791972""}"
363;"2026-06-26T03:00:00.000Z";"2026-06-26T04:00:00.000Z";4217673.403;"{""TimeSeriesType"":""CTT_SUM_CONS_ACP"",""Res"":""PT1H"",""Uom"":""KWH"",""ReadTS"":""2026-06-26T03:00:00Z"",""Value"":""4217673.403"",""Count"":""3791971""}"
363;"2026-06-26T02:00:00.000Z";"2026-06-26T03:00:00.000Z";3803369.567;"{""TimeSeriesType"":""CTT_SUM_CONS_ACP"",""Res"":""PT1H"",""Uom"":""KWH"",""ReadTS"":""2026-06-26T02:00:00Z"",""Value"":""3803369.567"",""Count"":""3791971""}"
363;"2026-06-26T01:00:00.000Z";"2026-06-26T02:00:00.000Z";3720062.689;"{""TimeSeriesType"":""CTT_SUM_CONS_ACP"",""Res"":""PT1H"",""Uom"":""KWH"",""ReadTS"":""2026-06-26T01:00:00Z"",""Value"":""3720062.689"",""Count"":""3792043""}"
363;"2026-06-26T00:00:00.000Z";"2026-06-26T01:00:00.000Z";3823154.51;"{""TimeSeriesType"":""CTT_SUM_CONS_ACP"",""Res"":""PT1H"",""Uom"":""KWH"",""ReadTS"":""2026-06-26T00:00:00Z"",""Value"":""3823154.51"",""Count"":""3792047""}"
363;"2026-06-25T23:00:00.000Z";"2026-06-26T00:00:00.000Z";3935457.687;"{""TimeSeriesType"":""CTT_SUM_CONS_ACP"",""Res"":""PT1H"",""Uom"":""KWH"",""ReadTS"":""2026-06-25T23:00:00Z"",""Value"":""3935457.687"",""Count"":""3792044""}"
363;"2026-06-25T22:00:00.000Z";"2026-06-25T23:00:00.000Z";4054500.196;"{""TimeSeriesType"":""CTT_SUM_CONS_ACP"",""Res"":""PT1H"",""Uom"":""KWH"",""ReadTS"":""2026-06-25T22:00:00Z"",""Value"":""4054500.196"",""Count"":""3792044""}"
363;"2026-06-25T21:00:00.000Z";"2026-06-25T22:00:00.000Z";4327170.08;"{""TimeSeriesType"":""CTT_SUM_CONS_ACP"",""Res"":""PT1H"",""Uom"":""KWH"",""ReadTS"":""2026-06-25T21:00:00Z"",""Value"":""4327170.08"",""Count"":""3792050""}"
363;"2026-06-25T20:00:00.000Z";"2026-06-25T21:00:00.000Z";4615945.928;"{""TimeSeriesType"":""CTT_SUM_CONS_ACP"",""Res"":""PT1H"",""Uom"":""KWH"",""ReadTS"":""2026-06-25T20:00:00Z"",""Value"":""4615945.928"",""Count"":""3790880""}"
363;"2026-06-25T19:00:00.000Z";"2026-06-25T20:00:00.000Z";4758335.792;"{""TimeSeriesType"":""CTT_SUM_CONS_ACP"",""Res"":""PT1H"",""Uom"":""KWH"",""ReadTS"":""2026-06-25T19:00:00Z"",""Value"":""4758335.792"",""Count"":""3790879""}"
363;"2026-06-25T18:00:00.000Z";"2026-06-25T19:00:00.000Z";4735304.295;"{""TimeSeriesType"":""CTT_SUM_CONS_ACP"",""Res"":""PT1H"",""Uom"":""KWH"",""ReadTS"":""2026-06-25T18:00:00Z"",""Value"":""4735304.295"",""Count"":""3790879""}"
363;"2026-06-25T17:00:00.000Z";"2026-06-25T18:00:00.000Z";4915364.117;"{""TimeSeriesType"":""CTT_SUM_CONS_ACP"",""Res"":""PT1H"",""Uom"":""KWH"",""ReadTS"":""2026-06-25T17:00:00Z"",""Value"":""4915364.117"",""Count"":""3790879""}"
363;"2026-06-25T16:00:00.000Z";"2026-06-25T17:00:00.000Z";4954192.691;"{""TimeSeriesType"":""CTT_SUM_CONS_ACP"",""Res"":""PT1H"",""Uom"":""KWH"",""ReadTS"":""2026-06-25T16:00:00Z"",""Value"":""4954192.691"",""Count"":""3790879""}"
363;"2026-06-25T15:00:00.000Z";"2026-06-25T16:00:00.000Z";4938173.834;"{""TimeSeriesType"":""CTT_SUM_CONS_ACP"",""Res"":""PT1H"",""Uom"":""KWH"",""ReadTS"":""2026-06-25T15:00:00Z"",""Value"":""4938173.834"",""Count"":""3790879""}"
363;"2026-06-25T14:00:00.000Z";"2026-06-25T15:00:00.000Z";4953346.208;"{""TimeSeriesType"":""CTT_SUM_CONS_ACP"",""Res"":""PT1H"",""Uom"":""KWH"",""ReadTS"":""2026-06-25T14:00:00Z"",""Value"":""4953346.208"",""Count"":""3790877""}"
363;"2026-06-25T13:00:00.000Z";"2026-06-25T14:00:00.000Z";4962078.948;"{""TimeSeriesType"":""CTT_SUM_CONS_ACP"",""Res"":""PT1H"",""Uom"":""KWH"",""ReadTS"":""2026-06-25T13:00:00Z"",""Value"":""4962078.948"",""Count"":""3790864""}"
363;"2026-06-25T12:00:00.000Z";"2026-06-25T13:00:00.000Z";4976821.924;"{""TimeSeriesType"":""CTT_SUM_CONS_ACP"",""Res"":""PT1H"",""Uom"":""KWH"",""ReadTS"":""2026-06-25T12:00:00Z"",""Value"":""4976821.924"",""Count"":""3790847""}"
363;"2026-06-25T11:00:00.000Z";"2026-06-25T12:00:00.000Z";5034896.227;"{""TimeSeriesType"":""CTT_SUM_CONS_ACP"",""Res"":""PT1H"",""Uom"":""KWH"",""ReadTS"":""2026-06-25T11:00:00Z"",""Value"":""5034896.227"",""Count"":""3790823""}"
363;"2026-06-25T10:00:00.000Z";"2026-06-25T11:00:00.000Z";5051448.077;"{""TimeSeriesType"":""CTT_SUM_CONS_ACP"",""Res"":""PT1H"",""Uom"":""KWH"",""ReadTS"":""2026-06-25T10:00:00Z"",""Value"":""5051448.077"",""Count"":""3790795""}"
363;"2026-06-25T09:00:00.000Z";"2026-06-25T10:00:00.000Z";5063999.877;"{""TimeSeriesType"":""CTT_SUM_CONS_ACP"",""Res"":""PT1H"",""Uom"":""KWH"",""ReadTS"":""2026-06-25T09:00:00Z"",""Value"":""5063999.877"",""Count"":""3790766""}"
363;"2026-06-25T08:00:00.000Z";"2026-06-25T09:00:00.000Z";5031214.325;"{""TimeSeriesType"":""CTT_SUM_CONS_ACP"",""Res"":""PT1H"",""Uom"":""KWH"",""ReadTS"":""2026-06-25T08:00:00Z"",""Value"":""5031214.325"",""Count"":""3790733""}"
363;"2026-06-25T07:00:00.000Z";"2026-06-25T08:00:00.000Z";5007886.652;"{""TimeSeriesType"":""CTT_SUM_CONS_ACP"",""Res"":""PT1H"",""Uom"":""KWH"",""ReadTS"":""2026-06-25T07:00:00Z"",""Value"":""5007886.652"",""Count"":""3790706""}"
363;"2026-06-25T06:00:00.000Z";"2026-06-25T07:00:00.000Z";4980477.281;"{""TimeSeriesType"":""CTT_SUM_CONS_ACP"",""Res"":""PT1H"",""Uom"":""KWH"",""ReadTS"":""2026-06-25T06:00:00Z"",""Value"":""4980477.281"",""Count"":""3790711""}"
363;"2026-06-25T05:00:00.000Z";"2026-06-25T06:00:00.000Z";4830900.016;"{""TimeSeriesType"":""CTT_SUM_CONS_ACP"",""Res"":""PT1H"",""Uom"":""KWH"",""ReadTS"":""2026-06-25T05:00:00Z"",""Value"":""4830900.016"",""Count"":""3790985""}"
363;"2026-06-25T04:00:00.000Z";"2026-06-25T05:00:00.000Z";4626437.635;"{""TimeSeriesType"":""CTT_SUM_CONS_ACP"",""Res"":""PT1H"",""Uom"":""KWH"",""ReadTS"":""2026-06-25T04:00:00Z"",""Value"":""4626437.635"",""Count"":""3791020""}"
363;"2026-06-25T03:00:00.000Z";"2026-06-25T04:00:00.000Z";4316148.628;"{""TimeSeriesType"":""CTT_SUM_CONS_ACP"",""Res"":""PT1H"",""Uom"":""KWH"",""ReadTS"":""2026-06-25T03:00:00Z"",""Value"":""4316148.628"",""Count"":""3791022""}"
363;"2026-06-25T02:00:00.000Z";"2026-06-25T03:00:00.000Z";3915744.02;"{""TimeSeriesType"":""CTT_SUM_CONS_ACP"",""Res"":""PT1H"",""Uom"":""KWH"",""ReadTS"":""2026-06-25T02:00:00Z"",""Value"":""3915744.02"",""Count"":""3791022""}"
363;"2026-06-25T01:00:00.000Z";"2026-06-25T02:00:00.000Z";3763291.272;"{""TimeSeriesType"":""CTT_SUM_CONS_ACP"",""Res"":""PT1H"",""Uom"":""KWH"",""ReadTS"":""2026-06-25T01:00:00Z"",""Value"":""3763291.272"",""Count"":""3791079""}"
363;"2026-06-25T00:00:00.000Z";"2026-06-25T01:00:00.000Z";3823847.919;"{""TimeSeriesType"":""CTT_SUM_CONS_ACP"",""Res"":""PT1H"",""Uom"":""KWH"",""ReadTS"":""2026-06-25T00:00:00Z"",""Value"":""3823847.919"",""Count"":""3791079""}"
363;"2026-06-24T23:00:00.000Z";"2026-06-25T00:00:00.000Z";3906099.933;"{""TimeSeriesType"":""CTT_SUM_CONS_ACP"",""Res"":""PT1H"",""Uom"":""KWH"",""ReadTS"":""2026-06-24T23:00:00Z"",""Value"":""3906099.933"",""Count"":""3791078""}"
363;"2026-06-24T22:00:00.000Z";"2026-06-24T23:00:00.000Z";4044825.373;"{""TimeSeriesType"":""CTT_SUM_CONS_ACP"",""Res"":""PT1H"",""Uom"":""KWH"",""ReadTS"":""2026-06-24T22:00:00Z"",""Value"":""4044825.373"",""Count"":""3791078""}"
363;"2026-06-24T21:00:00.000Z";"2026-06-24T22:00:00.000Z";4311444.011;"{""TimeSeriesType"":""CTT_SUM_CONS_ACP"",""Res"":""PT1H"",""Uom"":""KWH"",""ReadTS"":""2026-06-24T21:00:00Z"",""Value"":""4311444.011"",""Count"":""3791077""}"
363;"2026-06-24T20:00:00.000Z";"2026-06-24T21:00:00.000Z";4602232.799;"{""TimeSeriesType"":""CTT_SUM_CONS_ACP"",""Res"":""PT1H"",""Uom"":""KWH"",""ReadTS"":""2026-06-24T20:00:00Z"",""Value"":""4602232.799"",""Count"":""3790596""}"
363;"2026-06-24T19:00:00.000Z";"2026-06-24T20:00:00.000Z";4735332.986;"{""TimeSeriesType"":""CTT_SUM_CONS_ACP"",""Res"":""PT1H"",""Uom"":""KWH"",""ReadTS"":""2026-06-24T19:00:00Z"",""Value"":""4735332.986"",""Count"":""3790596""}"
363;"2026-06-24T18:00:00.000Z";"2026-06-24T19:00:00.000Z";4691607.169;"{""TimeSeriesType"":""CTT_SUM_CONS_ACP"",""Res"":""PT1H"",""Uom"":""KWH"",""ReadTS"":""2026-06-24T18:00:00Z"",""Value"":""4691607.169"",""Count"":""3790596""}"
363;"2026-06-24T17:00:00.000Z";"2026-06-24T18:00:00.000Z";4887543.451;"{""TimeSeriesType"":""CTT_SUM_CONS_ACP"",""Res"":""PT1H"",""Uom"":""KWH"",""ReadTS"":""2026-06-24T17:00:00Z"",""Value"":""4887543.451"",""Count"":""3790596""}"
363;"2026-06-24T16:00:00.000Z";"2026-06-24T17:00:00.000Z";4916849.043;"{""TimeSeriesType"":""CTT_SUM_CONS_ACP"",""Res"":""PT1H"",""Uom"":""KWH"",""ReadTS"":""2026-06-24T16:00:00Z"",""Value"":""4916849.043"",""Count"":""3790594""}"
363;"2026-06-24T15:00:00.000Z";"2026-06-24T16:00:00.000Z";4892378.86;"{""TimeSeriesType"":""CTT_SUM_CONS_ACP"",""Res"":""PT1H"",""Uom"":""KWH"",""ReadTS"":""2026-06-24T15:00:00Z"",""Value"":""4892378.86"",""Count"":""3790594""}"
363;"2026-06-24T14:00:00.000Z";"2026-06-24T15:00:00.000Z";4944731.616;"{""TimeSeriesType"":""CTT_SUM_CONS_ACP"",""Res"":""PT1H"",""Uom"":""KWH"",""ReadTS"":""2026-06-24T14:00:00Z"",""Value"":""4944731.616"",""Count"":""3790592""}"
363;"2026-06-24T13:00:00.000Z";"2026-06-24T14:00:00.000Z";4970417.951;"{""TimeSeriesType"":""CTT_SUM_CONS_ACP"",""Res"":""PT1H"",""Uom"":""KWH"",""ReadTS"":""2026-06-24T13:00:00Z"",""Value"":""4970417.951"",""Count"":""3790582""}"
363;"2026-06-24T12:00:00.000Z";"2026-06-24T13:00:00.000Z";5003976.075;"{""TimeSeriesType"":""CTT_SUM_CONS_ACP"",""Res"":""PT1H"",""Uom"":""KWH"",""ReadTS"":""2026-06-24T12:00:00Z"",""Value"":""5003976.075"",""Count"":""3790573""}"
363;"2026-06-24T11:00:00.000Z";"2026-06-24T12:00:00.000Z";5039211.105;"{""TimeSeriesType"":""CTT_SUM_CONS_ACP"",""Res"":""PT1H"",""Uom"":""KWH"",""ReadTS"":""2026-06-24T11:00:00Z"",""Value"":""5039211.105"",""Count"":""3790555""}"
363;"2026-06-24T10:00:00.000Z";"2026-06-24T11:00:00.000Z";5110030.391;"{""TimeSeriesType"":""CTT_SUM_CONS_ACP"",""Res"":""PT1H"",""Uom"":""KWH"",""ReadTS"":""2026-06-24T10:00:00Z"",""Value"":""5110030.391"",""Count"":""3790532""}"
363;"2026-06-24T09:00:00.000Z";"2026-06-24T10:00:00.000Z";5153233.449;"{""TimeSeriesType"":""CTT_SUM_CONS_ACP"",""Res"":""PT1H"",""Uom"":""KWH"",""ReadTS"":""2026-06-24T09:00:00Z"",""Value"":""5153233.449"",""Count"":""3790508""}"
363;"2026-06-24T08:00:00.000Z";"2026-06-24T09:00:00.000Z";5136212.226;"{""TimeSeriesType"":""CTT_SUM_CONS_ACP"",""Res"":""PT1H"",""Uom"":""KWH"",""ReadTS"":""2026-06-24T08:00:00Z"",""Value"":""5136212.226"",""Count"":""3790482""}"
363;"2026-06-24T07:00:00.000Z";"2026-06-24T08:00:00.000Z";5105317.588;"{""TimeSeriesType"":""CTT_SUM_CONS_ACP"",""Res"":""PT1H"",""Uom"":""KWH"",""ReadTS"":""2026-06-24T07:00:00Z"",""Value"":""5105317.588"",""Count"":""3790462""}"
363;"2026-06-24T06:00:00.000Z";"2026-06-24T07:00:00.000Z";5038542.981;"{""TimeSeriesType"":""CTT_SUM_CONS_ACP"",""Res"":""PT1H"",""Uom"":""KWH"",""ReadTS"":""2026-06-24T06:00:00Z"",""Value"":""5038542.981"",""Count"":""3790479""}"
363;"2026-06-24T05:00:00.000Z";"2026-06-24T06:00:00.000Z";4885441.456;"{""TimeSeriesType"":""CTT_SUM_CONS_ACP"",""Res"":""PT1H"",""Uom"":""KWH"",""ReadTS"":""2026-06-24T05:00:00Z"",""Value"":""4885441.456"",""Count"":""3790699""}"
363;"2026-06-24T04:00:00.000Z";"2026-06-24T05:00:00.000Z";4657447.681;"{""TimeSeriesType"":""CTT_SUM_CONS_ACP"",""Res"":""PT1H"",""Uom"":""KWH"",""ReadTS"":""2026-06-24T04:00:00Z"",""Value"":""4657447.681"",""Count"":""3790721""}"
363;"2026-06-24T03:00:00.000Z";"2026-06-24T04:00:00.000Z";4267136.289;"{""TimeSeriesType"":""CTT_SUM_CONS_ACP"",""Res"":""PT1H"",""Uom"":""KWH"",""ReadTS"":""2026-06-24T03:00:00Z"",""Value"":""4267136.289"",""Count"":""3790734""}"
363;"2026-06-24T02:00:00.000Z";"2026-06-24T03:00:00.000Z";3780490.016;"{""TimeSeriesType"":""CTT_SUM_CONS_ACP"",""Res"":""PT1H"",""Uom"":""KWH"",""ReadTS"":""2026-06-24T02:00:00Z"",""Value"":""3780490.016"",""Count"":""3790739""}"
363;"2026-06-24T01:00:00.000Z";"2026-06-24T02:00:00.000Z";3638491.762;"{""TimeSeriesType"":""CTT_SUM_CONS_ACP"",""Res"":""PT1H"",""Uom"":""KWH"",""ReadTS"":""2026-06-24T01:00:00Z"",""Value"":""3638491.762"",""Count"":""3790827""}"
363;"2026-06-24T00:00:00.000Z";"2026-06-24T01:00:00.000Z";3700906.828;"{""TimeSeriesType"":""CTT_SUM_CONS_ACP"",""Res"":""PT1H"",""Uom"":""KWH"",""ReadTS"":""2026-06-24T00:00:00Z"",""Value"":""3700906.828"",""Count"":""3790827""}"
363;"2026-06-23T23:00:00.000Z";"2026-06-24T00:00:00.000Z";3870412.799;"{""TimeSeriesType"":""CTT_SUM_CONS_ACP"",""Res"":""PT1H"",""Uom"":""KWH"",""ReadTS"":""2026-06-23T23:00:00Z"",""Value"":""3870412.799"",""Count"":""3790827""}"
363;"2026-06-23T22:00:00.000Z";"2026-06-23T23:00:00.000Z";4025967.398;"{""TimeSeriesType"":""CTT_SUM_CONS_ACP"",""Res"":""PT1H"",""Uom"":""KWH"",""ReadTS"":""2026-06-23T22:00:00Z"",""Value"":""4025967.398"",""Count"":""3790827""}"
363;"2026-06-23T21:00:00.000Z";"2026-06-23T22:00:00.000Z";4292699.051;"{""TimeSeriesType"":""CTT_SUM_CONS_ACP"",""Res"":""PT1H"",""Uom"":""KWH"",""ReadTS"":""2026-06-23T21:00:00Z"",""Value"":""4292699.051"",""Count"":""3790827""}"
363;"2026-06-23T20:00:00.000Z";"2026-06-23T21:00:00.000Z";4543222.608;"{""TimeSeriesType"":""CTT_SUM_CONS_ACP"",""Res"":""PT1H"",""Uom"":""KWH"",""ReadTS"":""2026-06-23T20:00:00Z"",""Value"":""4543222.608"",""Count"":""3790415""}"
363;"2026-06-23T19:00:00.000Z";"2026-06-23T20:00:00.000Z";4738617.731;"{""TimeSeriesType"":""CTT_SUM_CONS_ACP"",""Res"":""PT1H"",""Uom"":""KWH"",""ReadTS"":""2026-06-23T19:00:00Z"",""Value"":""4738617.731"",""Count"":""3790415""}"
363;"2026-06-23T18:00:00.000Z";"2026-06-23T19:00:00.000Z";4701967.129;"{""TimeSeriesType"":""CTT_SUM_CONS_ACP"",""Res"":""PT1H"",""Uom"":""KWH"",""ReadTS"":""2026-06-23T18:00:00Z"",""Value"":""4701967.129"",""Count"":""3790415""}"
363;"2026-06-23T17:00:00.000Z";"2026-06-23T18:00:00.000Z";4913040.697;"{""TimeSeriesType"":""CTT_SUM_CONS_ACP"",""Res"":""PT1H"",""Uom"":""KWH"",""ReadTS"":""2026-06-23T17:00:00Z"",""Value"":""4913040.697"",""Count"":""3790414""}"
363;"2026-06-23T16:00:00.000Z";"2026-06-23T17:00:00.000Z";4951149.365;"{""TimeSeriesType"":""CTT_SUM_CONS_ACP"",""Res"":""PT1H"",""Uom"":""KWH"",""ReadTS"":""2026-06-23T16:00:00Z"",""Value"":""4951149.365"",""Count"":""3790414""}"
363;"2026-06-23T15:00:00.000Z";"2026-06-23T16:00:00.000Z";4900528.904;"{""TimeSeriesType"":""CTT_SUM_CONS_ACP"",""Res"":""PT1H"",""Uom"":""KWH"",""ReadTS"":""2026-06-23T15:00:00Z"",""Value"":""4900528.904"",""Count"":""3790414""}"
363;"2026-06-23T14:00:00.000Z";"2026-06-23T15:00:00.000Z";4931140.828;"{""TimeSeriesType"":""CTT_SUM_CONS_ACP"",""Res"":""PT1H"",""Uom"":""KWH"",""ReadTS"":""2026-06-23T14:00:00Z"",""Value"":""4931140.828"",""Count"":""3790412""}"
363;"2026-06-23T13:00:00.000Z";"2026-06-23T14:00:00.000Z";4928363.697;"{""TimeSeriesType"":""CTT_SUM_CONS_ACP"",""Res"":""PT1H"",""Uom"":""KWH"",""ReadTS"":""2026-06-23T13:00:00Z"",""Value"":""4928363.697"",""Count"":""3790404""}"
363;"2026-06-23T12:00:00.000Z";"2026-06-23T13:00:00.000Z";4912718;"{""TimeSeriesType"":""CTT_SUM_CONS_ACP"",""Res"":""PT1H"",""Uom"":""KWH"",""ReadTS"":""2026-06-23T12:00:00Z"",""Value"":""4912718"",""Count"":""3790401""}"
363;"2026-06-23T11:00:00.000Z";"2026-06-23T12:00:00.000Z";4966823.562;"{""TimeSeriesType"":""CTT_SUM_CONS_ACP"",""Res"":""PT1H"",""Uom"":""KWH"",""ReadTS"":""2026-06-23T11:00:00Z"",""Value"":""4966823.562"",""Count"":""3790387""}"
363;"2026-06-23T10:00:00.000Z";"2026-06-23T11:00:00.000Z";5015025.884;"{""TimeSeriesType"":""CTT_SUM_CONS_ACP"",""Res"":""PT1H"",""Uom"":""KWH"",""ReadTS"":""2026-06-23T10:00:00Z"",""Value"":""5015025.884"",""Count"":""3790366""}"
363;"2026-06-23T09:00:00.000Z";"2026-06-23T10:00:00.000Z";5074836.893;"{""TimeSeriesType"":""CTT_SUM_CONS_ACP"",""Res"":""PT1H"",""Uom"":""KWH"",""ReadTS"":""2026-06-23T09:00:00Z"",""Value"":""5074836.893"",""Count"":""3790344""}"
363;"2026-06-23T08:00:00.000Z";"2026-06-23T09:00:00.000Z";5041501.436;"{""TimeSeriesType"":""CTT_SUM_CONS_ACP"",""Res"":""PT1H"",""Uom"":""KWH"",""ReadTS"":""2026-06-23T08:00:00Z"",""Value"":""5041501.436"",""Count"":""3790336""}"
363;"2026-06-23T07:00:00.000Z";"2026-06-23T08:00:00.000Z";4992046.006;"{""TimeSeriesType"":""CTT_SUM_CONS_ACP"",""Res"":""PT1H"",""Uom"":""KWH"",""ReadTS"":""2026-06-23T07:00:00Z"",""Value"":""4992046.006"",""Count"":""3790340""}"
363;"2026-06-23T06:00:00.000Z";"2026-06-23T07:00:00.000Z";4924347.35;"{""TimeSeriesType"":""CTT_SUM_CONS_ACP"",""Res"":""PT1H"",""Uom"":""KWH"",""ReadTS"":""2026-06-23T06:00:00Z"",""Value"":""4924347.35"",""Count"":""3790362""}"
363;"2026-06-23T05:00:00.000Z";"2026-06-23T06:00:00.000Z";4768827.921;"{""TimeSeriesType"":""CTT_SUM_CONS_ACP"",""Res"":""PT1H"",""Uom"":""KWH"",""ReadTS"":""2026-06-23T05:00:00Z"",""Value"":""4768827.921"",""Count"":""3790454""}"
363;"2026-06-23T04:00:00.000Z";"2026-06-23T05:00:00.000Z";4558336.421;"{""TimeSeriesType"":""CTT_SUM_CONS_ACP"",""Res"":""PT1H"",""Uom"":""KWH"",""ReadTS"":""2026-06-23T04:00:00Z"",""Value"":""4558336.421"",""Count"":""3790496""}"
363;"2026-06-23T03:00:00.000Z";"2026-06-23T04:00:00.000Z";4206513.848;"{""TimeSeriesType"":""CTT_SUM_CONS_ACP"",""Res"":""PT1H"",""Uom"":""KWH"",""ReadTS"":""2026-06-23T03:00:00Z"",""Value"":""4206513.848"",""Count"":""3790502""}"
363;"2026-06-23T02:00:00.000Z";"2026-06-23T03:00:00.000Z";3743451.879;"{""TimeSeriesType"":""CTT_SUM_CONS_ACP"",""Res"":""PT1H"",""Uom"":""KWH"",""ReadTS"":""2026-06-23T02:00:00Z"",""Value"":""3743451.879"",""Count"":""3790505""}"
363;"2026-06-23T01:00:00.000Z";"2026-06-23T02:00:00.000Z";3630379.466;"{""TimeSeriesType"":""CTT_SUM_CONS_ACP"",""Res"":""PT1H"",""Uom"":""KWH"",""ReadTS"":""2026-06-23T01:00:00Z"",""Value"":""3630379.466"",""Count"":""3790527""}"
363;"2026-06-23T00:00:00.000Z";"2026-06-23T01:00:00.000Z";3709982.987;"{""TimeSeriesType"":""CTT_SUM_CONS_ACP"",""Res"":""PT1H"",""Uom"":""KWH"",""ReadTS"":""2026-06-23T00:00:00Z"",""Value"":""3709982.987"",""Count"":""3790527""}"
363;"2026-06-22T23:00:00.000Z";"2026-06-23T00:00:00.000Z";3880927.167;"{""TimeSeriesType"":""CTT_SUM_CONS_ACP"",""Res"":""PT1H"",""Uom"":""KWH"",""ReadTS"":""2026-06-22T23:00:00Z"",""Value"":""3880927.167"",""Count"":""3790523""}"
363;"2026-06-22T22:00:00.000Z";"2026-06-22T23:00:00.000Z";4045170.177;"{""TimeSeriesType"":""CTT_SUM_CONS_ACP"",""Res"":""PT1H"",""Uom"":""KWH"",""ReadTS"":""2026-06-22T22:00:00Z"",""Value"":""4045170.177"",""Count"":""3790523""}"
363;"2026-06-22T21:00:00.000Z";"2026-06-22T22:00:00.000Z";4224406.324;"{""TimeSeriesType"":""CTT_SUM_CONS_ACP"",""Res"":""PT1H"",""Uom"":""KWH"",""ReadTS"":""2026-06-22T21:00:00Z"",""Value"":""4224406.324"",""Count"":""3790524""}"
363;"2026-06-22T20:00:00.000Z";"2026-06-22T21:00:00.000Z";4521772.25;"{""TimeSeriesType"":""CTT_SUM_CONS_ACP"",""Res"":""PT1H"",""Uom"":""KWH"",""ReadTS"":""2026-06-22T20:00:00Z"",""Value"":""4521772.25"",""Count"":""3790258""}"
363;"2026-06-22T19:00:00.000Z";"2026-06-22T20:00:00.000Z";4726780.072;"{""TimeSeriesType"":""CTT_SUM_CONS_ACP"",""Res"":""PT1H"",""Uom"":""KWH"",""ReadTS"":""2026-06-22T19:00:00Z"",""Value"":""4726780.072"",""Count"":""3790258""}"
363;"2026-06-22T18:00:00.000Z";"2026-06-22T19:00:00.000Z";4713761.236;"{""TimeSeriesType"":""CTT_SUM_CONS_ACP"",""Res"":""PT1H"",""Uom"":""KWH"",""ReadTS"":""2026-06-22T18:00:00Z"",""Value"":""4713761.236"",""Count"":""3790258""}"
363;"2026-06-22T17:00:00.000Z";"2026-06-22T18:00:00.000Z";4900961.116;"{""TimeSeriesType"":""CTT_SUM_CONS_ACP"",""Res"":""PT1H"",""Uom"":""KWH"",""ReadTS"":""2026-06-22T17:00:00Z"",""Value"":""4900961.116"",""Count"":""3790257""}"
363;"2026-06-22T16:00:00.000Z";"2026-06-22T17:00:00.000Z";4934274.701;"{""TimeSeriesType"":""CTT_SUM_CONS_ACP"",""Res"":""PT1H"",""Uom"":""KWH"",""ReadTS"":""2026-06-22T16:00:00Z"",""Value"":""4934274.701"",""Count"":""3790257""}"
363;"2026-06-22T15:00:00.000Z";"2026-06-22T16:00:00.000Z";4880987.505;"{""TimeSeriesType"":""CTT_SUM_CONS_ACP"",""Res"":""PT1H"",""Uom"":""KWH"",""ReadTS"":""2026-06-22T15:00:00Z"",""Value"":""4880987.505"",""Count"":""3790256""}"
363;"2026-06-22T14:00:00.000Z";"2026-06-22T15:00:00.000Z";4888914.191;"{""TimeSeriesType"":""CTT_SUM_CONS_ACP"",""Res"":""PT1H"",""Uom"":""KWH"",""ReadTS"":""2026-06-22T14:00:00Z"",""Value"":""4888914.191"",""Count"":""3790255""}"
363;"2026-06-22T13:00:00.000Z";"2026-06-22T14:00:00.000Z";4898807.713;"{""TimeSeriesType"":""CTT_SUM_CONS_ACP"",""Res"":""PT1H"",""Uom"":""KWH"",""ReadTS"":""2026-06-22T13:00:00Z"",""Value"":""4898807.713"",""Count"":""3790250""}"
363;"2026-06-22T12:00:00.000Z";"2026-06-22T13:00:00.000Z";4930711.971;"{""TimeSeriesType"":""CTT_SUM_CONS_ACP"",""Res"":""PT1H"",""Uom"":""KWH"",""ReadTS"":""2026-06-22T12:00:00Z"",""Value"":""4930711.971"",""Count"":""3790245""}"
363;"2026-06-22T11:00:00.000Z";"2026-06-22T12:00:00.000Z";4987547.707;"{""TimeSeriesType"":""CTT_SUM_CONS_ACP"",""Res"":""PT1H"",""Uom"":""KWH"",""ReadTS"":""2026-06-22T11:00:00Z"",""Value"":""4987547.707"",""Count"":""3790231""}"
363;"2026-06-22T10:00:00.000Z";"2026-06-22T11:00:00.000Z";5032244.345;"{""TimeSeriesType"":""CTT_SUM_CONS_ACP"",""Res"":""PT1H"",""Uom"":""KWH"",""ReadTS"":""2026-06-22T10:00:00Z"",""Value"":""5032244.345"",""Count"":""3790211""}"
363;"2026-06-22T09:00:00.000Z";"2026-06-22T10:00:00.000Z";5081453.846;"{""TimeSeriesType"":""CTT_SUM_CONS_ACP"",""Res"":""PT1H"",""Uom"":""KWH"",""ReadTS"":""2026-06-22T09:00:00Z"",""Value"":""5081453.846"",""Count"":""3790166""}"
363;"2026-06-22T08:00:00.000Z";"2026-06-22T09:00:00.000Z";5057209.442;"{""TimeSeriesType"":""CTT_SUM_CONS_ACP"",""Res"":""PT1H"",""Uom"":""KWH"",""ReadTS"":""2026-06-22T08:00:00Z"",""Value"":""5057209.442"",""Count"":""3790159""}"
363;"2026-06-22T07:00:00.000Z";"2026-06-22T08:00:00.000Z";4989010.349;"{""TimeSeriesType"":""CTT_SUM_CONS_ACP"",""Res"":""PT1H"",""Uom"":""KWH"",""ReadTS"":""2026-06-22T07:00:00Z"",""Value"":""4989010.349"",""Count"":""3790145""}"
363;"2026-06-22T06:00:00.000Z";"2026-06-22T07:00:00.000Z";4912140.815;"{""TimeSeriesType"":""CTT_SUM_CONS_ACP"",""Res"":""PT1H"",""Uom"":""KWH"",""ReadTS"":""2026-06-22T06:00:00Z"",""Value"":""4912140.815"",""Count"":""3790139""}"
363;"2026-06-22T05:00:00.000Z";"2026-06-22T06:00:00.000Z";4749276.932;"{""TimeSeriesType"":""CTT_SUM_CONS_ACP"",""Res"":""PT1H"",""Uom"":""KWH"",""ReadTS"":""2026-06-22T05:00:00Z"",""Value"":""4749276.932"",""Count"":""3790277""}"
363;"2026-06-22T04:00:00.000Z";"2026-06-22T05:00:00.000Z";4483848.216;"{""TimeSeriesType"":""CTT_SUM_CONS_ACP"",""Res"":""PT1H"",""Uom"":""KWH"",""ReadTS"":""2026-06-22T04:00:00Z"",""Value"":""4483848.216"",""Count"":""3790317""}"
363;"2026-06-22T03:00:00.000Z";"2026-06-22T04:00:00.000Z";4114292.537;"{""TimeSeriesType"":""CTT_SUM_CONS_ACP"",""Res"":""PT1H"",""Uom"":""KWH"",""ReadTS"":""2026-06-22T03:00:00Z"",""Value"":""4114292.537"",""Count"":""3790321""}"
363;"2026-06-22T02:00:00.000Z";"2026-06-22T03:00:00.000Z";3649414.28;"{""TimeSeriesType"":""CTT_SUM_CONS_ACP"",""Res"":""PT1H"",""Uom"":""KWH"",""ReadTS"":""2026-06-22T02:00:00Z"",""Value"":""3649414.28"",""Count"":""3790323""}"
363;"2026-06-22T01:00:00.000Z";"2026-06-22T02:00:00.000Z";3547528.057;"{""TimeSeriesType"":""CTT_SUM_CONS_ACP"",""Res"":""PT1H"",""Uom"":""KWH"",""ReadTS"":""2026-06-22T01:00:00Z"",""Value"":""3547528.057"",""Count"":""3790345""}"
363;"2026-06-22T00:00:00.000Z";"2026-06-22T01:00:00.000Z";3602807.784;"{""TimeSeriesType"":""CTT_SUM_CONS_ACP"",""Res"":""PT1H"",""Uom"":""KWH"",""ReadTS"":""2026-06-22T00:00:00Z"",""Value"":""3602807.784"",""Count"":""3790345""}"
363;"2026-06-21T23:00:00.000Z";"2026-06-22T00:00:00.000Z";3718707.557;"{""TimeSeriesType"":""CTT_SUM_CONS_ACP"",""Res"":""PT1H"",""Uom"":""KWH"",""ReadTS"":""2026-06-21T23:00:00Z"",""Value"":""3718707.557"",""Count"":""3790351""}"
363;"2026-06-21T22:00:00.000Z";"2026-06-21T23:00:00.000Z";3865677.453;"{""TimeSeriesType"":""CTT_SUM_CONS_ACP"",""Res"":""PT1H"",""Uom"":""KWH"",""ReadTS"":""2026-06-21T22:00:00Z"",""Value"":""3865677.453"",""Count"":""3790351""}"
363;"2026-06-21T21:00:00.000Z";"2026-06-21T22:00:00.000Z";4132048.704;"{""TimeSeriesType"":""CTT_SUM_CONS_ACP"",""Res"":""PT1H"",""Uom"":""KWH"",""ReadTS"":""2026-06-21T21:00:00Z"",""Value"":""4132048.704"",""Count"":""3790350""}"
363;"2026-06-21T20:00:00.000Z";"2026-06-21T21:00:00.000Z";4406912.623;"{""TimeSeriesType"":""CTT_SUM_CONS_ACP"",""Res"":""PT1H"",""Uom"":""KWH"",""ReadTS"":""2026-06-21T20:00:00Z"",""Value"":""4406912.623"",""Count"":""3789382""}"
363;"2026-06-21T19:00:00.000Z";"2026-06-21T20:00:00.000Z";4527423.855;"{""TimeSeriesType"":""CTT_SUM_CONS_ACP"",""Res"":""PT1H"",""Uom"":""KWH"",""ReadTS"":""2026-06-21T19:00:00Z"",""Value"":""4527423.855"",""Count"":""3789382""}"
363;"2026-06-21T18:00:00.000Z";"2026-06-21T19:00:00.000Z";4422756.685;"{""TimeSeriesType"":""CTT_SUM_CONS_ACP"",""Res"":""PT1H"",""Uom"":""KWH"",""ReadTS"":""2026-06-21T18:00:00Z"",""Value"":""4422756.685"",""Count"":""3789383""}"
363;"2026-06-21T17:00:00.000Z";"2026-06-21T18:00:00.000Z";4581620.218;"{""TimeSeriesType"":""CTT_SUM_CONS_ACP"",""Res"":""PT1H"",""Uom"":""KWH"",""ReadTS"":""2026-06-21T17:00:00Z"",""Value"":""4581620.218"",""Count"":""3789383""}"
363;"2026-06-21T16:00:00.000Z";"2026-06-21T17:00:00.000Z";4569540.852;"{""TimeSeriesType"":""CTT_SUM_CONS_ACP"",""Res"":""PT1H"",""Uom"":""KWH"",""ReadTS"":""2026-06-21T16:00:00Z"",""Value"":""4569540.852"",""Count"":""3789383""}"
363;"2026-06-21T15:00:00.000Z";"2026-06-21T16:00:00.000Z";4473126.081;"{""TimeSeriesType"":""CTT_SUM_CONS_ACP"",""Res"":""PT1H"",""Uom"":""KWH"",""ReadTS"":""2026-06-21T15:00:00Z"",""Value"":""4473126.081"",""Count"":""3789383""}"
363;"2026-06-21T14:00:00.000Z";"2026-06-21T15:00:00.000Z";4398079.594;"{""TimeSeriesType"":""CTT_SUM_CONS_ACP"",""Res"":""PT1H"",""Uom"":""KWH"",""ReadTS"":""2026-06-21T14:00:00Z"",""Value"":""4398079.594"",""Count"":""3789383""}"
363;"2026-06-21T13:00:00.000Z";"2026-06-21T14:00:00.000Z";4332454.089;"{""TimeSeriesType"":""CTT_SUM_CONS_ACP"",""Res"":""PT1H"",""Uom"":""KWH"",""ReadTS"":""2026-06-21T13:00:00Z"",""Value"":""4332454.089"",""Count"":""3789383""}"
363;"2026-06-21T12:00:00.000Z";"2026-06-21T13:00:00.000Z";4256137.147;"{""TimeSeriesType"":""CTT_SUM_CONS_ACP"",""Res"":""PT1H"",""Uom"":""KWH"",""ReadTS"":""2026-06-21T12:00:00Z"",""Value"":""4256137.147"",""Count"":""3789383""}"
363;"2026-06-21T11:00:00.000Z";"2026-06-21T12:00:00.000Z";4235144.886;"{""TimeSeriesType"":""CTT_SUM_CONS_ACP"",""Res"":""PT1H"",""Uom"":""KWH"",""ReadTS"":""2026-06-21T11:00:00Z"",""Value"":""4235144.886"",""Count"":""3789383""}"
363;"2026-06-21T10:00:00.000Z";"2026-06-21T11:00:00.000Z";4212403.884;"{""TimeSeriesType"":""CTT_SUM_CONS_ACP"",""Res"":""PT1H"",""Uom"":""KWH"",""ReadTS"":""2026-06-21T10:00:00Z"",""Value"":""4212403.884"",""Count"":""3789383""}"
363;"2026-06-21T09:00:00.000Z";"2026-06-21T10:00:00.000Z";4179115.722;"{""TimeSeriesType"":""CTT_SUM_CONS_ACP"",""Res"":""PT1H"",""Uom"":""KWH"",""ReadTS"":""2026-06-21T09:00:00Z"",""Value"":""4179115.722"",""Count"":""3789383""}"
363;"2026-06-21T08:00:00.000Z";"2026-06-21T09:00:00.000Z";4111259.281;"{""TimeSeriesType"":""CTT_SUM_CONS_ACP"",""Res"":""PT1H"",""Uom"":""KWH"",""ReadTS"":""2026-06-21T08:00:00Z"",""Value"":""4111259.281"",""Count"":""3789383""}"
363;"2026-06-21T07:00:00.000Z";"2026-06-21T08:00:00.000Z";3963632.51;"{""TimeSeriesType"":""CTT_SUM_CONS_ACP"",""Res"":""PT1H"",""Uom"":""KWH"",""ReadTS"":""2026-06-21T07:00:00Z"",""Value"":""3963632.51"",""Count"":""3789383""}"
363;"2026-06-21T06:00:00.000Z";"2026-06-21T07:00:00.000Z";3778828.04;"{""TimeSeriesType"":""CTT_SUM_CONS_ACP"",""Res"":""PT1H"",""Uom"":""KWH"",""ReadTS"":""2026-06-21T06:00:00Z"",""Value"":""3778828.04"",""Count"":""3789383""}"
363;"2026-06-21T05:00:00.000Z";"2026-06-21T06:00:00.000Z";3568826.569;"{""TimeSeriesType"":""CTT_SUM_CONS_ACP"",""Res"":""PT1H"",""Uom"":""KWH"",""ReadTS"":""2026-06-21T05:00:00Z"",""Value"":""3568826.569"",""Count"":""3789383""}"
363;"2026-06-21T04:00:00.000Z";"2026-06-21T05:00:00.000Z";3400188.242;"{""TimeSeriesType"":""CTT_SUM_CONS_ACP"",""Res"":""PT1H"",""Uom"":""KWH"",""ReadTS"":""2026-06-21T04:00:00Z"",""Value"":""3400188.242"",""Count"":""3789383""}"
363;"2026-06-21T03:00:00.000Z";"2026-06-21T04:00:00.000Z";3313057.854;"{""TimeSeriesType"":""CTT_SUM_CONS_ACP"",""Res"":""PT1H"",""Uom"":""KWH"",""ReadTS"":""2026-06-21T03:00:00Z"",""Value"":""3313057.854"",""Count"":""3789383""}"
363;"2026-06-21T02:00:00.000Z";"2026-06-21T03:00:00.000Z";3261937.494;"{""TimeSeriesType"":""CTT_SUM_CONS_ACP"",""Res"":""PT1H"",""Uom"":""KWH"",""ReadTS"":""2026-06-21T02:00:00Z"",""Value"":""3261937.494"",""Count"":""3789383""}"
363;"2026-06-21T01:00:00.000Z";"2026-06-21T02:00:00.000Z";3298135.086;"{""TimeSeriesType"":""CTT_SUM_CONS_ACP"",""Res"":""PT1H"",""Uom"":""KWH"",""ReadTS"":""2026-06-21T01:00:00Z"",""Value"":""3298135.086"",""Count"":""3789383""}"
363;"2026-06-21T00:00:00.000Z";"2026-06-21T01:00:00.000Z";3426256.27;"{""TimeSeriesType"":""CTT_SUM_CONS_ACP"",""Res"":""PT1H"",""Uom"":""KWH"",""ReadTS"":""2026-06-21T00:00:00Z"",""Value"":""3426256.27"",""Count"":""3789383""}"
363;"2026-06-20T23:00:00.000Z";"2026-06-21T00:00:00.000Z";3579908.367;"{""TimeSeriesType"":""CTT_SUM_CONS_ACP"",""Res"":""PT1H"",""Uom"":""KWH"",""ReadTS"":""2026-06-20T23:00:00Z"",""Value"":""3579908.367"",""Count"":""3789375""}"
363;"2026-06-20T22:00:00.000Z";"2026-06-20T23:00:00.000Z";3730379.986;"{""TimeSeriesType"":""CTT_SUM_CONS_ACP"",""Res"":""PT1H"",""Uom"":""KWH"",""ReadTS"":""2026-06-20T22:00:00Z"",""Value"":""3730379.986"",""Count"":""3789375""}"
363;"2026-06-20T21:00:00.000Z";"2026-06-20T22:00:00.000Z";3981384.271;"{""TimeSeriesType"":""CTT_SUM_CONS_ACP"",""Res"":""PT1H"",""Uom"":""KWH"",""ReadTS"":""2026-06-20T21:00:00Z"",""Value"":""3981384.271"",""Count"":""3789376""}"
363;"2026-06-20T20:00:00.000Z";"2026-06-20T21:00:00.000Z";4237544.4;"{""TimeSeriesType"":""CTT_SUM_CONS_ACP"",""Res"":""PT1H"",""Uom"":""KWH"",""ReadTS"":""2026-06-20T20:00:00Z"",""Value"":""4237544.4"",""Count"":""3789416""}"
363;"2026-06-20T19:00:00.000Z";"2026-06-20T20:00:00.000Z";4356191.248;"{""TimeSeriesType"":""CTT_SUM_CONS_ACP"",""Res"":""PT1H"",""Uom"":""KWH"",""ReadTS"":""2026-06-20T19:00:00Z"",""Value"":""4356191.248"",""Count"":""3789417""}"
363;"2026-06-20T18:00:00.000Z";"2026-06-20T19:00:00.000Z";4257415.275;"{""TimeSeriesType"":""CTT_SUM_CONS_ACP"",""Res"":""PT1H"",""Uom"":""KWH"",""ReadTS"":""2026-06-20T18:00:00Z"",""Value"":""4257415.275"",""Count"":""3789417""}"
363;"2026-06-20T17:00:00.000Z";"2026-06-20T18:00:00.000Z";4403239.732;"{""TimeSeriesType"":""CTT_SUM_CONS_ACP"",""Res"":""PT1H"",""Uom"":""KWH"",""ReadTS"":""2026-06-20T17:00:00Z"",""Value"":""4403239.732"",""Count"":""3789417""}"
363;"2026-06-20T16:00:00.000Z";"2026-06-20T17:00:00.000Z";4451037.541;"{""TimeSeriesType"":""CTT_SUM_CONS_ACP"",""Res"":""PT1H"",""Uom"":""KWH"",""ReadTS"":""2026-06-20T16:00:00Z"",""Value"":""4451037.541"",""Count"":""3789417""}"
363;"2026-06-20T15:00:00.000Z";"2026-06-20T16:00:00.000Z";4402941.668;"{""TimeSeriesType"":""CTT_SUM_CONS_ACP"",""Res"":""PT1H"",""Uom"":""KWH"",""ReadTS"":""2026-06-20T15:00:00Z"",""Value"":""4402941.668"",""Count"":""3789417""}"
363;"2026-06-20T14:00:00.000Z";"2026-06-20T15:00:00.000Z";4328876.244;"{""TimeSeriesType"":""CTT_SUM_CONS_ACP"",""Res"":""PT1H"",""Uom"":""KWH"",""ReadTS"":""2026-06-20T14:00:00Z"",""Value"":""4328876.244"",""Count"":""3789417""}"
363;"2026-06-20T13:00:00.000Z";"2026-06-20T14:00:00.000Z";4282173.556;"{""TimeSeriesType"":""CTT_SUM_CONS_ACP"",""Res"":""PT1H"",""Uom"":""KWH"",""ReadTS"":""2026-06-20T13:00:00Z"",""Value"":""4282173.556"",""Count"":""3789417""}"
363;"2026-06-20T12:00:00.000Z";"2026-06-20T13:00:00.000Z";4234736.279;"{""TimeSeriesType"":""CTT_SUM_CONS_ACP"",""Res"":""PT1H"",""Uom"":""KWH"",""ReadTS"":""2026-06-20T12:00:00Z"",""Value"":""4234736.279"",""Count"":""3789417""}"
363;"2026-06-20T11:00:00.000Z";"2026-06-20T12:00:00.000Z";4162189.89;"{""TimeSeriesType"":""CTT_SUM_CONS_ACP"",""Res"":""PT1H"",""Uom"":""KWH"",""ReadTS"":""2026-06-20T11:00:00Z"",""Value"":""4162189.89"",""Count"":""3789417""}"
363;"2026-06-20T10:00:00.000Z";"2026-06-20T11:00:00.000Z";4127592.457;"{""TimeSeriesType"":""CTT_SUM_CONS_ACP"",""Res"":""PT1H"",""Uom"":""KWH"",""ReadTS"":""2026-06-20T10:00:00Z"",""Value"":""4127592.457"",""Count"":""3789417""}"
363;"2026-06-20T09:00:00.000Z";"2026-06-20T10:00:00.000Z";4111402.557;"{""TimeSeriesType"":""CTT_SUM_CONS_ACP"",""Res"":""PT1H"",""Uom"":""KWH"",""ReadTS"":""2026-06-20T09:00:00Z"",""Value"":""4111402.557"",""Count"":""3789417""}"
363;"2026-06-20T08:00:00.000Z";"2026-06-20T09:00:00.000Z";4062234.555;"{""TimeSeriesType"":""CTT_SUM_CONS_ACP"",""Res"":""PT1H"",""Uom"":""KWH"",""ReadTS"":""2026-06-20T08:00:00Z"",""Value"":""4062234.555"",""Count"":""3789417""}"
363;"2026-06-20T07:00:00.000Z";"2026-06-20T08:00:00.000Z";3893544.422;"{""TimeSeriesType"":""CTT_SUM_CONS_ACP"",""Res"":""PT1H"",""Uom"":""KWH"",""ReadTS"":""2026-06-20T07:00:00Z"",""Value"":""3893544.422"",""Count"":""3789417""}"
363;"2026-06-20T06:00:00.000Z";"2026-06-20T07:00:00.000Z";3730331.055;"{""TimeSeriesType"":""CTT_SUM_CONS_ACP"",""Res"":""PT1H"",""Uom"":""KWH"",""ReadTS"":""2026-06-20T06:00:00Z"",""Value"":""3730331.055"",""Count"":""3789417""}"
363;"2026-06-20T05:00:00.000Z";"2026-06-20T06:00:00.000Z";3565705.404;"{""TimeSeriesType"":""CTT_SUM_CONS_ACP"",""Res"":""PT1H"",""Uom"":""KWH"",""ReadTS"":""2026-06-20T05:00:00Z"",""Value"":""3565705.404"",""Count"":""3789417""}"
363;"2026-06-20T04:00:00.000Z";"2026-06-20T05:00:00.000Z";3437668.99;"{""TimeSeriesType"":""CTT_SUM_CONS_ACP"",""Res"":""PT1H"",""Uom"":""KWH"",""ReadTS"":""2026-06-20T04:00:00Z"",""Value"":""3437668.99"",""Count"":""3789417""}"
363;"2026-06-20T03:00:00.000Z";"2026-06-20T04:00:00.000Z";3409798.677;"{""TimeSeriesType"":""CTT_SUM_CONS_ACP"",""Res"":""PT1H"",""Uom"":""KWH"",""ReadTS"":""2026-06-20T03:00:00Z"",""Value"":""3409798.677"",""Count"":""3789417""}"
363;"2026-06-20T02:00:00.000Z";"2026-06-20T03:00:00.000Z";3380076.787;"{""TimeSeriesType"":""CTT_SUM_CONS_ACP"",""Res"":""PT1H"",""Uom"":""KWH"",""ReadTS"":""2026-06-20T02:00:00Z"",""Value"":""3380076.787"",""Count"":""3789417""}"
363;"2026-06-20T01:00:00.000Z";"2026-06-20T02:00:00.000Z";3381878.932;"{""TimeSeriesType"":""CTT_SUM_CONS_ACP"",""Res"":""PT1H"",""Uom"":""KWH"",""ReadTS"":""2026-06-20T01:00:00Z"",""Value"":""3381878.932"",""Count"":""3789419""}"
363;"2026-06-20T00:00:00.000Z";"2026-06-20T01:00:00.000Z";3471060.598;"{""TimeSeriesType"":""CTT_SUM_CONS_ACP"",""Res"":""PT1H"",""Uom"":""KWH"",""ReadTS"":""2026-06-20T00:00:00Z"",""Value"":""3471060.598"",""Count"":""3789419""}"
363;"2026-06-19T23:00:00.000Z";"2026-06-20T00:00:00.000Z";3608243.091;"{""TimeSeriesType"":""CTT_SUM_CONS_ACP"",""Res"":""PT1H"",""Uom"":""KWH"",""ReadTS"":""2026-06-19T23:00:00Z"",""Value"":""3608243.091"",""Count"":""3789417""}"
363;"2026-06-19T22:00:00.000Z";"2026-06-19T23:00:00.000Z";3780975.741;"{""TimeSeriesType"":""CTT_SUM_CONS_ACP"",""Res"":""PT1H"",""Uom"":""KWH"",""ReadTS"":""2026-06-19T22:00:00Z"",""Value"":""3780975.741"",""Count"":""3789417""}"
363;"2026-06-19T21:00:00.000Z";"2026-06-19T22:00:00.000Z";3999300.345;"{""TimeSeriesType"":""CTT_SUM_CONS_ACP"",""Res"":""PT1H"",""Uom"":""KWH"",""ReadTS"":""2026-06-19T21:00:00Z"",""Value"":""3999300.345"",""Count"":""3789417""}"
363;"2026-06-19T20:00:00.000Z";"2026-06-19T21:00:00.000Z";4221866.295;"{""TimeSeriesType"":""CTT_SUM_CONS_ACP"",""Res"":""PT1H"",""Uom"":""KWH"",""ReadTS"":""2026-06-19T20:00:00Z"",""Value"":""4221866.295"",""Count"":""3789596""}"
363;"2026-06-19T19:00:00.000Z";"2026-06-19T20:00:00.000Z";4254393.959;"{""TimeSeriesType"":""CTT_SUM_CONS_ACP"",""Res"":""PT1H"",""Uom"":""KWH"",""ReadTS"":""2026-06-19T19:00:00Z"",""Value"":""4254393.959"",""Count"":""3789596""}"
363;"2026-06-19T18:00:00.000Z";"2026-06-19T19:00:00.000Z";4085558.339;"{""TimeSeriesType"":""CTT_SUM_CONS_ACP"",""Res"":""PT1H"",""Uom"":""KWH"",""ReadTS"":""2026-06-19T18:00:00Z"",""Value"":""4085558.339"",""Count"":""3789596""}"
363;"2026-06-19T17:00:00.000Z";"2026-06-19T18:00:00.000Z";4215903.392;"{""TimeSeriesType"":""CTT_SUM_CONS_ACP"",""Res"":""PT1H"",""Uom"":""KWH"",""ReadTS"":""2026-06-19T17:00:00Z"",""Value"":""4215903.392"",""Count"":""3789596""}"
363;"2026-06-19T16:00:00.000Z";"2026-06-19T17:00:00.000Z";4252050.686;"{""TimeSeriesType"":""CTT_SUM_CONS_ACP"",""Res"":""PT1H"",""Uom"":""KWH"",""ReadTS"":""2026-06-19T16:00:00Z"",""Value"":""4252050.686"",""Count"":""3789596""}"
363;"2026-06-19T15:00:00.000Z";"2026-06-19T16:00:00.000Z";4269534.302;"{""TimeSeriesType"":""CTT_SUM_CONS_ACP"",""Res"":""PT1H"",""Uom"":""KWH"",""ReadTS"":""2026-06-19T15:00:00Z"",""Value"":""4269534.302"",""Count"":""3789596""}"
363;"2026-06-19T14:00:00.000Z";"2026-06-19T15:00:00.000Z";4297808.627;"{""TimeSeriesType"":""CTT_SUM_CONS_ACP"",""Res"":""PT1H"",""Uom"":""KWH"",""ReadTS"":""2026-06-19T14:00:00Z"",""Value"":""4297808.627"",""Count"":""3789596""}"
363;"2026-06-19T13:00:00.000Z";"2026-06-19T14:00:00.000Z";4314142.253;"{""TimeSeriesType"":""CTT_SUM_CONS_ACP"",""Res"":""PT1H"",""Uom"":""KWH"",""ReadTS"":""2026-06-19T13:00:00Z"",""Value"":""4314142.253"",""Count"":""3789596""}"
363;"2026-06-19T12:00:00.000Z";"2026-06-19T13:00:00.000Z";4296087.028;"{""TimeSeriesType"":""CTT_SUM_CONS_ACP"",""Res"":""PT1H"",""Uom"":""KWH"",""ReadTS"":""2026-06-19T12:00:00Z"",""Value"":""4296087.028"",""Count"":""3789595""}"
363;"2026-06-19T11:00:00.000Z";"2026-06-19T12:00:00.000Z";4288160.993;"{""TimeSeriesType"":""CTT_SUM_CONS_ACP"",""Res"":""PT1H"",""Uom"":""KWH"",""ReadTS"":""2026-06-19T11:00:00Z"",""Value"":""4288160.993"",""Count"":""3789595""}"
363;"2026-06-19T10:00:00.000Z";"2026-06-19T11:00:00.000Z";4298926.173;"{""TimeSeriesType"":""CTT_SUM_CONS_ACP"",""Res"":""PT1H"",""Uom"":""KWH"",""ReadTS"":""2026-06-19T10:00:00Z"",""Value"":""4298926.173"",""Count"":""3789594""}"
363;"2026-06-19T09:00:00.000Z";"2026-06-19T10:00:00.000Z";4266669.536;"{""TimeSeriesType"":""CTT_SUM_CONS_ACP"",""Res"":""PT1H"",""Uom"":""KWH"",""ReadTS"":""2026-06-19T09:00:00Z"",""Value"":""4266669.536"",""Count"":""3789594""}"
363;"2026-06-19T08:00:00.000Z";"2026-06-19T09:00:00.000Z";4251841.742;"{""TimeSeriesType"":""CTT_SUM_CONS_ACP"",""Res"":""PT1H"",""Uom"":""KWH"",""ReadTS"":""2026-06-19T08:00:00Z"",""Value"":""4251841.742"",""Count"":""3789594""}"
363;"2026-06-19T07:00:00.000Z";"2026-06-19T08:00:00.000Z";4191683.403;"{""TimeSeriesType"":""CTT_SUM_CONS_ACP"",""Res"":""PT1H"",""Uom"":""KWH"",""ReadTS"":""2026-06-19T07:00:00Z"",""Value"":""4191683.403"",""Count"":""3789594""}"
363;"2026-06-19T06:00:00.000Z";"2026-06-19T07:00:00.000Z";4083427.469;"{""TimeSeriesType"":""CTT_SUM_CONS_ACP"",""Res"":""PT1H"",""Uom"":""KWH"",""ReadTS"":""2026-06-19T06:00:00Z"",""Value"":""4083427.469"",""Count"":""3789594""}"
363;"2026-06-19T05:00:00.000Z";"2026-06-19T06:00:00.000Z";3937269.023;"{""TimeSeriesType"":""CTT_SUM_CONS_ACP"",""Res"":""PT1H"",""Uom"":""KWH"",""ReadTS"":""2026-06-19T05:00:00Z"",""Value"":""3937269.023"",""Count"":""3789594""}"
363;"2026-06-19T04:00:00.000Z";"2026-06-19T05:00:00.000Z";3791529.823;"{""TimeSeriesType"":""CTT_SUM_CONS_ACP"",""Res"":""PT1H"",""Uom"":""KWH"",""ReadTS"":""2026-06-19T04:00:00Z"",""Value"":""3791529.823"",""Count"":""3789592""}"
363;"2026-06-19T03:00:00.000Z";"2026-06-19T04:00:00.000Z";3688596.67;"{""TimeSeriesType"":""CTT_SUM_CONS_ACP"",""Res"":""PT1H"",""Uom"":""KWH"",""ReadTS"":""2026-06-19T03:00:00Z"",""Value"":""3688596.67"",""Count"":""3789592""}"
363;"2026-06-19T02:00:00.000Z";"2026-06-19T03:00:00.000Z";3579030.35;"{""TimeSeriesType"":""CTT_SUM_CONS_ACP"",""Res"":""PT1H"",""Uom"":""KWH"",""ReadTS"":""2026-06-19T02:00:00Z"",""Value"":""3579030.35"",""Count"":""3789592""}"
363;"2026-06-19T01:00:00.000Z";"2026-06-19T02:00:00.000Z";3573245.389;"{""TimeSeriesType"":""CTT_SUM_CONS_ACP"",""Res"":""PT1H"",""Uom"":""KWH"",""ReadTS"":""2026-06-19T01:00:00Z"",""Value"":""3573245.389"",""Count"":""3789594""}"
363;"2026-06-19T00:00:00.000Z";"2026-06-19T01:00:00.000Z";3699781.163;"{""TimeSeriesType"":""CTT_SUM_CONS_ACP"",""Res"":""PT1H"",""Uom"":""KWH"",""ReadTS"":""2026-06-19T00:00:00Z"",""Value"":""3699781.163"",""Count"":""3789594""}"
363;"2026-06-18T23:00:00.000Z";"2026-06-19T00:00:00.000Z";3837548.831;"{""TimeSeriesType"":""CTT_SUM_CONS_ACP"",""Res"":""PT1H"",""Uom"":""KWH"",""ReadTS"":""2026-06-18T23:00:00Z"",""Value"":""3837548.831"",""Count"":""3789556""}"
363;"2026-06-18T22:00:00.000Z";"2026-06-18T23:00:00.000Z";3988101.624;"{""TimeSeriesType"":""CTT_SUM_CONS_ACP"",""Res"":""PT1H"",""Uom"":""KWH"",""ReadTS"":""2026-06-18T22:00:00Z"",""Value"":""3988101.624"",""Count"":""3789556""}"
363;"2026-06-18T21:00:00.000Z";"2026-06-18T22:00:00.000Z";4225271.572;"{""TimeSeriesType"":""CTT_SUM_CONS_ACP"",""Res"":""PT1H"",""Uom"":""KWH"",""ReadTS"":""2026-06-18T21:00:00Z"",""Value"":""4225271.572"",""Count"":""3789556""}"
363;"2026-06-18T20:00:00.000Z";"2026-06-18T21:00:00.000Z";4560831.011;"{""TimeSeriesType"":""CTT_SUM_CONS_ACP"",""Res"":""PT1H"",""Uom"":""KWH"",""ReadTS"":""2026-06-18T20:00:00Z"",""Value"":""4560831.011"",""Count"":""3789796""}"
363;"2026-06-18T19:00:00.000Z";"2026-06-18T20:00:00.000Z";4667478.618;"{""TimeSeriesType"":""CTT_SUM_CONS_ACP"",""Res"":""PT1H"",""Uom"":""KWH"",""ReadTS"":""2026-06-18T19:00:00Z"",""Value"":""4667478.618"",""Count"":""3789796""}"
363;"2026-06-18T18:00:00.000Z";"2026-06-18T19:00:00.000Z";4583620.163;"{""TimeSeriesType"":""CTT_SUM_CONS_ACP"",""Res"":""PT1H"",""Uom"":""KWH"",""ReadTS"":""2026-06-18T18:00:00Z"",""Value"":""4583620.163"",""Count"":""3789795""}"
363;"2026-06-18T17:00:00.000Z";"2026-06-18T18:00:00.000Z";4775403.009;"{""TimeSeriesType"":""CTT_SUM_CONS_ACP"",""Res"":""PT1H"",""Uom"":""KWH"",""ReadTS"":""2026-06-18T17:00:00Z"",""Value"":""4775403.009"",""Count"":""3789794""}"
363;"2026-06-18T16:00:00.000Z";"2026-06-18T17:00:00.000Z";4836388.746;"{""TimeSeriesType"":""CTT_SUM_CONS_ACP"",""Res"":""PT1H"",""Uom"":""KWH"",""ReadTS"":""2026-06-18T16:00:00Z"",""Value"":""4836388.746"",""Count"":""3789794""}"
363;"2026-06-18T15:00:00.000Z";"2026-06-18T16:00:00.000Z";4826878.804;"{""TimeSeriesType"":""CTT_SUM_CONS_ACP"",""Res"":""PT1H"",""Uom"":""KWH"",""ReadTS"":""2026-06-18T15:00:00Z"",""Value"":""4826878.804"",""Count"":""3789793""}"
363;"2026-06-18T14:00:00.000Z";"2026-06-18T15:00:00.000Z";4845505.656;"{""TimeSeriesType"":""CTT_SUM_CONS_ACP"",""Res"":""PT1H"",""Uom"":""KWH"",""ReadTS"":""2026-06-18T14:00:00Z"",""Value"":""4845505.656"",""Count"":""3789793""}"
363;"2026-06-18T13:00:00.000Z";"2026-06-18T14:00:00.000Z";4870394.531;"{""TimeSeriesType"":""CTT_SUM_CONS_ACP"",""Res"":""PT1H"",""Uom"":""KWH"",""ReadTS"":""2026-06-18T13:00:00Z"",""Value"":""4870394.531"",""Count"":""3789792""}"
363;"2026-06-18T12:00:00.000Z";"2026-06-18T13:00:00.000Z";4906685.446;"{""TimeSeriesType"":""CTT_SUM_CONS_ACP"",""Res"":""PT1H"",""Uom"":""KWH"",""ReadTS"":""2026-06-18T12:00:00Z"",""Value"":""4906685.446"",""Count"":""3789788""}"
363;"2026-06-18T11:00:00.000Z";"2026-06-18T12:00:00.000Z";4996357.911;"{""TimeSeriesType"":""CTT_SUM_CONS_ACP"",""Res"":""PT1H"",""Uom"":""KWH"",""ReadTS"":""2026-06-18T11:00:00Z"",""Value"":""4996357.911"",""Count"":""3789779""}"
363;"2026-06-18T10:00:00.000Z";"2026-06-18T11:00:00.000Z";5105571.644;"{""TimeSeriesType"":""CTT_SUM_CONS_ACP"",""Res"":""PT1H"",""Uom"":""KWH"",""ReadTS"":""2026-06-18T10:00:00Z"",""Value"":""5105571.644"",""Count"":""3789765""}"
363;"2026-06-18T09:00:00.000Z";"2026-06-18T10:00:00.000Z";5175223.557;"{""TimeSeriesType"":""CTT_SUM_CONS_ACP"",""Res"":""PT1H"",""Uom"":""KWH"",""ReadTS"":""2026-06-18T09:00:00Z"",""Value"":""5175223.557"",""Count"":""3789755""}"
363;"2026-06-18T08:00:00.000Z";"2026-06-18T09:00:00.000Z";5176751.753;"{""TimeSeriesType"":""CTT_SUM_CONS_ACP"",""Res"":""PT1H"",""Uom"":""KWH"",""ReadTS"":""2026-06-18T08:00:00Z"",""Value"":""5176751.753"",""Count"":""3789736""}"
363;"2026-06-18T07:00:00.000Z";"2026-06-18T08:00:00.000Z";5167404.54;"{""TimeSeriesType"":""CTT_SUM_CONS_ACP"",""Res"":""PT1H"",""Uom"":""KWH"",""ReadTS"":""2026-06-18T07:00:00Z"",""Value"":""5167404.54"",""Count"":""3789725""}"
363;"2026-06-18T06:00:00.000Z";"2026-06-18T07:00:00.000Z";5133646.311;"{""TimeSeriesType"":""CTT_SUM_CONS_ACP"",""Res"":""PT1H"",""Uom"":""KWH"",""ReadTS"":""2026-06-18T06:00:00Z"",""Value"":""5133646.311"",""Count"":""3789709""}"
363;"2026-06-18T05:00:00.000Z";"2026-06-18T06:00:00.000Z";4993916.016;"{""TimeSeriesType"":""CTT_SUM_CONS_ACP"",""Res"":""PT1H"",""Uom"":""KWH"",""ReadTS"":""2026-06-18T05:00:00Z"",""Value"":""4993916.016"",""Count"":""3789696""}"
363;"2026-06-18T04:00:00.000Z";"2026-06-18T05:00:00.000Z";4809095.377;"{""TimeSeriesType"":""CTT_SUM_CONS_ACP"",""Res"":""PT1H"",""Uom"":""KWH"",""ReadTS"":""2026-06-18T04:00:00Z"",""Value"":""4809095.377"",""Count"":""3789670""}"
363;"2026-06-18T03:00:00.000Z";"2026-06-18T04:00:00.000Z";4458792.159;"{""TimeSeriesType"":""CTT_SUM_CONS_ACP"",""Res"":""PT1H"",""Uom"":""KWH"",""ReadTS"":""2026-06-18T03:00:00Z"",""Value"":""4458792.159"",""Count"":""3789667""}"
363;"2026-06-18T02:00:00.000Z";"2026-06-18T03:00:00.000Z";3990661.899;"{""TimeSeriesType"":""CTT_SUM_CONS_ACP"",""Res"":""PT1H"",""Uom"":""KWH"",""ReadTS"":""2026-06-18T02:00:00Z"",""Value"":""3990661.899"",""Count"":""3789664""}"
363;"2026-06-18T01:00:00.000Z";"2026-06-18T02:00:00.000Z";3865060.824;"{""TimeSeriesType"":""CTT_SUM_CONS_ACP"",""Res"":""PT1H"",""Uom"":""KWH"",""ReadTS"":""2026-06-18T01:00:00Z"",""Value"":""3865060.824"",""Count"":""3789664""}"
363;"2026-06-18T00:00:00.000Z";"2026-06-18T01:00:00.000Z";3930401.979;"{""TimeSeriesType"":""CTT_SUM_CONS_ACP"",""Res"":""PT1H"",""Uom"":""KWH"",""ReadTS"":""2026-06-18T00:00:00Z"",""Value"":""3930401.979"",""Count"":""3789664""}"
363;"2026-06-17T23:00:00.000Z";"2026-06-18T00:00:00.000Z";4062186.096;"{""TimeSeriesType"":""CTT_SUM_CONS_ACP"",""Res"":""PT1H"",""Uom"":""KWH"",""ReadTS"":""2026-06-17T23:00:00Z"",""Value"":""4062186.096"",""Count"":""3789654""}"
363;"2026-06-17T22:00:00.000Z";"2026-06-17T23:00:00.000Z";4228859.198;"{""TimeSeriesType"":""CTT_SUM_CONS_ACP"",""Res"":""PT1H"",""Uom"":""KWH"",""ReadTS"":""2026-06-17T22:00:00Z"",""Value"":""4228859.198"",""Count"":""3789654""}"
363;"2026-06-17T21:00:00.000Z";"2026-06-17T22:00:00.000Z";4557470.983;"{""TimeSeriesType"":""CTT_SUM_CONS_ACP"",""Res"":""PT1H"",""Uom"":""KWH"",""ReadTS"":""2026-06-17T21:00:00Z"",""Value"":""4557470.983"",""Count"":""3789653""}"
363;"2026-06-17T20:00:00.000Z";"2026-06-17T21:00:00.000Z";4824617.543;"{""TimeSeriesType"":""CTT_SUM_CONS_ACP"",""Res"":""PT1H"",""Uom"":""KWH"",""ReadTS"":""2026-06-17T20:00:00Z"",""Value"":""4824617.543"",""Count"":""3789212""}"
363;"2026-06-17T19:00:00.000Z";"2026-06-17T20:00:00.000Z";5010560.266;"{""TimeSeriesType"":""CTT_SUM_CONS_ACP"",""Res"":""PT1H"",""Uom"":""KWH"",""ReadTS"":""2026-06-17T19:00:00Z"",""Value"":""5010560.266"",""Count"":""3789206""}"
363;"2026-06-17T18:00:00.000Z";"2026-06-17T19:00:00.000Z";4989001.439;"{""TimeSeriesType"":""CTT_SUM_CONS_ACP"",""Res"":""PT1H"",""Uom"":""KWH"",""ReadTS"":""2026-06-17T18:00:00Z"",""Value"":""4989001.439"",""Count"":""3789204""}"
363;"2026-06-17T17:00:00.000Z";"2026-06-17T18:00:00.000Z";5248550.526;"{""TimeSeriesType"":""CTT_SUM_CONS_ACP"",""Res"":""PT1H"",""Uom"":""KWH"",""ReadTS"":""2026-06-17T17:00:00Z"",""Value"":""5248550.526"",""Count"":""3789198""}"
363;"2026-06-17T16:00:00.000Z";"2026-06-17T17:00:00.000Z";5340811.685;"{""TimeSeriesType"":""CTT_SUM_CONS_ACP"",""Res"":""PT1H"",""Uom"":""KWH"",""ReadTS"":""2026-06-17T16:00:00Z"",""Value"":""5340811.685"",""Count"":""3789197""}"
363;"2026-06-17T15:00:00.000Z";"2026-06-17T16:00:00.000Z";5296329.638;"{""TimeSeriesType"":""CTT_SUM_CONS_ACP"",""Res"":""PT1H"",""Uom"":""KWH"",""ReadTS"":""2026-06-17T15:00:00Z"",""Value"":""5296329.638"",""Count"":""3789197""}"
363;"2026-06-17T14:00:00.000Z";"2026-06-17T15:00:00.000Z";5326700.753;"{""TimeSeriesType"":""CTT_SUM_CONS_ACP"",""Res"":""PT1H"",""Uom"":""KWH"",""ReadTS"":""2026-06-17T14:00:00Z"",""Value"":""5326700.753"",""Count"":""3789196""}"
363;"2026-06-17T13:00:00.000Z";"2026-06-17T14:00:00.000Z";5347656.992;"{""TimeSeriesType"":""CTT_SUM_CONS_ACP"",""Res"":""PT1H"",""Uom"":""KWH"",""ReadTS"":""2026-06-17T13:00:00Z"",""Value"":""5347656.992"",""Count"":""3789193""}"
363;"2026-06-17T12:00:00.000Z";"2026-06-17T13:00:00.000Z";5371750.011;"{""TimeSeriesType"":""CTT_SUM_CONS_ACP"",""Res"":""PT1H"",""Uom"":""KWH"",""ReadTS"":""2026-06-17T12:00:00Z"",""Value"":""5371750.011"",""Count"":""3789181""}"
363;"2026-06-17T11:00:00.000Z";"2026-06-17T12:00:00.000Z";5443842.546;"{""TimeSeriesType"":""CTT_SUM_CONS_ACP"",""Res"":""PT1H"",""Uom"":""KWH"",""ReadTS"":""2026-06-17T11:00:00Z"",""Value"":""5443842.546"",""Count"":""3789166""}"
363;"2026-06-17T10:00:00.000Z";"2026-06-17T11:00:00.000Z";5508525.951;"{""TimeSeriesType"":""CTT_SUM_CONS_ACP"",""Res"":""PT1H"",""Uom"":""KWH"",""ReadTS"":""2026-06-17T10:00:00Z"",""Value"":""5508525.951"",""Count"":""3789161""}"
363;"2026-06-17T09:00:00.000Z";"2026-06-17T10:00:00.000Z";5576977.363;"{""TimeSeriesType"":""CTT_SUM_CONS_ACP"",""Res"":""PT1H"",""Uom"":""KWH"",""ReadTS"":""2026-06-17T09:00:00Z"",""Value"":""5576977.363"",""Count"":""3789144""}"
363;"2026-06-17T08:00:00.000Z";"2026-06-17T09:00:00.000Z";5600358.625;"{""TimeSeriesType"":""CTT_SUM_CONS_ACP"",""Res"":""PT1H"",""Uom"":""KWH"",""ReadTS"":""2026-06-17T08:00:00Z"",""Value"":""5600358.625"",""Count"":""3789126""}"
363;"2026-06-17T07:00:00.000Z";"2026-06-17T08:00:00.000Z";5552668.116;"{""TimeSeriesType"":""CTT_SUM_CONS_ACP"",""Res"":""PT1H"",""Uom"":""KWH"",""ReadTS"":""2026-06-17T07:00:00Z"",""Value"":""5552668.116"",""Count"":""3789101""}"
363;"2026-06-17T06:00:00.000Z";"2026-06-17T07:00:00.000Z";5475062.309;"{""TimeSeriesType"":""CTT_SUM_CONS_ACP"",""Res"":""PT1H"",""Uom"":""KWH"",""ReadTS"":""2026-06-17T06:00:00Z"",""Value"":""5475062.309"",""Count"":""3789082""}"
363;"2026-06-17T05:00:00.000Z";"2026-06-17T06:00:00.000Z";5306222.791;"{""TimeSeriesType"":""CTT_SUM_CONS_ACP"",""Res"":""PT1H"",""Uom"":""KWH"",""ReadTS"":""2026-06-17T05:00:00Z"",""Value"":""5306222.791"",""Count"":""3789202""}"
363;"2026-06-17T04:00:00.000Z";"2026-06-17T05:00:00.000Z";5026271.242;"{""TimeSeriesType"":""CTT_SUM_CONS_ACP"",""Res"":""PT1H"",""Uom"":""KWH"",""ReadTS"":""2026-06-17T04:00:00Z"",""Value"":""5026271.242"",""Count"":""3789255""}"
363;"2026-06-17T03:00:00.000Z";"2026-06-17T04:00:00.000Z";4640035.734;"{""TimeSeriesType"":""CTT_SUM_CONS_ACP"",""Res"":""PT1H"",""Uom"":""KWH"",""ReadTS"":""2026-06-17T03:00:00Z"",""Value"":""4640035.734"",""Count"":""3789263""}"
363;"2026-06-17T02:00:00.000Z";"2026-06-17T03:00:00.000Z";4172171.531;"{""TimeSeriesType"":""CTT_SUM_CONS_ACP"",""Res"":""PT1H"",""Uom"":""KWH"",""ReadTS"":""2026-06-17T02:00:00Z"",""Value"":""4172171.531"",""Count"":""3789268""}"
363;"2026-06-17T01:00:00.000Z";"2026-06-17T02:00:00.000Z";3987953.694;"{""TimeSeriesType"":""CTT_SUM_CONS_ACP"",""Res"":""PT1H"",""Uom"":""KWH"",""ReadTS"":""2026-06-17T01:00:00Z"",""Value"":""3987953.694"",""Count"":""3789275""}"
363;"2026-06-17T00:00:00.000Z";"2026-06-17T01:00:00.000Z";4037367.21;"{""TimeSeriesType"":""CTT_SUM_CONS_ACP"",""Res"":""PT1H"",""Uom"":""KWH"",""ReadTS"":""2026-06-17T00:00:00Z"",""Value"":""4037367.21"",""Count"":""3789276""}"
363;"2026-06-16T23:00:00.000Z";"2026-06-17T00:00:00.000Z";4117984.17;"{""TimeSeriesType"":""CTT_SUM_CONS_ACP"",""Res"":""PT1H"",""Uom"":""KWH"",""ReadTS"":""2026-06-16T23:00:00Z"",""Value"":""4117984.17"",""Count"":""3789266""}"
363;"2026-06-16T22:00:00.000Z";"2026-06-16T23:00:00.000Z";4220891.454;"{""TimeSeriesType"":""CTT_SUM_CONS_ACP"",""Res"":""PT1H"",""Uom"":""KWH"",""ReadTS"":""2026-06-16T22:00:00Z"",""Value"":""4220891.454"",""Count"":""3789266""}"
363;"2026-06-16T21:00:00.000Z";"2026-06-16T22:00:00.000Z";4498233.564;"{""TimeSeriesType"":""CTT_SUM_CONS_ACP"",""Res"":""PT1H"",""Uom"":""KWH"",""ReadTS"":""2026-06-16T21:00:00Z"",""Value"":""4498233.564"",""Count"":""3789269""}"
363;"2026-06-16T20:00:00.000Z";"2026-06-16T21:00:00.000Z";4862738.794;"{""TimeSeriesType"":""CTT_SUM_CONS_ACP"",""Res"":""PT1H"",""Uom"":""KWH"",""ReadTS"":""2026-06-16T20:00:00Z"",""Value"":""4862738.794"",""Count"":""3788953""}"
363;"2026-06-16T19:00:00.000Z";"2026-06-16T20:00:00.000Z";5018678.622;"{""TimeSeriesType"":""CTT_SUM_CONS_ACP"",""Res"":""PT1H"",""Uom"":""KWH"",""ReadTS"":""2026-06-16T19:00:00Z"",""Value"":""5018678.622"",""Count"":""3788950""}"
363;"2026-06-16T18:00:00.000Z";"2026-06-16T19:00:00.000Z";4962499.154;"{""TimeSeriesType"":""CTT_SUM_CONS_ACP"",""Res"":""PT1H"",""Uom"":""KWH"",""ReadTS"":""2026-06-16T18:00:00Z"",""Value"":""4962499.154"",""Count"":""3788950""}"
363;"2026-06-16T17:00:00.000Z";"2026-06-16T18:00:00.000Z";5140964.585;"{""TimeSeriesType"":""CTT_SUM_CONS_ACP"",""Res"":""PT1H"",""Uom"":""KWH"",""ReadTS"":""2026-06-16T17:00:00Z"",""Value"":""5140964.585"",""Count"":""3788950""}"
363;"2026-06-16T16:00:00.000Z";"2026-06-16T17:00:00.000Z";5168125.428;"{""TimeSeriesType"":""CTT_SUM_CONS_ACP"",""Res"":""PT1H"",""Uom"":""KWH"",""ReadTS"":""2026-06-16T16:00:00Z"",""Value"":""5168125.428"",""Count"":""3788946""}"
363;"2026-06-16T15:00:00.000Z";"2026-06-16T16:00:00.000Z";5158484.628;"{""TimeSeriesType"":""CTT_SUM_CONS_ACP"",""Res"":""PT1H"",""Uom"":""KWH"",""ReadTS"":""2026-06-16T15:00:00Z"",""Value"":""5158484.628"",""Count"":""3788943""}"
363;"2026-06-16T14:00:00.000Z";"2026-06-16T15:00:00.000Z";5168790.176;"{""TimeSeriesType"":""CTT_SUM_CONS_ACP"",""Res"":""PT1H"",""Uom"":""KWH"",""ReadTS"":""2026-06-16T14:00:00Z"",""Value"":""5168790.176"",""Count"":""3788940""}"
363;"2026-06-16T13:00:00.000Z";"2026-06-16T14:00:00.000Z";5125297.728;"{""TimeSeriesType"":""CTT_SUM_CONS_ACP"",""Res"":""PT1H"",""Uom"":""KWH"",""ReadTS"":""2026-06-16T13:00:00Z"",""Value"":""5125297.728"",""Count"":""3788933""}"
363;"2026-06-16T12:00:00.000Z";"2026-06-16T13:00:00.000Z";5110973.307;"{""TimeSeriesType"":""CTT_SUM_CONS_ACP"",""Res"":""PT1H"",""Uom"":""KWH"",""ReadTS"":""2026-06-16T12:00:00Z"",""Value"":""5110973.307"",""Count"":""3788925""}"
363;"2026-06-16T11:00:00.000Z";"2026-06-16T12:00:00.000Z";5151437.181;"{""TimeSeriesType"":""CTT_SUM_CONS_ACP"",""Res"":""PT1H"",""Uom"":""KWH"",""ReadTS"":""2026-06-16T11:00:00Z"",""Value"":""5151437.181"",""Count"":""3788908""}"
363;"2026-06-16T10:00:00.000Z";"2026-06-16T11:00:00.000Z";5229663.398;"{""TimeSeriesType"":""CTT_SUM_CONS_ACP"",""Res"":""PT1H"",""Uom"":""KWH"",""ReadTS"":""2026-06-16T10:00:00Z"",""Value"":""5229663.398"",""Count"":""3788886""}"
363;"2026-06-16T09:00:00.000Z";"2026-06-16T10:00:00.000Z";5301682.584;"{""TimeSeriesType"":""CTT_SUM_CONS_ACP"",""Res"":""PT1H"",""Uom"":""KWH"",""ReadTS"":""2026-06-16T09:00:00Z"",""Value"":""5301682.584"",""Count"":""3788862""}"
363;"2026-06-16T08:00:00.000Z";"2026-06-16T09:00:00.000Z";5263648.772;"{""TimeSeriesType"":""CTT_SUM_CONS_ACP"",""Res"":""PT1H"",""Uom"":""KWH"",""ReadTS"":""2026-06-16T08:00:00Z"",""Value"":""5263648.772"",""Count"":""3788852""}"
363;"2026-06-16T07:00:00.000Z";"2026-06-16T08:00:00.000Z";5228053.903;"{""TimeSeriesType"":""CTT_SUM_CONS_ACP"",""Res"":""PT1H"",""Uom"":""KWH"",""ReadTS"":""2026-06-16T07:00:00Z"",""Value"":""5228053.903"",""Count"":""3788825""}"
363;"2026-06-16T06:00:00.000Z";"2026-06-16T07:00:00.000Z";5244336.629;"{""TimeSeriesType"":""CTT_SUM_CONS_ACP"",""Res"":""PT1H"",""Uom"":""KWH"",""ReadTS"":""2026-06-16T06:00:00Z"",""Value"":""5244336.629"",""Count"":""3788806""}"
363;"2026-06-16T05:00:00.000Z";"2026-06-16T06:00:00.000Z";5125549.707;"{""TimeSeriesType"":""CTT_SUM_CONS_ACP"",""Res"":""PT1H"",""Uom"":""KWH"",""ReadTS"":""2026-06-16T05:00:00Z"",""Value"":""5125549.707"",""Count"":""3788927""}"
363;"2026-06-16T04:00:00.000Z";"2026-06-16T05:00:00.000Z";4940667.363;"{""TimeSeriesType"":""CTT_SUM_CONS_ACP"",""Res"":""PT1H"",""Uom"":""KWH"",""ReadTS"":""2026-06-16T04:00:00Z"",""Value"":""4940667.363"",""Count"":""3788968""}"
363;"2026-06-16T03:00:00.000Z";"2026-06-16T04:00:00.000Z";4606531.272;"{""TimeSeriesType"":""CTT_SUM_CONS_ACP"",""Res"":""PT1H"",""Uom"":""KWH"",""ReadTS"":""2026-06-16T03:00:00Z"",""Value"":""4606531.272"",""Count"":""3788970""}"
363;"2026-06-16T02:00:00.000Z";"2026-06-16T03:00:00.000Z";4127025.269;"{""TimeSeriesType"":""CTT_SUM_CONS_ACP"",""Res"":""PT1H"",""Uom"":""KWH"",""ReadTS"":""2026-06-16T02:00:00Z"",""Value"":""4127025.269"",""Count"":""3788981""}"
363;"2026-06-16T01:00:00.000Z";"2026-06-16T02:00:00.000Z";3973091.417;"{""TimeSeriesType"":""CTT_SUM_CONS_ACP"",""Res"":""PT1H"",""Uom"":""KWH"",""ReadTS"":""2026-06-16T01:00:00Z"",""Value"":""3973091.417"",""Count"":""3789039""}"
363;"2026-06-16T00:00:00.000Z";"2026-06-16T01:00:00.000Z";4033367.087;"{""TimeSeriesType"":""CTT_SUM_CONS_ACP"",""Res"":""PT1H"",""Uom"":""KWH"",""ReadTS"":""2026-06-16T00:00:00Z"",""Value"":""4033367.087"",""Count"":""3789039""}"
363;"2026-06-15T23:00:00.000Z";"2026-06-16T00:00:00.000Z";4172214.536;"{""TimeSeriesType"":""CTT_SUM_CONS_ACP"",""Res"":""PT1H"",""Uom"":""KWH"",""ReadTS"":""2026-06-15T23:00:00Z"",""Value"":""4172214.536"",""Count"":""3789030""}"
363;"2026-06-15T22:00:00.000Z";"2026-06-15T23:00:00.000Z";4308714.326;"{""TimeSeriesType"":""CTT_SUM_CONS_ACP"",""Res"":""PT1H"",""Uom"":""KWH"",""ReadTS"":""2026-06-15T22:00:00Z"",""Value"":""4308714.326"",""Count"":""3789030""}"
363;"2026-06-15T21:00:00.000Z";"2026-06-15T22:00:00.000Z";4535460.408;"{""TimeSeriesType"":""CTT_SUM_CONS_ACP"",""Res"":""PT1H"",""Uom"":""KWH"",""ReadTS"":""2026-06-15T21:00:00Z"",""Value"":""4535460.408"",""Count"":""3789030""}"
363;"2026-06-15T20:00:00.000Z";"2026-06-15T21:00:00.000Z";4823893.674;"{""TimeSeriesType"":""CTT_SUM_CONS_ACP"",""Res"":""PT1H"",""Uom"":""KWH"",""ReadTS"":""2026-06-15T20:00:00Z"",""Value"":""4823893.674"",""Count"":""3789282""}"
363;"2026-06-15T19:00:00.000Z";"2026-06-15T20:00:00.000Z";4972667.43;"{""TimeSeriesType"":""CTT_SUM_CONS_ACP"",""Res"":""PT1H"",""Uom"":""KWH"",""ReadTS"":""2026-06-15T19:00:00Z"",""Value"":""4972667.43"",""Count"":""3789280""}"
363;"2026-06-15T18:00:00.000Z";"2026-06-15T19:00:00.000Z";4931736.362;"{""TimeSeriesType"":""CTT_SUM_CONS_ACP"",""Res"":""PT1H"",""Uom"":""KWH"",""ReadTS"":""2026-06-15T18:00:00Z"",""Value"":""4931736.362"",""Count"":""3789281""}"
363;"2026-06-15T17:00:00.000Z";"2026-06-15T18:00:00.000Z";5106154.41;"{""TimeSeriesType"":""CTT_SUM_CONS_ACP"",""Res"":""PT1H"",""Uom"":""KWH"",""ReadTS"":""2026-06-15T17:00:00Z"",""Value"":""5106154.41"",""Count"":""3789281""}"
363;"2026-06-15T16:00:00.000Z";"2026-06-15T17:00:00.000Z";5135923.503;"{""TimeSeriesType"":""CTT_SUM_CONS_ACP"",""Res"":""PT1H"",""Uom"":""KWH"",""ReadTS"":""2026-06-15T16:00:00Z"",""Value"":""5135923.503"",""Count"":""3789277""}"
363;"2026-06-15T15:00:00.000Z";"2026-06-15T16:00:00.000Z";5143230.612;"{""TimeSeriesType"":""CTT_SUM_CONS_ACP"",""Res"":""PT1H"",""Uom"":""KWH"",""ReadTS"":""2026-06-15T15:00:00Z"",""Value"":""5143230.612"",""Count"":""3789276""}"
363;"2026-06-15T14:00:00.000Z";"2026-06-15T15:00:00.000Z";5287585.063;"{""TimeSeriesType"":""CTT_SUM_CONS_ACP"",""Res"":""PT1H"",""Uom"":""KWH"",""ReadTS"":""2026-06-15T14:00:00Z"",""Value"":""5287585.063"",""Count"":""3789272""}"
363;"2026-06-15T13:00:00.000Z";"2026-06-15T14:00:00.000Z";5275804.167;"{""TimeSeriesType"":""CTT_SUM_CONS_ACP"",""Res"":""PT1H"",""Uom"":""KWH"",""ReadTS"":""2026-06-15T13:00:00Z"",""Value"":""5275804.167"",""Count"":""3789260""}"
363;"2026-06-15T12:00:00.000Z";"2026-06-15T13:00:00.000Z";5263919.717;"{""TimeSeriesType"":""CTT_SUM_CONS_ACP"",""Res"":""PT1H"",""Uom"":""KWH"",""ReadTS"":""2026-06-15T12:00:00Z"",""Value"":""5263919.717"",""Count"":""3789243""}"
363;"2026-06-15T11:00:00.000Z";"2026-06-15T12:00:00.000Z";5302667.279;"{""TimeSeriesType"":""CTT_SUM_CONS_ACP"",""Res"":""PT1H"",""Uom"":""KWH"",""ReadTS"":""2026-06-15T11:00:00Z"",""Value"":""5302667.279"",""Count"":""3789221""}"
363;"2026-06-15T10:00:00.000Z";"2026-06-15T11:00:00.000Z";5369125.312;"{""TimeSeriesType"":""CTT_SUM_CONS_ACP"",""Res"":""PT1H"",""Uom"":""KWH"",""ReadTS"":""2026-06-15T10:00:00Z"",""Value"":""5369125.312"",""Count"":""3789211""}"
363;"2026-06-15T09:00:00.000Z";"2026-06-15T10:00:00.000Z";5403532.906;"{""TimeSeriesType"":""CTT_SUM_CONS_ACP"",""Res"":""PT1H"",""Uom"":""KWH"",""ReadTS"":""2026-06-15T09:00:00Z"",""Value"":""5403532.906"",""Count"":""3789177""}"
363;"2026-06-15T08:00:00.000Z";"2026-06-15T09:00:00.000Z";5373356.42;"{""TimeSeriesType"":""CTT_SUM_CONS_ACP"",""Res"":""PT1H"",""Uom"":""KWH"",""ReadTS"":""2026-06-15T08:00:00Z"",""Value"":""5373356.42"",""Count"":""3789135""}"
363;"2026-06-15T07:00:00.000Z";"2026-06-15T08:00:00.000Z";5257712.006;"{""TimeSeriesType"":""CTT_SUM_CONS_ACP"",""Res"":""PT1H"",""Uom"":""KWH"",""ReadTS"":""2026-06-15T07:00:00Z"",""Value"":""5257712.006"",""Count"":""3789065""}"
363;"2026-06-15T06:00:00.000Z";"2026-06-15T07:00:00.000Z";5173980.65;"{""TimeSeriesType"":""CTT_SUM_CONS_ACP"",""Res"":""PT1H"",""Uom"":""KWH"",""ReadTS"":""2026-06-15T06:00:00Z"",""Value"":""5173980.65"",""Count"":""3789065""}"
363;"2026-06-15T05:00:00.000Z";"2026-06-15T06:00:00.000Z";5059669.312;"{""TimeSeriesType"":""CTT_SUM_CONS_ACP"",""Res"":""PT1H"",""Uom"":""KWH"",""ReadTS"":""2026-06-15T05:00:00Z"",""Value"":""5059669.312"",""Count"":""3789258""}"
363;"2026-06-15T04:00:00.000Z";"2026-06-15T05:00:00.000Z";4894484.27;"{""TimeSeriesType"":""CTT_SUM_CONS_ACP"",""Res"":""PT1H"",""Uom"":""KWH"",""ReadTS"":""2026-06-15T04:00:00Z"",""Value"":""4894484.27"",""Count"":""3789328""}"
363;"2026-06-15T03:00:00.000Z";"2026-06-15T04:00:00.000Z";4528782.247;"{""TimeSeriesType"":""CTT_SUM_CONS_ACP"",""Res"":""PT1H"",""Uom"":""KWH"",""ReadTS"":""2026-06-15T03:00:00Z"",""Value"":""4528782.247"",""Count"":""3789332""}"
363;"2026-06-15T02:00:00.000Z";"2026-06-15T03:00:00.000Z";4037217.789;"{""TimeSeriesType"":""CTT_SUM_CONS_ACP"",""Res"":""PT1H"",""Uom"":""KWH"",""ReadTS"":""2026-06-15T02:00:00Z"",""Value"":""4037217.789"",""Count"":""3789337""}"
363;"2026-06-15T01:00:00.000Z";"2026-06-15T02:00:00.000Z";3897770.812;"{""TimeSeriesType"":""CTT_SUM_CONS_ACP"",""Res"":""PT1H"",""Uom"":""KWH"",""ReadTS"":""2026-06-15T01:00:00Z"",""Value"":""3897770.812"",""Count"":""3789365""}"
363;"2026-06-15T00:00:00.000Z";"2026-06-15T01:00:00.000Z";3961685.999;"{""TimeSeriesType"":""CTT_SUM_CONS_ACP"",""Res"":""PT1H"",""Uom"":""KWH"",""ReadTS"":""2026-06-15T00:00:00Z"",""Value"":""3961685.999"",""Count"":""3789365""}"
363;"2026-06-14T23:00:00.000Z";"2026-06-15T00:00:00.000Z";4040512.897;"{""TimeSeriesType"":""CTT_SUM_CONS_ACP"",""Res"":""PT1H"",""Uom"":""KWH"",""ReadTS"":""2026-06-14T23:00:00Z"",""Value"":""4040512.897"",""Count"":""3789351""}"
363;"2026-06-14T22:00:00.000Z";"2026-06-14T23:00:00.000Z";4157828.544;"{""TimeSeriesType"":""CTT_SUM_CONS_ACP"",""Res"":""PT1H"",""Uom"":""KWH"",""ReadTS"":""2026-06-14T22:00:00Z"",""Value"":""4157828.544"",""Count"":""3789351""}"
363;"2026-06-14T21:00:00.000Z";"2026-06-14T22:00:00.000Z";4392881.938;"{""TimeSeriesType"":""CTT_SUM_CONS_ACP"",""Res"":""PT1H"",""Uom"":""KWH"",""ReadTS"":""2026-06-14T21:00:00Z"",""Value"":""4392881.938"",""Count"":""3789350""}"
363;"2026-06-14T20:00:00.000Z";"2026-06-14T21:00:00.000Z";4618780.529;"{""TimeSeriesType"":""CTT_SUM_CONS_ACP"",""Res"":""PT1H"",""Uom"":""KWH"",""ReadTS"":""2026-06-14T20:00:00Z"",""Value"":""4618780.529"",""Count"":""3788351""}"
363;"2026-06-14T19:00:00.000Z";"2026-06-14T20:00:00.000Z";4666946.725;"{""TimeSeriesType"":""CTT_SUM_CONS_ACP"",""Res"":""PT1H"",""Uom"":""KWH"",""ReadTS"":""2026-06-14T19:00:00Z"",""Value"":""4666946.725"",""Count"":""3788352""}"
363;"2026-06-14T18:00:00.000Z";"2026-06-14T19:00:00.000Z";4499432.643;"{""TimeSeriesType"":""CTT_SUM_CONS_ACP"",""Res"":""PT1H"",""Uom"":""KWH"",""ReadTS"":""2026-06-14T18:00:00Z"",""Value"":""4499432.643"",""Count"":""3788352""}"
363;"2026-06-14T17:00:00.000Z";"2026-06-14T18:00:00.000Z";4649777.473;"{""TimeSeriesType"":""CTT_SUM_CONS_ACP"",""Res"":""PT1H"",""Uom"":""KWH"",""ReadTS"":""2026-06-14T17:00:00Z"",""Value"":""4649777.473"",""Count"":""3788352""}"
363;"2026-06-14T16:00:00.000Z";"2026-06-14T17:00:00.000Z";4749222.299;"{""TimeSeriesType"":""CTT_SUM_CONS_ACP"",""Res"":""PT1H"",""Uom"":""KWH"",""ReadTS"":""2026-06-14T16:00:00Z"",""Value"":""4749222.299"",""Count"":""3788352""}"
363;"2026-06-14T15:00:00.000Z";"2026-06-14T16:00:00.000Z";4812906.476;"{""TimeSeriesType"":""CTT_SUM_CONS_ACP"",""Res"":""PT1H"",""Uom"":""KWH"",""ReadTS"":""2026-06-14T15:00:00Z"",""Value"":""4812906.476"",""Count"":""3788352""}"
363;"2026-06-14T14:00:00.000Z";"2026-06-14T15:00:00.000Z";4766483.635;"{""TimeSeriesType"":""CTT_SUM_CONS_ACP"",""Res"":""PT1H"",""Uom"":""KWH"",""ReadTS"":""2026-06-14T14:00:00Z"",""Value"":""4766483.635"",""Count"":""3788352""}"
363;"2026-06-14T13:00:00.000Z";"2026-06-14T14:00:00.000Z";4681311.116;"{""TimeSeriesType"":""CTT_SUM_CONS_ACP"",""Res"":""PT1H"",""Uom"":""KWH"",""ReadTS"":""2026-06-14T13:00:00Z"",""Value"":""4681311.116"",""Count"":""3788351""}"
363;"2026-06-14T12:00:00.000Z";"2026-06-14T13:00:00.000Z";4615393.9;"{""TimeSeriesType"":""CTT_SUM_CONS_ACP"",""Res"":""PT1H"",""Uom"":""KWH"",""ReadTS"":""2026-06-14T12:00:00Z"",""Value"":""4615393.9"",""Count"":""3788351""}"
363;"2026-06-14T11:00:00.000Z";"2026-06-14T12:00:00.000Z";4592507.261;"{""TimeSeriesType"":""CTT_SUM_CONS_ACP"",""Res"":""PT1H"",""Uom"":""KWH"",""ReadTS"":""2026-06-14T11:00:00Z"",""Value"":""4592507.261"",""Count"":""3788351""}"
363;"2026-06-14T10:00:00.000Z";"2026-06-14T11:00:00.000Z";4615420.29;"{""TimeSeriesType"":""CTT_SUM_CONS_ACP"",""Res"":""PT1H"",""Uom"":""KWH"",""ReadTS"":""2026-06-14T10:00:00Z"",""Value"":""4615420.29"",""Count"":""3788350""}"
363;"2026-06-14T09:00:00.000Z";"2026-06-14T10:00:00.000Z";4664475.357;"{""TimeSeriesType"":""CTT_SUM_CONS_ACP"",""Res"":""PT1H"",""Uom"":""KWH"",""ReadTS"":""2026-06-14T09:00:00Z"",""Value"":""4664475.357"",""Count"":""3788349""}"
363;"2026-06-14T08:00:00.000Z";"2026-06-14T09:00:00.000Z";4653123.188;"{""TimeSeriesType"":""CTT_SUM_CONS_ACP"",""Res"":""PT1H"",""Uom"":""KWH"",""ReadTS"":""2026-06-14T08:00:00Z"",""Value"":""4653123.188"",""Count"":""3788349""}"
363;"2026-06-14T07:00:00.000Z";"2026-06-14T08:00:00.000Z";4562527.21;"{""TimeSeriesType"":""CTT_SUM_CONS_ACP"",""Res"":""PT1H"",""Uom"":""KWH"",""ReadTS"":""2026-06-14T07:00:00Z"",""Value"":""4562527.21"",""Count"":""3788349""}"
363;"2026-06-14T06:00:00.000Z";"2026-06-14T07:00:00.000Z";4422439.608;"{""TimeSeriesType"":""CTT_SUM_CONS_ACP"",""Res"":""PT1H"",""Uom"":""KWH"",""ReadTS"":""2026-06-14T06:00:00Z"",""Value"":""4422439.608"",""Count"":""3788350""}"
363;"2026-06-14T05:00:00.000Z";"2026-06-14T06:00:00.000Z";4191710.349;"{""TimeSeriesType"":""CTT_SUM_CONS_ACP"",""Res"":""PT1H"",""Uom"":""KWH"",""ReadTS"":""2026-06-14T05:00:00Z"",""Value"":""4191710.349"",""Count"":""3788350""}"
363;"2026-06-14T04:00:00.000Z";"2026-06-14T05:00:00.000Z";3963374.419;"{""TimeSeriesType"":""CTT_SUM_CONS_ACP"",""Res"":""PT1H"",""Uom"":""KWH"",""ReadTS"":""2026-06-14T04:00:00Z"",""Value"":""3963374.419"",""Count"":""3788349""}"
363;"2026-06-14T03:00:00.000Z";"2026-06-14T04:00:00.000Z";3849383.854;"{""TimeSeriesType"":""CTT_SUM_CONS_ACP"",""Res"":""PT1H"",""Uom"":""KWH"",""ReadTS"":""2026-06-14T03:00:00Z"",""Value"":""3849383.854"",""Count"":""3788349""}"
363;"2026-06-14T02:00:00.000Z";"2026-06-14T03:00:00.000Z";3754235.384;"{""TimeSeriesType"":""CTT_SUM_CONS_ACP"",""Res"":""PT1H"",""Uom"":""KWH"",""ReadTS"":""2026-06-14T02:00:00Z"",""Value"":""3754235.384"",""Count"":""3788349""}"
363;"2026-06-14T01:00:00.000Z";"2026-06-14T02:00:00.000Z";3777345.795;"{""TimeSeriesType"":""CTT_SUM_CONS_ACP"",""Res"":""PT1H"",""Uom"":""KWH"",""ReadTS"":""2026-06-14T01:00:00Z"",""Value"":""3777345.795"",""Count"":""3788348""}"
363;"2026-06-14T00:00:00.000Z";"2026-06-14T01:00:00.000Z";3891136.895;"{""TimeSeriesType"":""CTT_SUM_CONS_ACP"",""Res"":""PT1H"",""Uom"":""KWH"",""ReadTS"":""2026-06-14T00:00:00Z"",""Value"":""3891136.895"",""Count"":""3788348""}"
363;"2026-06-13T23:00:00.000Z";"2026-06-14T00:00:00.000Z";3986656.865;"{""TimeSeriesType"":""CTT_SUM_CONS_ACP"",""Res"":""PT1H"",""Uom"":""KWH"",""ReadTS"":""2026-06-13T23:00:00Z"",""Value"":""3986656.865"",""Count"":""3788345""}"
363;"2026-06-13T22:00:00.000Z";"2026-06-13T23:00:00.000Z";4121391.517;"{""TimeSeriesType"":""CTT_SUM_CONS_ACP"",""Res"":""PT1H"",""Uom"":""KWH"",""ReadTS"":""2026-06-13T22:00:00Z"",""Value"":""4121391.517"",""Count"":""3788345""}"
363;"2026-06-13T21:00:00.000Z";"2026-06-13T22:00:00.000Z";4336594.595;"{""TimeSeriesType"":""CTT_SUM_CONS_ACP"",""Res"":""PT1H"",""Uom"":""KWH"",""ReadTS"":""2026-06-13T21:00:00Z"",""Value"":""4336594.595"",""Count"":""3788345""}"
363;"2026-06-13T20:00:00.000Z";"2026-06-13T21:00:00.000Z";4565900.611;"{""TimeSeriesType"":""CTT_SUM_CONS_ACP"",""Res"":""PT1H"",""Uom"":""KWH"",""ReadTS"":""2026-06-13T20:00:00Z"",""Value"":""4565900.611"",""Count"":""3788418""}"
363;"2026-06-13T19:00:00.000Z";"2026-06-13T20:00:00.000Z";4676245.345;"{""TimeSeriesType"":""CTT_SUM_CONS_ACP"",""Res"":""PT1H"",""Uom"":""KWH"",""ReadTS"":""2026-06-13T19:00:00Z"",""Value"":""4676245.345"",""Count"":""3788418""}"
363;"2026-06-13T18:00:00.000Z";"2026-06-13T19:00:00.000Z";4612995.999;"{""TimeSeriesType"":""CTT_SUM_CONS_ACP"",""Res"":""PT1H"",""Uom"":""KWH"",""ReadTS"":""2026-06-13T18:00:00Z"",""Value"":""4612995.999"",""Count"":""3788418""}"
363;"2026-06-13T17:00:00.000Z";"2026-06-13T18:00:00.000Z";4873634.893;"{""TimeSeriesType"":""CTT_SUM_CONS_ACP"",""Res"":""PT1H"",""Uom"":""KWH"",""ReadTS"":""2026-06-13T17:00:00Z"",""Value"":""4873634.893"",""Count"":""3788418""}"
363;"2026-06-13T16:00:00.000Z";"2026-06-13T17:00:00.000Z";4965481.956;"{""TimeSeriesType"":""CTT_SUM_CONS_ACP"",""Res"":""PT1H"",""Uom"":""KWH"",""ReadTS"":""2026-06-13T16:00:00Z"",""Value"":""4965481.956"",""Count"":""3788418""}"
363;"2026-06-13T15:00:00.000Z";"2026-06-13T16:00:00.000Z";4936577.722;"{""TimeSeriesType"":""CTT_SUM_CONS_ACP"",""Res"":""PT1H"",""Uom"":""KWH"",""ReadTS"":""2026-06-13T15:00:00Z"",""Value"":""4936577.722"",""Count"":""3788418""}"
363;"2026-06-13T14:00:00.000Z";"2026-06-13T15:00:00.000Z";4915383.239;"{""TimeSeriesType"":""CTT_SUM_CONS_ACP"",""Res"":""PT1H"",""Uom"":""KWH"",""ReadTS"":""2026-06-13T14:00:00Z"",""Value"":""4915383.239"",""Count"":""3788418""}"
363;"2026-06-13T13:00:00.000Z";"2026-06-13T14:00:00.000Z";4787754.76;"{""TimeSeriesType"":""CTT_SUM_CONS_ACP"",""Res"":""PT1H"",""Uom"":""KWH"",""ReadTS"":""2026-06-13T13:00:00Z"",""Value"":""4787754.76"",""Count"":""3788418""}"
363;"2026-06-13T12:00:00.000Z";"2026-06-13T13:00:00.000Z";4633913.378;"{""TimeSeriesType"":""CTT_SUM_CONS_ACP"",""Res"":""PT1H"",""Uom"":""KWH"",""ReadTS"":""2026-06-13T12:00:00Z"",""Value"":""4633913.378"",""Count"":""3788418""}"
363;"2026-06-13T11:00:00.000Z";"2026-06-13T12:00:00.000Z";4580955.222;"{""TimeSeriesType"":""CTT_SUM_CONS_ACP"",""Res"":""PT1H"",""Uom"":""KWH"",""ReadTS"":""2026-06-13T11:00:00Z"",""Value"":""4580955.222"",""Count"":""3788418""}"
363;"2026-06-13T10:00:00.000Z";"2026-06-13T11:00:00.000Z";4578303.154;"{""TimeSeriesType"":""CTT_SUM_CONS_ACP"",""Res"":""PT1H"",""Uom"":""KWH"",""ReadTS"":""2026-06-13T10:00:00Z"",""Value"":""4578303.154"",""Count"":""3788418""}"
363;"2026-06-13T09:00:00.000Z";"2026-06-13T10:00:00.000Z";4563949.222;"{""TimeSeriesType"":""CTT_SUM_CONS_ACP"",""Res"":""PT1H"",""Uom"":""KWH"",""ReadTS"":""2026-06-13T09:00:00Z"",""Value"":""4563949.222"",""Count"":""3788417""}"
363;"2026-06-13T08:00:00.000Z";"2026-06-13T09:00:00.000Z";4537515.052;"{""TimeSeriesType"":""CTT_SUM_CONS_ACP"",""Res"":""PT1H"",""Uom"":""KWH"",""ReadTS"":""2026-06-13T08:00:00Z"",""Value"":""4537515.052"",""Count"":""3788412""}"
363;"2026-06-13T07:00:00.000Z";"2026-06-13T08:00:00.000Z";4453361.344;"{""TimeSeriesType"":""CTT_SUM_CONS_ACP"",""Res"":""PT1H"",""Uom"":""KWH"",""ReadTS"":""2026-06-13T07:00:00Z"",""Value"":""4453361.344"",""Count"":""3788412""}"
363;"2026-06-13T06:00:00.000Z";"2026-06-13T07:00:00.000Z";4304708.353;"{""TimeSeriesType"":""CTT_SUM_CONS_ACP"",""Res"":""PT1H"",""Uom"":""KWH"",""ReadTS"":""2026-06-13T06:00:00Z"",""Value"":""4304708.353"",""Count"":""3788412""}"
363;"2026-06-13T05:00:00.000Z";"2026-06-13T06:00:00.000Z";4063235.904;"{""TimeSeriesType"":""CTT_SUM_CONS_ACP"",""Res"":""PT1H"",""Uom"":""KWH"",""ReadTS"":""2026-06-13T05:00:00Z"",""Value"":""4063235.904"",""Count"":""3788418""}"
363;"2026-06-13T04:00:00.000Z";"2026-06-13T05:00:00.000Z";3879345.144;"{""TimeSeriesType"":""CTT_SUM_CONS_ACP"",""Res"":""PT1H"",""Uom"":""KWH"",""ReadTS"":""2026-06-13T04:00:00Z"",""Value"":""3879345.144"",""Count"":""3788417""}"
363;"2026-06-13T03:00:00.000Z";"2026-06-13T04:00:00.000Z";3849137.727;"{""TimeSeriesType"":""CTT_SUM_CONS_ACP"",""Res"":""PT1H"",""Uom"":""KWH"",""ReadTS"":""2026-06-13T03:00:00Z"",""Value"":""3849137.727"",""Count"":""3788417""}"
363;"2026-06-13T02:00:00.000Z";"2026-06-13T03:00:00.000Z";3780730.097;"{""TimeSeriesType"":""CTT_SUM_CONS_ACP"",""Res"":""PT1H"",""Uom"":""KWH"",""ReadTS"":""2026-06-13T02:00:00Z"",""Value"":""3780730.097"",""Count"":""3788416""}"
363;"2026-06-13T01:00:00.000Z";"2026-06-13T02:00:00.000Z";3794429.576;"{""TimeSeriesType"":""CTT_SUM_CONS_ACP"",""Res"":""PT1H"",""Uom"":""KWH"",""ReadTS"":""2026-06-13T01:00:00Z"",""Value"":""3794429.576"",""Count"":""3788415""}"
363;"2026-06-13T00:00:00.000Z";"2026-06-13T01:00:00.000Z";3947522.947;"{""TimeSeriesType"":""CTT_SUM_CONS_ACP"",""Res"":""PT1H"",""Uom"":""KWH"",""ReadTS"":""2026-06-13T00:00:00Z"",""Value"":""3947522.947"",""Count"":""3788415""}"
363;"2026-06-12T23:00:00.000Z";"2026-06-13T00:00:00.000Z";4115095.099;"{""TimeSeriesType"":""CTT_SUM_CONS_ACP"",""Res"":""PT1H"",""Uom"":""KWH"",""ReadTS"":""2026-06-12T23:00:00Z"",""Value"":""4115095.099"",""Count"":""3788417""}"
363;"2026-06-12T22:00:00.000Z";"2026-06-12T23:00:00.000Z";4316027.491;"{""TimeSeriesType"":""CTT_SUM_CONS_ACP"",""Res"":""PT1H"",""Uom"":""KWH"",""ReadTS"":""2026-06-12T22:00:00Z"",""Value"":""4316027.491"",""Count"":""3788417""}"
363;"2026-06-12T21:00:00.000Z";"2026-06-12T22:00:00.000Z";4538587.3;"{""TimeSeriesType"":""CTT_SUM_CONS_ACP"",""Res"":""PT1H"",""Uom"":""KWH"",""ReadTS"":""2026-06-12T21:00:00Z"",""Value"":""4538587.3"",""Count"":""3788415""}"
363;"2026-06-12T20:00:00.000Z";"2026-06-12T21:00:00.000Z";4802809.879;"{""TimeSeriesType"":""CTT_SUM_CONS_ACP"",""Res"":""PT1H"",""Uom"":""KWH"",""ReadTS"":""2026-06-12T20:00:00Z"",""Value"":""4802809.879"",""Count"":""3788804""}"
363;"2026-06-12T19:00:00.000Z";"2026-06-12T20:00:00.000Z";4920553.777;"{""TimeSeriesType"":""CTT_SUM_CONS_ACP"",""Res"":""PT1H"",""Uom"":""KWH"",""ReadTS"":""2026-06-12T19:00:00Z"",""Value"":""4920553.777"",""Count"":""3788803""}"
363;"2026-06-12T18:00:00.000Z";"2026-06-12T19:00:00.000Z";4888614.529;"{""TimeSeriesType"":""CTT_SUM_CONS_ACP"",""Res"":""PT1H"",""Uom"":""KWH"",""ReadTS"":""2026-06-12T18:00:00Z"",""Value"":""4888614.529"",""Count"":""3788804""}"
363;"2026-06-12T17:00:00.000Z";"2026-06-12T18:00:00.000Z";5093026.062;"{""TimeSeriesType"":""CTT_SUM_CONS_ACP"",""Res"":""PT1H"",""Uom"":""KWH"",""ReadTS"":""2026-06-12T17:00:00Z"",""Value"":""5093026.062"",""Count"":""3788803""}"
363;"2026-06-12T16:00:00.000Z";"2026-06-12T17:00:00.000Z";5213461.691;"{""TimeSeriesType"":""CTT_SUM_CONS_ACP"",""Res"":""PT1H"",""Uom"":""KWH"",""ReadTS"":""2026-06-12T16:00:00Z"",""Value"":""5213461.691"",""Count"":""3788801""}"
363;"2026-06-12T15:00:00.000Z";"2026-06-12T16:00:00.000Z";5211833.554;"{""TimeSeriesType"":""CTT_SUM_CONS_ACP"",""Res"":""PT1H"",""Uom"":""KWH"",""ReadTS"":""2026-06-12T15:00:00Z"",""Value"":""5211833.554"",""Count"":""3788800""}"
363;"2026-06-12T14:00:00.000Z";"2026-06-12T15:00:00.000Z";5253731.794;"{""TimeSeriesType"":""CTT_SUM_CONS_ACP"",""Res"":""PT1H"",""Uom"":""KWH"",""ReadTS"":""2026-06-12T14:00:00Z"",""Value"":""5253731.794"",""Count"":""3788798""}"
363;"2026-06-12T13:00:00.000Z";"2026-06-12T14:00:00.000Z";5221804.522;"{""TimeSeriesType"":""CTT_SUM_CONS_ACP"",""Res"":""PT1H"",""Uom"":""KWH"",""ReadTS"":""2026-06-12T13:00:00Z"",""Value"":""5221804.522"",""Count"":""3788792""}"
363;"2026-06-12T12:00:00.000Z";"2026-06-12T13:00:00.000Z";5239583.163;"{""TimeSeriesType"":""CTT_SUM_CONS_ACP"",""Res"":""PT1H"",""Uom"":""KWH"",""ReadTS"":""2026-06-12T12:00:00Z"",""Value"":""5239583.163"",""Count"":""3788785""}"
363;"2026-06-12T11:00:00.000Z";"2026-06-12T12:00:00.000Z";5316841.95;"{""TimeSeriesType"":""CTT_SUM_CONS_ACP"",""Res"":""PT1H"",""Uom"":""KWH"",""ReadTS"":""2026-06-12T11:00:00Z"",""Value"":""5316841.95"",""Count"":""3788772""}"
363;"2026-06-12T10:00:00.000Z";"2026-06-12T11:00:00.000Z";5362869.69;"{""TimeSeriesType"":""CTT_SUM_CONS_ACP"",""Res"":""PT1H"",""Uom"":""KWH"",""ReadTS"":""2026-06-12T10:00:00Z"",""Value"":""5362869.69"",""Count"":""3788746""}"
363;"2026-06-12T09:00:00.000Z";"2026-06-12T10:00:00.000Z";5424593.867;"{""TimeSeriesType"":""CTT_SUM_CONS_ACP"",""Res"":""PT1H"",""Uom"":""KWH"",""ReadTS"":""2026-06-12T09:00:00Z"",""Value"":""5424593.867"",""Count"":""3788723""}"
363;"2026-06-12T08:00:00.000Z";"2026-06-12T09:00:00.000Z";5420578.17;"{""TimeSeriesType"":""CTT_SUM_CONS_ACP"",""Res"":""PT1H"",""Uom"":""KWH"",""ReadTS"":""2026-06-12T08:00:00Z"",""Value"":""5420578.17"",""Count"":""3788700""}"
363;"2026-06-12T07:00:00.000Z";"2026-06-12T08:00:00.000Z";5387851.451;"{""TimeSeriesType"":""CTT_SUM_CONS_ACP"",""Res"":""PT1H"",""Uom"":""KWH"",""ReadTS"":""2026-06-12T07:00:00Z"",""Value"":""5387851.451"",""Count"":""3788688""}"
363;"2026-06-12T06:00:00.000Z";"2026-06-12T07:00:00.000Z";5330942.576;"{""TimeSeriesType"":""CTT_SUM_CONS_ACP"",""Res"":""PT1H"",""Uom"":""KWH"",""ReadTS"":""2026-06-12T06:00:00Z"",""Value"":""5330942.576"",""Count"":""3788665""}"
363;"2026-06-12T05:00:00.000Z";"2026-06-12T06:00:00.000Z";5174723.658;"{""TimeSeriesType"":""CTT_SUM_CONS_ACP"",""Res"":""PT1H"",""Uom"":""KWH"",""ReadTS"":""2026-06-12T05:00:00Z"",""Value"":""5174723.658"",""Count"":""3788640""}"
363;"2026-06-12T04:00:00.000Z";"2026-06-12T05:00:00.000Z";4909796.701;"{""TimeSeriesType"":""CTT_SUM_CONS_ACP"",""Res"":""PT1H"",""Uom"":""KWH"",""ReadTS"":""2026-06-12T04:00:00Z"",""Value"":""4909796.701"",""Count"":""3788609""}"
363;"2026-06-12T03:00:00.000Z";"2026-06-12T04:00:00.000Z";4551247.133;"{""TimeSeriesType"":""CTT_SUM_CONS_ACP"",""Res"":""PT1H"",""Uom"":""KWH"",""ReadTS"":""2026-06-12T03:00:00Z"",""Value"":""4551247.133"",""Count"":""3788604""}"
363;"2026-06-12T02:00:00.000Z";"2026-06-12T03:00:00.000Z";4061983.588;"{""TimeSeriesType"":""CTT_SUM_CONS_ACP"",""Res"":""PT1H"",""Uom"":""KWH"",""ReadTS"":""2026-06-12T02:00:00Z"",""Value"":""4061983.588"",""Count"":""3788603""}"
363;"2026-06-12T01:00:00.000Z";"2026-06-12T02:00:00.000Z";3884484.159;"{""TimeSeriesType"":""CTT_SUM_CONS_ACP"",""Res"":""PT1H"",""Uom"":""KWH"",""ReadTS"":""2026-06-12T01:00:00Z"",""Value"":""3884484.159"",""Count"":""3788642""}"
363;"2026-06-12T00:00:00.000Z";"2026-06-12T01:00:00.000Z";3936147.066;"{""TimeSeriesType"":""CTT_SUM_CONS_ACP"",""Res"":""PT1H"",""Uom"":""KWH"",""ReadTS"":""2026-06-12T00:00:00Z"",""Value"":""3936147.066"",""Count"":""3788642""}"
363;"2026-06-11T23:00:00.000Z";"2026-06-12T00:00:00.000Z";4031822.733;"{""TimeSeriesType"":""CTT_SUM_CONS_ACP"",""Res"":""PT1H"",""Uom"":""KWH"",""ReadTS"":""2026-06-11T23:00:00Z"",""Value"":""4031822.733"",""Count"":""3788642""}"
363;"2026-06-11T22:00:00.000Z";"2026-06-11T23:00:00.000Z";4187988.553;"{""TimeSeriesType"":""CTT_SUM_CONS_ACP"",""Res"":""PT1H"",""Uom"":""KWH"",""ReadTS"":""2026-06-11T22:00:00Z"",""Value"":""4187988.553"",""Count"":""3788643""}"
363;"2026-06-11T21:00:00.000Z";"2026-06-11T22:00:00.000Z";4397181.962;"{""TimeSeriesType"":""CTT_SUM_CONS_ACP"",""Res"":""PT1H"",""Uom"":""KWH"",""ReadTS"":""2026-06-11T21:00:00Z"",""Value"":""4397181.962"",""Count"":""3788641""}"
363;"2026-06-11T20:00:00.000Z";"2026-06-11T21:00:00.000Z";4729526.084;"{""TimeSeriesType"":""CTT_SUM_CONS_ACP"",""Res"":""PT1H"",""Uom"":""KWH"",""ReadTS"":""2026-06-11T20:00:00Z"",""Value"":""4729526.084"",""Count"":""3787911""}"
363;"2026-06-11T19:00:00.000Z";"2026-06-11T20:00:00.000Z";4893426.551;"{""TimeSeriesType"":""CTT_SUM_CONS_ACP"",""Res"":""PT1H"",""Uom"":""KWH"",""ReadTS"":""2026-06-11T19:00:00Z"",""Value"":""4893426.551"",""Count"":""3787910""}"
363;"2026-06-11T18:00:00.000Z";"2026-06-11T19:00:00.000Z";4823396.354;"{""TimeSeriesType"":""CTT_SUM_CONS_ACP"",""Res"":""PT1H"",""Uom"":""KWH"",""ReadTS"":""2026-06-11T18:00:00Z"",""Value"":""4823396.354"",""Count"":""3787909""}"
363;"2026-06-11T17:00:00.000Z";"2026-06-11T18:00:00.000Z";5050629.95;"{""TimeSeriesType"":""CTT_SUM_CONS_ACP"",""Res"":""PT1H"",""Uom"":""KWH"",""ReadTS"":""2026-06-11T17:00:00Z"",""Value"":""5050629.95"",""Count"":""3787907""}"
363;"2026-06-11T16:00:00.000Z";"2026-06-11T17:00:00.000Z";5090579.881;"{""TimeSeriesType"":""CTT_SUM_CONS_ACP"",""Res"":""PT1H"",""Uom"":""KWH"",""ReadTS"":""2026-06-11T16:00:00Z"",""Value"":""5090579.881"",""Count"":""3787905""}"
363;"2026-06-11T15:00:00.000Z";"2026-06-11T16:00:00.000Z";5032056.615;"{""TimeSeriesType"":""CTT_SUM_CONS_ACP"",""Res"":""PT1H"",""Uom"":""KWH"",""ReadTS"":""2026-06-11T15:00:00Z"",""Value"":""5032056.615"",""Count"":""3787903""}"
363;"2026-06-11T14:00:00.000Z";"2026-06-11T15:00:00.000Z";5057911.496;"{""TimeSeriesType"":""CTT_SUM_CONS_ACP"",""Res"":""PT1H"",""Uom"":""KWH"",""ReadTS"":""2026-06-11T14:00:00Z"",""Value"":""5057911.496"",""Count"":""3787899""}"
363;"2026-06-11T13:00:00.000Z";"2026-06-11T14:00:00.000Z";5047162.932;"{""TimeSeriesType"":""CTT_SUM_CONS_ACP"",""Res"":""PT1H"",""Uom"":""KWH"",""ReadTS"":""2026-06-11T13:00:00Z"",""Value"":""5047162.932"",""Count"":""3787890""}"
363;"2026-06-11T12:00:00.000Z";"2026-06-11T13:00:00.000Z";5055359.728;"{""TimeSeriesType"":""CTT_SUM_CONS_ACP"",""Res"":""PT1H"",""Uom"":""KWH"",""ReadTS"":""2026-06-11T12:00:00Z"",""Value"":""5055359.728"",""Count"":""3787883""}"
363;"2026-06-11T11:00:00.000Z";"2026-06-11T12:00:00.000Z";5087895.596;"{""TimeSeriesType"":""CTT_SUM_CONS_ACP"",""Res"":""PT1H"",""Uom"":""KWH"",""ReadTS"":""2026-06-11T11:00:00Z"",""Value"":""5087895.596"",""Count"":""3787850""}"
363;"2026-06-11T10:00:00.000Z";"2026-06-11T11:00:00.000Z";5102943.078;"{""TimeSeriesType"":""CTT_SUM_CONS_ACP"",""Res"":""PT1H"",""Uom"":""KWH"",""ReadTS"":""2026-06-11T10:00:00Z"",""Value"":""5102943.078"",""Count"":""3787820""}"
363;"2026-06-11T09:00:00.000Z";"2026-06-11T10:00:00.000Z";5162108.464;"{""TimeSeriesType"":""CTT_SUM_CONS_ACP"",""Res"":""PT1H"",""Uom"":""KWH"",""ReadTS"":""2026-06-11T09:00:00Z"",""Value"":""5162108.464"",""Count"":""3787798""}"
363;"2026-06-11T08:00:00.000Z";"2026-06-11T09:00:00.000Z";5174231;"{""TimeSeriesType"":""CTT_SUM_CONS_ACP"",""Res"":""PT1H"",""Uom"":""KWH"",""ReadTS"":""2026-06-11T08:00:00Z"",""Value"":""5174231"",""Count"":""3787769""}"
363;"2026-06-11T07:00:00.000Z";"2026-06-11T08:00:00.000Z";5146922.865;"{""TimeSeriesType"":""CTT_SUM_CONS_ACP"",""Res"":""PT1H"",""Uom"":""KWH"",""ReadTS"":""2026-06-11T07:00:00Z"",""Value"":""5146922.865"",""Count"":""3787730""}"
363;"2026-06-11T06:00:00.000Z";"2026-06-11T07:00:00.000Z";5120080.461;"{""TimeSeriesType"":""CTT_SUM_CONS_ACP"",""Res"":""PT1H"",""Uom"":""KWH"",""ReadTS"":""2026-06-11T06:00:00Z"",""Value"":""5120080.461"",""Count"":""3787690""}"
363;"2026-06-11T05:00:00.000Z";"2026-06-11T06:00:00.000Z";5006526.389;"{""TimeSeriesType"":""CTT_SUM_CONS_ACP"",""Res"":""PT1H"",""Uom"":""KWH"",""ReadTS"":""2026-06-11T05:00:00Z"",""Value"":""5006526.389"",""Count"":""3787868""}"
363;"2026-06-11T04:00:00.000Z";"2026-06-11T05:00:00.000Z";4816779.186;"{""TimeSeriesType"":""CTT_SUM_CONS_ACP"",""Res"":""PT1H"",""Uom"":""KWH"",""ReadTS"":""2026-06-11T04:00:00Z"",""Value"":""4816779.186"",""Count"":""3787880""}"
363;"2026-06-11T03:00:00.000Z";"2026-06-11T04:00:00.000Z";4478645.567;"{""TimeSeriesType"":""CTT_SUM_CONS_ACP"",""Res"":""PT1H"",""Uom"":""KWH"",""ReadTS"":""2026-06-11T03:00:00Z"",""Value"":""4478645.567"",""Count"":""3787879""}"
363;"2026-06-11T02:00:00.000Z";"2026-06-11T03:00:00.000Z";4016646.197;"{""TimeSeriesType"":""CTT_SUM_CONS_ACP"",""Res"":""PT1H"",""Uom"":""KWH"",""ReadTS"":""2026-06-11T02:00:00Z"",""Value"":""4016646.197"",""Count"":""3787896""}"
363;"2026-06-11T01:00:00.000Z";"2026-06-11T02:00:00.000Z";3897688.918;"{""TimeSeriesType"":""CTT_SUM_CONS_ACP"",""Res"":""PT1H"",""Uom"":""KWH"",""ReadTS"":""2026-06-11T01:00:00Z"",""Value"":""3897688.918"",""Count"":""3787983""}"
363;"2026-06-11T00:00:00.000Z";"2026-06-11T01:00:00.000Z";4014615.573;"{""TimeSeriesType"":""CTT_SUM_CONS_ACP"",""Res"":""PT1H"",""Uom"":""KWH"",""ReadTS"":""2026-06-11T00:00:00Z"",""Value"":""4014615.573"",""Count"":""3787983""}"
363;"2026-06-10T23:00:00.000Z";"2026-06-11T00:00:00.000Z";4195793.554;"{""TimeSeriesType"":""CTT_SUM_CONS_ACP"",""Res"":""PT1H"",""Uom"":""KWH"",""ReadTS"":""2026-06-10T23:00:00Z"",""Value"":""4195793.554"",""Count"":""3787981""}"
363;"2026-06-10T22:00:00.000Z";"2026-06-10T23:00:00.000Z";4334307.702;"{""TimeSeriesType"":""CTT_SUM_CONS_ACP"",""Res"":""PT1H"",""Uom"":""KWH"",""ReadTS"":""2026-06-10T22:00:00Z"",""Value"":""4334307.702"",""Count"":""3787981""}"
363;"2026-06-10T21:00:00.000Z";"2026-06-10T22:00:00.000Z";4476400.935;"{""TimeSeriesType"":""CTT_SUM_CONS_ACP"",""Res"":""PT1H"",""Uom"":""KWH"",""ReadTS"":""2026-06-10T21:00:00Z"",""Value"":""4476400.935"",""Count"":""3787984""}"
363;"2026-06-10T20:00:00.000Z";"2026-06-10T21:00:00.000Z";4740668.045;"{""TimeSeriesType"":""CTT_SUM_CONS_ACP"",""Res"":""PT1H"",""Uom"":""KWH"",""ReadTS"":""2026-06-10T20:00:00Z"",""Value"":""4740668.045"",""Count"":""3787782""}"
363;"2026-06-10T19:00:00.000Z";"2026-06-10T20:00:00.000Z";4894139.217;"{""TimeSeriesType"":""CTT_SUM_CONS_ACP"",""Res"":""PT1H"",""Uom"":""KWH"",""ReadTS"":""2026-06-10T19:00:00Z"",""Value"":""4894139.217"",""Count"":""3787782""}"
363;"2026-06-10T18:00:00.000Z";"2026-06-10T19:00:00.000Z";4923129.879;"{""TimeSeriesType"":""CTT_SUM_CONS_ACP"",""Res"":""PT1H"",""Uom"":""KWH"",""ReadTS"":""2026-06-10T18:00:00Z"",""Value"":""4923129.879"",""Count"":""3787780""}"
363;"2026-06-10T17:00:00.000Z";"2026-06-10T18:00:00.000Z";5170895.975;"{""TimeSeriesType"":""CTT_SUM_CONS_ACP"",""Res"":""PT1H"",""Uom"":""KWH"",""ReadTS"":""2026-06-10T17:00:00Z"",""Value"":""5170895.975"",""Count"":""3787778""}"
363;"2026-06-10T16:00:00.000Z";"2026-06-10T17:00:00.000Z";5226298.079;"{""TimeSeriesType"":""CTT_SUM_CONS_ACP"",""Res"":""PT1H"",""Uom"":""KWH"",""ReadTS"":""2026-06-10T16:00:00Z"",""Value"":""5226298.079"",""Count"":""3787774""}"
363;"2026-06-10T15:00:00.000Z";"2026-06-10T16:00:00.000Z";5191780.202;"{""TimeSeriesType"":""CTT_SUM_CONS_ACP"",""Res"":""PT1H"",""Uom"":""KWH"",""ReadTS"":""2026-06-10T15:00:00Z"",""Value"":""5191780.202"",""Count"":""3787773""}"
363;"2026-06-10T14:00:00.000Z";"2026-06-10T15:00:00.000Z";5201895.116;"{""TimeSeriesType"":""CTT_SUM_CONS_ACP"",""Res"":""PT1H"",""Uom"":""KWH"",""ReadTS"":""2026-06-10T14:00:00Z"",""Value"":""5201895.116"",""Count"":""3787764""}"
363;"2026-06-10T13:00:00.000Z";"2026-06-10T14:00:00.000Z";5178207.059;"{""TimeSeriesType"":""CTT_SUM_CONS_ACP"",""Res"":""PT1H"",""Uom"":""KWH"",""ReadTS"":""2026-06-10T13:00:00Z"",""Value"":""5178207.059"",""Count"":""3787761""}"
363;"2026-06-10T12:00:00.000Z";"2026-06-10T13:00:00.000Z";5163556.59;"{""TimeSeriesType"":""CTT_SUM_CONS_ACP"",""Res"":""PT1H"",""Uom"":""KWH"",""ReadTS"":""2026-06-10T12:00:00Z"",""Value"":""5163556.59"",""Count"":""3787743""}"
363;"2026-06-10T11:00:00.000Z";"2026-06-10T12:00:00.000Z";5221517.434;"{""TimeSeriesType"":""CTT_SUM_CONS_ACP"",""Res"":""PT1H"",""Uom"":""KWH"",""ReadTS"":""2026-06-10T11:00:00Z"",""Value"":""5221517.434"",""Count"":""3787718""}"
363;"2026-06-10T10:00:00.000Z";"2026-06-10T11:00:00.000Z";5296503.541;"{""TimeSeriesType"":""CTT_SUM_CONS_ACP"",""Res"":""PT1H"",""Uom"":""KWH"",""ReadTS"":""2026-06-10T10:00:00Z"",""Value"":""5296503.541"",""Count"":""3787693""}"
363;"2026-06-10T09:00:00.000Z";"2026-06-10T10:00:00.000Z";5345630.529;"{""TimeSeriesType"":""CTT_SUM_CONS_ACP"",""Res"":""PT1H"",""Uom"":""KWH"",""ReadTS"":""2026-06-10T09:00:00Z"",""Value"":""5345630.529"",""Count"":""3787684""}"
363;"2026-06-10T08:00:00.000Z";"2026-06-10T09:00:00.000Z";5376152.456;"{""TimeSeriesType"":""CTT_SUM_CONS_ACP"",""Res"":""PT1H"",""Uom"":""KWH"",""ReadTS"":""2026-06-10T08:00:00Z"",""Value"":""5376152.456"",""Count"":""3787656""}"
363;"2026-06-10T07:00:00.000Z";"2026-06-10T08:00:00.000Z";5360524.691;"{""TimeSeriesType"":""CTT_SUM_CONS_ACP"",""Res"":""PT1H"",""Uom"":""KWH"",""ReadTS"":""2026-06-10T07:00:00Z"",""Value"":""5360524.691"",""Count"":""3787620""}"
363;"2026-06-10T06:00:00.000Z";"2026-06-10T07:00:00.000Z";5305262.15;"{""TimeSeriesType"":""CTT_SUM_CONS_ACP"",""Res"":""PT1H"",""Uom"":""KWH"",""ReadTS"":""2026-06-10T06:00:00Z"",""Value"":""5305262.15"",""Count"":""3787653""}"
363;"2026-06-10T05:00:00.000Z";"2026-06-10T06:00:00.000Z";5149331.008;"{""TimeSeriesType"":""CTT_SUM_CONS_ACP"",""Res"":""PT1H"",""Uom"":""KWH"",""ReadTS"":""2026-06-10T05:00:00Z"",""Value"":""5149331.008"",""Count"":""3787882""}"
363;"2026-06-10T04:00:00.000Z";"2026-06-10T05:00:00.000Z";4885177.395;"{""TimeSeriesType"":""CTT_SUM_CONS_ACP"",""Res"":""PT1H"",""Uom"":""KWH"",""ReadTS"":""2026-06-10T04:00:00Z"",""Value"":""4885177.395"",""Count"":""3787914""}"
363;"2026-06-10T03:00:00.000Z";"2026-06-10T04:00:00.000Z";4445472.919;"{""TimeSeriesType"":""CTT_SUM_CONS_ACP"",""Res"":""PT1H"",""Uom"":""KWH"",""ReadTS"":""2026-06-10T03:00:00Z"",""Value"":""4445472.919"",""Count"":""3787919""}"
363;"2026-06-10T02:00:00.000Z";"2026-06-10T03:00:00.000Z";3908361.438;"{""TimeSeriesType"":""CTT_SUM_CONS_ACP"",""Res"":""PT1H"",""Uom"":""KWH"",""ReadTS"":""2026-06-10T02:00:00Z"",""Value"":""3908361.438"",""Count"":""3787922""}"
363;"2026-06-10T01:00:00.000Z";"2026-06-10T02:00:00.000Z";3753751.321;"{""TimeSeriesType"":""CTT_SUM_CONS_ACP"",""Res"":""PT1H"",""Uom"":""KWH"",""ReadTS"":""2026-06-10T01:00:00Z"",""Value"":""3753751.321"",""Count"":""3787955""}"
363;"2026-06-10T00:00:00.000Z";"2026-06-10T01:00:00.000Z";3850307.554;"{""TimeSeriesType"":""CTT_SUM_CONS_ACP"",""Res"":""PT1H"",""Uom"":""KWH"",""ReadTS"":""2026-06-10T00:00:00Z"",""Value"":""3850307.554"",""Count"":""3787955""}"
363;"2026-06-09T23:00:00.000Z";"2026-06-10T00:00:00.000Z";3959404.114;"{""TimeSeriesType"":""CTT_SUM_CONS_ACP"",""Res"":""PT1H"",""Uom"":""KWH"",""ReadTS"":""2026-06-09T23:00:00Z"",""Value"":""3959404.114"",""Count"":""3787947""}"
363;"2026-06-09T22:00:00.000Z";"2026-06-09T23:00:00.000Z";4106576.155;"{""TimeSeriesType"":""CTT_SUM_CONS_ACP"",""Res"":""PT1H"",""Uom"":""KWH"",""ReadTS"":""2026-06-09T22:00:00Z"",""Value"":""4106576.155"",""Count"":""3787948""}"
363;"2026-06-09T21:00:00.000Z";"2026-06-09T22:00:00.000Z";4358718.416;"{""TimeSeriesType"":""CTT_SUM_CONS_ACP"",""Res"":""PT1H"",""Uom"":""KWH"",""ReadTS"":""2026-06-09T21:00:00Z"",""Value"":""4358718.416"",""Count"":""3787952""}"
363;"2026-06-09T20:00:00.000Z";"2026-06-09T21:00:00.000Z";4661187.976;"{""TimeSeriesType"":""CTT_SUM_CONS_ACP"",""Res"":""PT1H"",""Uom"":""KWH"",""ReadTS"":""2026-06-09T20:00:00Z"",""Value"":""4661187.976"",""Count"":""3787660""}"
363;"2026-06-09T19:00:00.000Z";"2026-06-09T20:00:00.000Z";4832335.413;"{""TimeSeriesType"":""CTT_SUM_CONS_ACP"",""Res"":""PT1H"",""Uom"":""KWH"",""ReadTS"":""2026-06-09T19:00:00Z"",""Value"":""4832335.413"",""Count"":""3787661""}"
363;"2026-06-09T18:00:00.000Z";"2026-06-09T19:00:00.000Z";4810231.855;"{""TimeSeriesType"":""CTT_SUM_CONS_ACP"",""Res"":""PT1H"",""Uom"":""KWH"",""ReadTS"":""2026-06-09T18:00:00Z"",""Value"":""4810231.855"",""Count"":""3787661""}"
363;"2026-06-09T17:00:00.000Z";"2026-06-09T18:00:00.000Z";5032522.303;"{""TimeSeriesType"":""CTT_SUM_CONS_ACP"",""Res"":""PT1H"",""Uom"":""KWH"",""ReadTS"":""2026-06-09T17:00:00Z"",""Value"":""5032522.303"",""Count"":""3787660""}"
363;"2026-06-09T16:00:00.000Z";"2026-06-09T17:00:00.000Z";5082162.459;"{""TimeSeriesType"":""CTT_SUM_CONS_ACP"",""Res"":""PT1H"",""Uom"":""KWH"",""ReadTS"":""2026-06-09T16:00:00Z"",""Value"":""5082162.459"",""Count"":""3787659""}"
363;"2026-06-09T15:00:00.000Z";"2026-06-09T16:00:00.000Z";5107398.884;"{""TimeSeriesType"":""CTT_SUM_CONS_ACP"",""Res"":""PT1H"",""Uom"":""KWH"",""ReadTS"":""2026-06-09T15:00:00Z"",""Value"":""5107398.884"",""Count"":""3787658""}"
363;"2026-06-09T14:00:00.000Z";"2026-06-09T15:00:00.000Z";5204975.842;"{""TimeSeriesType"":""CTT_SUM_CONS_ACP"",""Res"":""PT1H"",""Uom"":""KWH"",""ReadTS"":""2026-06-09T14:00:00Z"",""Value"":""5204975.842"",""Count"":""3787652""}"
363;"2026-06-09T13:00:00.000Z";"2026-06-09T14:00:00.000Z";5224567.426;"{""TimeSeriesType"":""CTT_SUM_CONS_ACP"",""Res"":""PT1H"",""Uom"":""KWH"",""ReadTS"":""2026-06-09T13:00:00Z"",""Value"":""5224567.426"",""Count"":""3787643""}"
363;"2026-06-09T12:00:00.000Z";"2026-06-09T13:00:00.000Z";5252208.654;"{""TimeSeriesType"":""CTT_SUM_CONS_ACP"",""Res"":""PT1H"",""Uom"":""KWH"",""ReadTS"":""2026-06-09T12:00:00Z"",""Value"":""5252208.654"",""Count"":""3787629""}"
363;"2026-06-09T11:00:00.000Z";"2026-06-09T12:00:00.000Z";5282791.835;"{""TimeSeriesType"":""CTT_SUM_CONS_ACP"",""Res"":""PT1H"",""Uom"":""KWH"",""ReadTS"":""2026-06-09T11:00:00Z"",""Value"":""5282791.835"",""Count"":""3787617""}"
363;"2026-06-09T10:00:00.000Z";"2026-06-09T11:00:00.000Z";5317163.016;"{""TimeSeriesType"":""CTT_SUM_CONS_ACP"",""Res"":""PT1H"",""Uom"":""KWH"",""ReadTS"":""2026-06-09T10:00:00Z"",""Value"":""5317163.016"",""Count"":""3787597""}"
363;"2026-06-09T09:00:00.000Z";"2026-06-09T10:00:00.000Z";5310167.593;"{""TimeSeriesType"":""CTT_SUM_CONS_ACP"",""Res"":""PT1H"",""Uom"":""KWH"",""ReadTS"":""2026-06-09T09:00:00Z"",""Value"":""5310167.593"",""Count"":""3787566""}"
363;"2026-06-09T08:00:00.000Z";"2026-06-09T09:00:00.000Z";5274969.204;"{""TimeSeriesType"":""CTT_SUM_CONS_ACP"",""Res"":""PT1H"",""Uom"":""KWH"",""ReadTS"":""2026-06-09T08:00:00Z"",""Value"":""5274969.204"",""Count"":""3787516""}"
363;"2026-06-09T07:00:00.000Z";"2026-06-09T08:00:00.000Z";5191965.929;"{""TimeSeriesType"":""CTT_SUM_CONS_ACP"",""Res"":""PT1H"",""Uom"":""KWH"",""ReadTS"":""2026-06-09T07:00:00Z"",""Value"":""5191965.929"",""Count"":""3787508""}"
363;"2026-06-09T06:00:00.000Z";"2026-06-09T07:00:00.000Z";5135272.55;"{""TimeSeriesType"":""CTT_SUM_CONS_ACP"",""Res"":""PT1H"",""Uom"":""KWH"",""ReadTS"":""2026-06-09T06:00:00Z"",""Value"":""5135272.55"",""Count"":""3787513""}"
363;"2026-06-09T05:00:00.000Z";"2026-06-09T06:00:00.000Z";5003649.075;"{""TimeSeriesType"":""CTT_SUM_CONS_ACP"",""Res"":""PT1H"",""Uom"":""KWH"",""ReadTS"":""2026-06-09T05:00:00Z"",""Value"":""5003649.075"",""Count"":""3787752""}"
363;"2026-06-09T04:00:00.000Z";"2026-06-09T05:00:00.000Z";4741859.85;"{""TimeSeriesType"":""CTT_SUM_CONS_ACP"",""Res"":""PT1H"",""Uom"":""KWH"",""ReadTS"":""2026-06-09T04:00:00Z"",""Value"":""4741859.85"",""Count"":""3787794""}"
363;"2026-06-09T03:00:00.000Z";"2026-06-09T04:00:00.000Z";4311432.082;"{""TimeSeriesType"":""CTT_SUM_CONS_ACP"",""Res"":""PT1H"",""Uom"":""KWH"",""ReadTS"":""2026-06-09T03:00:00Z"",""Value"":""4311432.082"",""Count"":""3787795""}"
363;"2026-06-09T02:00:00.000Z";"2026-06-09T03:00:00.000Z";3796260.019;"{""TimeSeriesType"":""CTT_SUM_CONS_ACP"",""Res"":""PT1H"",""Uom"":""KWH"",""ReadTS"":""2026-06-09T02:00:00Z"",""Value"":""3796260.019"",""Count"":""3787798""}"
363;"2026-06-09T01:00:00.000Z";"2026-06-09T02:00:00.000Z";3660131.924;"{""TimeSeriesType"":""CTT_SUM_CONS_ACP"",""Res"":""PT1H"",""Uom"":""KWH"",""ReadTS"":""2026-06-09T01:00:00Z"",""Value"":""3660131.924"",""Count"":""3787817""}"
363;"2026-06-09T00:00:00.000Z";"2026-06-09T01:00:00.000Z";3748119.094;"{""TimeSeriesType"":""CTT_SUM_CONS_ACP"",""Res"":""PT1H"",""Uom"":""KWH"",""ReadTS"":""2026-06-09T00:00:00Z"",""Value"":""3748119.094"",""Count"":""3787817""}"
363;"2026-06-08T23:00:00.000Z";"2026-06-09T00:00:00.000Z";3839888.87;"{""TimeSeriesType"":""CTT_SUM_CONS_ACP"",""Res"":""PT1H"",""Uom"":""KWH"",""ReadTS"":""2026-06-08T23:00:00Z"",""Value"":""3839888.87"",""Count"":""3787806""}"
363;"2026-06-08T22:00:00.000Z";"2026-06-08T23:00:00.000Z";3972748.994;"{""TimeSeriesType"":""CTT_SUM_CONS_ACP"",""Res"":""PT1H"",""Uom"":""KWH"",""ReadTS"":""2026-06-08T22:00:00Z"",""Value"":""3972748.994"",""Count"":""3787804""}"
363;"2026-06-08T21:00:00.000Z";"2026-06-08T22:00:00.000Z";4240101.41;"{""TimeSeriesType"":""CTT_SUM_CONS_ACP"",""Res"":""PT1H"",""Uom"":""KWH"",""ReadTS"":""2026-06-08T21:00:00Z"",""Value"":""4240101.41"",""Count"":""3787803""}"
363;"2026-06-08T20:00:00.000Z";"2026-06-08T21:00:00.000Z";4548498.092;"{""TimeSeriesType"":""CTT_SUM_CONS_ACP"",""Res"":""PT1H"",""Uom"":""KWH"",""ReadTS"":""2026-06-08T20:00:00Z"",""Value"":""4548498.092"",""Count"":""3787620""}"
363;"2026-06-08T19:00:00.000Z";"2026-06-08T20:00:00.000Z";4699760.301;"{""TimeSeriesType"":""CTT_SUM_CONS_ACP"",""Res"":""PT1H"",""Uom"":""KWH"",""ReadTS"":""2026-06-08T19:00:00Z"",""Value"":""4699760.301"",""Count"":""3787620""}"
363;"2026-06-08T18:00:00.000Z";"2026-06-08T19:00:00.000Z";4663280.064;"{""TimeSeriesType"":""CTT_SUM_CONS_ACP"",""Res"":""PT1H"",""Uom"":""KWH"",""ReadTS"":""2026-06-08T18:00:00Z"",""Value"":""4663280.064"",""Count"":""3787620""}"
363;"2026-06-08T17:00:00.000Z";"2026-06-08T18:00:00.000Z";4870022.494;"{""TimeSeriesType"":""CTT_SUM_CONS_ACP"",""Res"":""PT1H"",""Uom"":""KWH"",""ReadTS"":""2026-06-08T17:00:00Z"",""Value"":""4870022.494"",""Count"":""3787619""}"
363;"2026-06-08T16:00:00.000Z";"2026-06-08T17:00:00.000Z";4924756.637;"{""TimeSeriesType"":""CTT_SUM_CONS_ACP"",""Res"":""PT1H"",""Uom"":""KWH"",""ReadTS"":""2026-06-08T16:00:00Z"",""Value"":""4924756.637"",""Count"":""3787618""}"
363;"2026-06-08T15:00:00.000Z";"2026-06-08T16:00:00.000Z";4922968.193;"{""TimeSeriesType"":""CTT_SUM_CONS_ACP"",""Res"":""PT1H"",""Uom"":""KWH"",""ReadTS"":""2026-06-08T15:00:00Z"",""Value"":""4922968.193"",""Count"":""3787617""}"
363;"2026-06-08T14:00:00.000Z";"2026-06-08T15:00:00.000Z";4970105.301;"{""TimeSeriesType"":""CTT_SUM_CONS_ACP"",""Res"":""PT1H"",""Uom"":""KWH"",""ReadTS"":""2026-06-08T14:00:00Z"",""Value"":""4970105.301"",""Count"":""3787617""}"
363;"2026-06-08T13:00:00.000Z";"2026-06-08T14:00:00.000Z";4976970.593;"{""TimeSeriesType"":""CTT_SUM_CONS_ACP"",""Res"":""PT1H"",""Uom"":""KWH"",""ReadTS"":""2026-06-08T13:00:00Z"",""Value"":""4976970.593"",""Count"":""3787612""}"
363;"2026-06-08T12:00:00.000Z";"2026-06-08T13:00:00.000Z";5011546.706;"{""TimeSeriesType"":""CTT_SUM_CONS_ACP"",""Res"":""PT1H"",""Uom"":""KWH"",""ReadTS"":""2026-06-08T12:00:00Z"",""Value"":""5011546.706"",""Count"":""3787598""}"
363;"2026-06-08T11:00:00.000Z";"2026-06-08T12:00:00.000Z";5049402.158;"{""TimeSeriesType"":""CTT_SUM_CONS_ACP"",""Res"":""PT1H"",""Uom"":""KWH"",""ReadTS"":""2026-06-08T11:00:00Z"",""Value"":""5049402.158"",""Count"":""3787582""}"
363;"2026-06-08T10:00:00.000Z";"2026-06-08T11:00:00.000Z";5080096.973;"{""TimeSeriesType"":""CTT_SUM_CONS_ACP"",""Res"":""PT1H"",""Uom"":""KWH"",""ReadTS"":""2026-06-08T10:00:00Z"",""Value"":""5080096.973"",""Count"":""3787555""}"
363;"2026-06-08T09:00:00.000Z";"2026-06-08T10:00:00.000Z";5119056.144;"{""TimeSeriesType"":""CTT_SUM_CONS_ACP"",""Res"":""PT1H"",""Uom"":""KWH"",""ReadTS"":""2026-06-08T09:00:00Z"",""Value"":""5119056.144"",""Count"":""3787536""}"
363;"2026-06-08T08:00:00.000Z";"2026-06-08T09:00:00.000Z";5110871.94;"{""TimeSeriesType"":""CTT_SUM_CONS_ACP"",""Res"":""PT1H"",""Uom"":""KWH"",""ReadTS"":""2026-06-08T08:00:00Z"",""Value"":""5110871.94"",""Count"":""3787532""}"
363;"2026-06-08T07:00:00.000Z";"2026-06-08T08:00:00.000Z";5049253.261;"{""TimeSeriesType"":""CTT_SUM_CONS_ACP"",""Res"":""PT1H"",""Uom"":""KWH"",""ReadTS"":""2026-06-08T07:00:00Z"",""Value"":""5049253.261"",""Count"":""3787543""}"
363;"2026-06-08T06:00:00.000Z";"2026-06-08T07:00:00.000Z";5018427.166;"{""TimeSeriesType"":""CTT_SUM_CONS_ACP"",""Res"":""PT1H"",""Uom"":""KWH"",""ReadTS"":""2026-06-08T06:00:00Z"",""Value"":""5018427.166"",""Count"":""3787568""}"
363;"2026-06-08T05:00:00.000Z";"2026-06-08T06:00:00.000Z";4868988.412;"{""TimeSeriesType"":""CTT_SUM_CONS_ACP"",""Res"":""PT1H"",""Uom"":""KWH"",""ReadTS"":""2026-06-08T05:00:00Z"",""Value"":""4868988.412"",""Count"":""3787870""}"
363;"2026-06-08T04:00:00.000Z";"2026-06-08T05:00:00.000Z";4644648.407;"{""TimeSeriesType"":""CTT_SUM_CONS_ACP"",""Res"":""PT1H"",""Uom"":""KWH"",""ReadTS"":""2026-06-08T04:00:00Z"",""Value"":""4644648.407"",""Count"":""3787948""}"
363;"2026-06-08T03:00:00.000Z";"2026-06-08T04:00:00.000Z";4298223.292;"{""TimeSeriesType"":""CTT_SUM_CONS_ACP"",""Res"":""PT1H"",""Uom"":""KWH"",""ReadTS"":""2026-06-08T03:00:00Z"",""Value"":""4298223.292"",""Count"":""3787955""}"
363;"2026-06-08T02:00:00.000Z";"2026-06-08T03:00:00.000Z";3812397.141;"{""TimeSeriesType"":""CTT_SUM_CONS_ACP"",""Res"":""PT1H"",""Uom"":""KWH"",""ReadTS"":""2026-06-08T02:00:00Z"",""Value"":""3812397.141"",""Count"":""3787958""}"
363;"2026-06-08T01:00:00.000Z";"2026-06-08T02:00:00.000Z";3653238.233;"{""TimeSeriesType"":""CTT_SUM_CONS_ACP"",""Res"":""PT1H"",""Uom"":""KWH"",""ReadTS"":""2026-06-08T01:00:00Z"",""Value"":""3653238.233"",""Count"":""3787991""}"
363;"2026-06-08T00:00:00.000Z";"2026-06-08T01:00:00.000Z";3705951.304;"{""TimeSeriesType"":""CTT_SUM_CONS_ACP"",""Res"":""PT1H"",""Uom"":""KWH"",""ReadTS"":""2026-06-08T00:00:00Z"",""Value"":""3705951.304"",""Count"":""3787991""}"
363;"2026-06-07T23:00:00.000Z";"2026-06-08T00:00:00.000Z";3846085.431;"{""TimeSeriesType"":""CTT_SUM_CONS_ACP"",""Res"":""PT1H"",""Uom"":""KWH"",""ReadTS"":""2026-06-07T23:00:00Z"",""Value"":""3846085.431"",""Count"":""3787968""}"
363;"2026-06-07T22:00:00.000Z";"2026-06-07T23:00:00.000Z";3993201.564;"{""TimeSeriesType"":""CTT_SUM_CONS_ACP"",""Res"":""PT1H"",""Uom"":""KWH"",""ReadTS"":""2026-06-07T22:00:00Z"",""Value"":""3993201.564"",""Count"":""3787969""}"
363;"2026-06-07T21:00:00.000Z";"2026-06-07T22:00:00.000Z";4206425.106;"{""TimeSeriesType"":""CTT_SUM_CONS_ACP"",""Res"":""PT1H"",""Uom"":""KWH"",""ReadTS"":""2026-06-07T21:00:00Z"",""Value"":""4206425.106"",""Count"":""3787969""}"
363;"2026-06-07T20:00:00.000Z";"2026-06-07T21:00:00.000Z";4439024.703;"{""TimeSeriesType"":""CTT_SUM_CONS_ACP"",""Res"":""PT1H"",""Uom"":""KWH"",""ReadTS"":""2026-06-07T20:00:00Z"",""Value"":""4439024.703"",""Count"":""3787483""}"
363;"2026-06-07T19:00:00.000Z";"2026-06-07T20:00:00.000Z";4537716.125;"{""TimeSeriesType"":""CTT_SUM_CONS_ACP"",""Res"":""PT1H"",""Uom"":""KWH"",""ReadTS"":""2026-06-07T19:00:00Z"",""Value"":""4537716.125"",""Count"":""3787483""}"
363;"2026-06-07T18:00:00.000Z";"2026-06-07T19:00:00.000Z";4393383.486;"{""TimeSeriesType"":""CTT_SUM_CONS_ACP"",""Res"":""PT1H"",""Uom"":""KWH"",""ReadTS"":""2026-06-07T18:00:00Z"",""Value"":""4393383.486"",""Count"":""3787483""}"
363;"2026-06-07T17:00:00.000Z";"2026-06-07T18:00:00.000Z";4569502.116;"{""TimeSeriesType"":""CTT_SUM_CONS_ACP"",""Res"":""PT1H"",""Uom"":""KWH"",""ReadTS"":""2026-06-07T17:00:00Z"",""Value"":""4569502.116"",""Count"":""3787483""}"
363;"2026-06-07T16:00:00.000Z";"2026-06-07T17:00:00.000Z";4571707.408;"{""TimeSeriesType"":""CTT_SUM_CONS_ACP"",""Res"":""PT1H"",""Uom"":""KWH"",""ReadTS"":""2026-06-07T16:00:00Z"",""Value"":""4571707.408"",""Count"":""3787483""}"
363;"2026-06-07T15:00:00.000Z";"2026-06-07T16:00:00.000Z";4533547.266;"{""TimeSeriesType"":""CTT_SUM_CONS_ACP"",""Res"":""PT1H"",""Uom"":""KWH"",""ReadTS"":""2026-06-07T15:00:00Z"",""Value"":""4533547.266"",""Count"":""3787484""}"
363;"2026-06-07T14:00:00.000Z";"2026-06-07T15:00:00.000Z";4461627.737;"{""TimeSeriesType"":""CTT_SUM_CONS_ACP"",""Res"":""PT1H"",""Uom"":""KWH"",""ReadTS"":""2026-06-07T14:00:00Z"",""Value"":""4461627.737"",""Count"":""3787483""}"
363;"2026-06-07T13:00:00.000Z";"2026-06-07T14:00:00.000Z";4477784.126;"{""TimeSeriesType"":""CTT_SUM_CONS_ACP"",""Res"":""PT1H"",""Uom"":""KWH"",""ReadTS"":""2026-06-07T13:00:00Z"",""Value"":""4477784.126"",""Count"":""3787483""}"
363;"2026-06-07T12:00:00.000Z";"2026-06-07T13:00:00.000Z";4453890.122;"{""TimeSeriesType"":""CTT_SUM_CONS_ACP"",""Res"":""PT1H"",""Uom"":""KWH"",""ReadTS"":""2026-06-07T12:00:00Z"",""Value"":""4453890.122"",""Count"":""3787483""}"
363;"2026-06-07T11:00:00.000Z";"2026-06-07T12:00:00.000Z";4430102.855;"{""TimeSeriesType"":""CTT_SUM_CONS_ACP"",""Res"":""PT1H"",""Uom"":""KWH"",""ReadTS"":""2026-06-07T11:00:00Z"",""Value"":""4430102.855"",""Count"":""3787483""}"
363;"2026-06-07T10:00:00.000Z";"2026-06-07T11:00:00.000Z";4439273.529;"{""TimeSeriesType"":""CTT_SUM_CONS_ACP"",""Res"":""PT1H"",""Uom"":""KWH"",""ReadTS"":""2026-06-07T10:00:00Z"",""Value"":""4439273.529"",""Count"":""3787483""}"
363;"2026-06-07T09:00:00.000Z";"2026-06-07T10:00:00.000Z";4460863.873;"{""TimeSeriesType"":""CTT_SUM_CONS_ACP"",""Res"":""PT1H"",""Uom"":""KWH"",""ReadTS"":""2026-06-07T09:00:00Z"",""Value"":""4460863.873"",""Count"":""3787478""}"
363;"2026-06-07T08:00:00.000Z";"2026-06-07T09:00:00.000Z";4421373.533;"{""TimeSeriesType"":""CTT_SUM_CONS_ACP"",""Res"":""PT1H"",""Uom"":""KWH"",""ReadTS"":""2026-06-07T08:00:00Z"",""Value"":""4421373.533"",""Count"":""3787474""}"
363;"2026-06-07T07:00:00.000Z";"2026-06-07T08:00:00.000Z";4304516.139;"{""TimeSeriesType"":""CTT_SUM_CONS_ACP"",""Res"":""PT1H"",""Uom"":""KWH"",""ReadTS"":""2026-06-07T07:00:00Z"",""Value"":""4304516.139"",""Count"":""3787474""}"
363;"2026-06-07T06:00:00.000Z";"2026-06-07T07:00:00.000Z";4151763.199;"{""TimeSeriesType"":""CTT_SUM_CONS_ACP"",""Res"":""PT1H"",""Uom"":""KWH"",""ReadTS"":""2026-06-07T06:00:00Z"",""Value"":""4151763.199"",""Count"":""3787474""}"
363;"2026-06-07T05:00:00.000Z";"2026-06-07T06:00:00.000Z";3995134.847;"{""TimeSeriesType"":""CTT_SUM_CONS_ACP"",""Res"":""PT1H"",""Uom"":""KWH"",""ReadTS"":""2026-06-07T05:00:00Z"",""Value"":""3995134.847"",""Count"":""3787474""}"
363;"2026-06-07T04:00:00.000Z";"2026-06-07T05:00:00.000Z";3734944.489;"{""TimeSeriesType"":""CTT_SUM_CONS_ACP"",""Res"":""PT1H"",""Uom"":""KWH"",""ReadTS"":""2026-06-07T04:00:00Z"",""Value"":""3734944.489"",""Count"":""3787472""}"
363;"2026-06-07T03:00:00.000Z";"2026-06-07T04:00:00.000Z";3594063.629;"{""TimeSeriesType"":""CTT_SUM_CONS_ACP"",""Res"":""PT1H"",""Uom"":""KWH"",""ReadTS"":""2026-06-07T03:00:00Z"",""Value"":""3594063.629"",""Count"":""3787472""}"
363;"2026-06-07T02:00:00.000Z";"2026-06-07T03:00:00.000Z";3549226.32;"{""TimeSeriesType"":""CTT_SUM_CONS_ACP"",""Res"":""PT1H"",""Uom"":""KWH"",""ReadTS"":""2026-06-07T02:00:00Z"",""Value"":""3549226.32"",""Count"":""3787472""}"
363;"2026-06-07T01:00:00.000Z";"2026-06-07T02:00:00.000Z";3565783.768;"{""TimeSeriesType"":""CTT_SUM_CONS_ACP"",""Res"":""PT1H"",""Uom"":""KWH"",""ReadTS"":""2026-06-07T01:00:00Z"",""Value"":""3565783.768"",""Count"":""3787472""}"
363;"2026-06-07T00:00:00.000Z";"2026-06-07T01:00:00.000Z";3769336.61;"{""TimeSeriesType"":""CTT_SUM_CONS_ACP"",""Res"":""PT1H"",""Uom"":""KWH"",""ReadTS"":""2026-06-07T00:00:00Z"",""Value"":""3769336.61"",""Count"":""3787472""}"
363;"2026-06-06T23:00:00.000Z";"2026-06-07T00:00:00.000Z";3920273.28;"{""TimeSeriesType"":""CTT_SUM_CONS_ACP"",""Res"":""PT1H"",""Uom"":""KWH"",""ReadTS"":""2026-06-06T23:00:00Z"",""Value"":""3920273.28"",""Count"":""3787472""}"
363;"2026-06-06T22:00:00.000Z";"2026-06-06T23:00:00.000Z";4064391.419;"{""TimeSeriesType"":""CTT_SUM_CONS_ACP"",""Res"":""PT1H"",""Uom"":""KWH"",""ReadTS"":""2026-06-06T22:00:00Z"",""Value"":""4064391.419"",""Count"":""3787472""}"
363;"2026-06-06T21:00:00.000Z";"2026-06-06T22:00:00.000Z";4257725.202;"{""TimeSeriesType"":""CTT_SUM_CONS_ACP"",""Res"":""PT1H"",""Uom"":""KWH"",""ReadTS"":""2026-06-06T21:00:00Z"",""Value"":""4257725.202"",""Count"":""3787472""}"
363;"2026-06-06T20:00:00.000Z";"2026-06-06T21:00:00.000Z";4553700.31;"{""TimeSeriesType"":""CTT_SUM_CONS_ACP"",""Res"":""PT1H"",""Uom"":""KWH"",""ReadTS"":""2026-06-06T20:00:00Z"",""Value"":""4553700.31"",""Count"":""3787540""}"
363;"2026-06-06T19:00:00.000Z";"2026-06-06T20:00:00.000Z";4675281.319;"{""TimeSeriesType"":""CTT_SUM_CONS_ACP"",""Res"":""PT1H"",""Uom"":""KWH"",""ReadTS"":""2026-06-06T19:00:00Z"",""Value"":""4675281.319"",""Count"":""3787540""}"
363;"2026-06-06T18:00:00.000Z";"2026-06-06T19:00:00.000Z";4602363.275;"{""TimeSeriesType"":""CTT_SUM_CONS_ACP"",""Res"":""PT1H"",""Uom"":""KWH"",""ReadTS"":""2026-06-06T18:00:00Z"",""Value"":""4602363.275"",""Count"":""3787540""}"
363;"2026-06-06T17:00:00.000Z";"2026-06-06T18:00:00.000Z";4704847.305;"{""TimeSeriesType"":""CTT_SUM_CONS_ACP"",""Res"":""PT1H"",""Uom"":""KWH"",""ReadTS"":""2026-06-06T17:00:00Z"",""Value"":""4704847.305"",""Count"":""3787540""}"
363;"2026-06-06T16:00:00.000Z";"2026-06-06T17:00:00.000Z";4800751.141;"{""TimeSeriesType"":""CTT_SUM_CONS_ACP"",""Res"":""PT1H"",""Uom"":""KWH"",""ReadTS"":""2026-06-06T16:00:00Z"",""Value"":""4800751.141"",""Count"":""3787540""}"
363;"2026-06-06T15:00:00.000Z";"2026-06-06T16:00:00.000Z";4819882.62;"{""TimeSeriesType"":""CTT_SUM_CONS_ACP"",""Res"":""PT1H"",""Uom"":""KWH"",""ReadTS"":""2026-06-06T15:00:00Z"",""Value"":""4819882.62"",""Count"":""3787540""}"
363;"2026-06-06T14:00:00.000Z";"2026-06-06T15:00:00.000Z";4792906.155;"{""TimeSeriesType"":""CTT_SUM_CONS_ACP"",""Res"":""PT1H"",""Uom"":""KWH"",""ReadTS"":""2026-06-06T14:00:00Z"",""Value"":""4792906.155"",""Count"":""3787540""}"
363;"2026-06-06T13:00:00.000Z";"2026-06-06T14:00:00.000Z";4776732.949;"{""TimeSeriesType"":""CTT_SUM_CONS_ACP"",""Res"":""PT1H"",""Uom"":""KWH"",""ReadTS"":""2026-06-06T13:00:00Z"",""Value"":""4776732.949"",""Count"":""3787540""}"
363;"2026-06-06T12:00:00.000Z";"2026-06-06T13:00:00.000Z";4707241.889;"{""TimeSeriesType"":""CTT_SUM_CONS_ACP"",""Res"":""PT1H"",""Uom"":""KWH"",""ReadTS"":""2026-06-06T12:00:00Z"",""Value"":""4707241.889"",""Count"":""3787540""}"
363;"2026-06-06T11:00:00.000Z";"2026-06-06T12:00:00.000Z";4661646.003;"{""TimeSeriesType"":""CTT_SUM_CONS_ACP"",""Res"":""PT1H"",""Uom"":""KWH"",""ReadTS"":""2026-06-06T11:00:00Z"",""Value"":""4661646.003"",""Count"":""3787540""}"
363;"2026-06-06T10:00:00.000Z";"2026-06-06T11:00:00.000Z";4640004.612;"{""TimeSeriesType"":""CTT_SUM_CONS_ACP"",""Res"":""PT1H"",""Uom"":""KWH"",""ReadTS"":""2026-06-06T10:00:00Z"",""Value"":""4640004.612"",""Count"":""3787541""}"
363;"2026-06-06T09:00:00.000Z";"2026-06-06T10:00:00.000Z";4638646.805;"{""TimeSeriesType"":""CTT_SUM_CONS_ACP"",""Res"":""PT1H"",""Uom"":""KWH"",""ReadTS"":""2026-06-06T09:00:00Z"",""Value"":""4638646.805"",""Count"":""3787541""}"
363;"2026-06-06T08:00:00.000Z";"2026-06-06T09:00:00.000Z";4565947.348;"{""TimeSeriesType"":""CTT_SUM_CONS_ACP"",""Res"":""PT1H"",""Uom"":""KWH"",""ReadTS"":""2026-06-06T08:00:00Z"",""Value"":""4565947.348"",""Count"":""3787553""}"
363;"2026-06-06T07:00:00.000Z";"2026-06-06T08:00:00.000Z";4448404.971;"{""TimeSeriesType"":""CTT_SUM_CONS_ACP"",""Res"":""PT1H"",""Uom"":""KWH"",""ReadTS"":""2026-06-06T07:00:00Z"",""Value"":""4448404.971"",""Count"":""3787553""}"
363;"2026-06-06T06:00:00.000Z";"2026-06-06T07:00:00.000Z";4237468.202;"{""TimeSeriesType"":""CTT_SUM_CONS_ACP"",""Res"":""PT1H"",""Uom"":""KWH"",""ReadTS"":""2026-06-06T06:00:00Z"",""Value"":""4237468.202"",""Count"":""3787553""}"
363;"2026-06-06T05:00:00.000Z";"2026-06-06T06:00:00.000Z";3992524.237;"{""TimeSeriesType"":""CTT_SUM_CONS_ACP"",""Res"":""PT1H"",""Uom"":""KWH"",""ReadTS"":""2026-06-06T05:00:00Z"",""Value"":""3992524.237"",""Count"":""3787552""}"
363;"2026-06-06T04:00:00.000Z";"2026-06-06T05:00:00.000Z";3760135.367;"{""TimeSeriesType"":""CTT_SUM_CONS_ACP"",""Res"":""PT1H"",""Uom"":""KWH"",""ReadTS"":""2026-06-06T04:00:00Z"",""Value"":""3760135.367"",""Count"":""3787553""}"
363;"2026-06-06T03:00:00.000Z";"2026-06-06T04:00:00.000Z";3601150.587;"{""TimeSeriesType"":""CTT_SUM_CONS_ACP"",""Res"":""PT1H"",""Uom"":""KWH"",""ReadTS"":""2026-06-06T03:00:00Z"",""Value"":""3601150.587"",""Count"":""3787553""}"
363;"2026-06-06T02:00:00.000Z";"2026-06-06T03:00:00.000Z";3446010.342;"{""TimeSeriesType"":""CTT_SUM_CONS_ACP"",""Res"":""PT1H"",""Uom"":""KWH"",""ReadTS"":""2026-06-06T02:00:00Z"",""Value"":""3446010.342"",""Count"":""3787553""}"
363;"2026-06-06T01:00:00.000Z";"2026-06-06T02:00:00.000Z";3440584.829;"{""TimeSeriesType"":""CTT_SUM_CONS_ACP"",""Res"":""PT1H"",""Uom"":""KWH"",""ReadTS"":""2026-06-06T01:00:00Z"",""Value"":""3440584.829"",""Count"":""3787553""}"
363;"2026-06-06T00:00:00.000Z";"2026-06-06T01:00:00.000Z";3559284.768;"{""TimeSeriesType"":""CTT_SUM_CONS_ACP"",""Res"":""PT1H"",""Uom"":""KWH"",""ReadTS"":""2026-06-06T00:00:00Z"",""Value"":""3559284.768"",""Count"":""3787554""}"
363;"2026-06-05T23:00:00.000Z";"2026-06-06T00:00:00.000Z";3737100.679;"{""TimeSeriesType"":""CTT_SUM_CONS_ACP"",""Res"":""PT1H"",""Uom"":""KWH"",""ReadTS"":""2026-06-05T23:00:00Z"",""Value"":""3737100.679"",""Count"":""3787507""}"
363;"2026-06-05T22:00:00.000Z";"2026-06-05T23:00:00.000Z";3898254.307;"{""TimeSeriesType"":""CTT_SUM_CONS_ACP"",""Res"":""PT1H"",""Uom"":""KWH"",""ReadTS"":""2026-06-05T22:00:00Z"",""Value"":""3898254.307"",""Count"":""3787507""}"
363;"2026-06-05T21:00:00.000Z";"2026-06-05T22:00:00.000Z";4122133.035;"{""TimeSeriesType"":""CTT_SUM_CONS_ACP"",""Res"":""PT1H"",""Uom"":""KWH"",""ReadTS"":""2026-06-05T21:00:00Z"",""Value"":""4122133.035"",""Count"":""3787506""}"
363;"2026-06-05T20:00:00.000Z";"2026-06-05T21:00:00.000Z";4476360.983;"{""TimeSeriesType"":""CTT_SUM_CONS_ACP"",""Res"":""PT1H"",""Uom"":""KWH"",""ReadTS"":""2026-06-05T20:00:00Z"",""Value"":""4476360.983"",""Count"":""3787869""}"
363;"2026-06-05T19:00:00.000Z";"2026-06-05T20:00:00.000Z";4631976.603;"{""TimeSeriesType"":""CTT_SUM_CONS_ACP"",""Res"":""PT1H"",""Uom"":""KWH"",""ReadTS"":""2026-06-05T19:00:00Z"",""Value"":""4631976.603"",""Count"":""3787869""}"
363;"2026-06-05T18:00:00.000Z";"2026-06-05T19:00:00.000Z";4614613.659;"{""TimeSeriesType"":""CTT_SUM_CONS_ACP"",""Res"":""PT1H"",""Uom"":""KWH"",""ReadTS"":""2026-06-05T18:00:00Z"",""Value"":""4614613.659"",""Count"":""3787869""}"
363;"2026-06-05T17:00:00.000Z";"2026-06-05T18:00:00.000Z";4888020.103;"{""TimeSeriesType"":""CTT_SUM_CONS_ACP"",""Res"":""PT1H"",""Uom"":""KWH"",""ReadTS"":""2026-06-05T17:00:00Z"",""Value"":""4888020.103"",""Count"":""3787869""}"
363;"2026-06-05T16:00:00.000Z";"2026-06-05T17:00:00.000Z";5020425.939;"{""TimeSeriesType"":""CTT_SUM_CONS_ACP"",""Res"":""PT1H"",""Uom"":""KWH"",""ReadTS"":""2026-06-05T16:00:00Z"",""Value"":""5020425.939"",""Count"":""3787868""}"
363;"2026-06-05T15:00:00.000Z";"2026-06-05T16:00:00.000Z";5049754.015;"{""TimeSeriesType"":""CTT_SUM_CONS_ACP"",""Res"":""PT1H"",""Uom"":""KWH"",""ReadTS"":""2026-06-05T15:00:00Z"",""Value"":""5049754.015"",""Count"":""3787868""}"
363;"2026-06-05T14:00:00.000Z";"2026-06-05T15:00:00.000Z";5113696.854;"{""TimeSeriesType"":""CTT_SUM_CONS_ACP"",""Res"":""PT1H"",""Uom"":""KWH"",""ReadTS"":""2026-06-05T14:00:00Z"",""Value"":""5113696.854"",""Count"":""3787867""}"
363;"2026-06-05T13:00:00.000Z";"2026-06-05T14:00:00.000Z";5170261.97;"{""TimeSeriesType"":""CTT_SUM_CONS_ACP"",""Res"":""PT1H"",""Uom"":""KWH"",""ReadTS"":""2026-06-05T13:00:00Z"",""Value"":""5170261.97"",""Count"":""3787863""}"
363;"2026-06-05T12:00:00.000Z";"2026-06-05T13:00:00.000Z";5180356.676;"{""TimeSeriesType"":""CTT_SUM_CONS_ACP"",""Res"":""PT1H"",""Uom"":""KWH"",""ReadTS"":""2026-06-05T12:00:00Z"",""Value"":""5180356.676"",""Count"":""3787847""}"
363;"2026-06-05T11:00:00.000Z";"2026-06-05T12:00:00.000Z";5233940.264;"{""TimeSeriesType"":""CTT_SUM_CONS_ACP"",""Res"":""PT1H"",""Uom"":""KWH"",""ReadTS"":""2026-06-05T11:00:00Z"",""Value"":""5233940.264"",""Count"":""3787825""}"
363;"2026-06-05T10:00:00.000Z";"2026-06-05T11:00:00.000Z";5284508.683;"{""TimeSeriesType"":""CTT_SUM_CONS_ACP"",""Res"":""PT1H"",""Uom"":""KWH"",""ReadTS"":""2026-06-05T10:00:00Z"",""Value"":""5284508.683"",""Count"":""3787804""}"
363;"2026-06-05T09:00:00.000Z";"2026-06-05T10:00:00.000Z";5337831.003;"{""TimeSeriesType"":""CTT_SUM_CONS_ACP"",""Res"":""PT1H"",""Uom"":""KWH"",""ReadTS"":""2026-06-05T09:00:00Z"",""Value"":""5337831.003"",""Count"":""3787786""}"
363;"2026-06-05T08:00:00.000Z";"2026-06-05T09:00:00.000Z";5303643.129;"{""TimeSeriesType"":""CTT_SUM_CONS_ACP"",""Res"":""PT1H"",""Uom"":""KWH"",""ReadTS"":""2026-06-05T08:00:00Z"",""Value"":""5303643.129"",""Count"":""3787770""}"
363;"2026-06-05T07:00:00.000Z";"2026-06-05T08:00:00.000Z";5261231.723;"{""TimeSeriesType"":""CTT_SUM_CONS_ACP"",""Res"":""PT1H"",""Uom"":""KWH"",""ReadTS"":""2026-06-05T07:00:00Z"",""Value"":""5261231.723"",""Count"":""3787757""}"
363;"2026-06-05T06:00:00.000Z";"2026-06-05T07:00:00.000Z";5175223.976;"{""TimeSeriesType"":""CTT_SUM_CONS_ACP"",""Res"":""PT1H"",""Uom"":""KWH"",""ReadTS"":""2026-06-05T06:00:00Z"",""Value"":""5175223.976"",""Count"":""3787698""}"
363;"2026-06-05T05:00:00.000Z";"2026-06-05T06:00:00.000Z";4981507.33;"{""TimeSeriesType"":""CTT_SUM_CONS_ACP"",""Res"":""PT1H"",""Uom"":""KWH"",""ReadTS"":""2026-06-05T05:00:00Z"",""Value"":""4981507.33"",""Count"":""3787636""}"
363;"2026-06-05T04:00:00.000Z";"2026-06-05T05:00:00.000Z";4703193.571;"{""TimeSeriesType"":""CTT_SUM_CONS_ACP"",""Res"":""PT1H"",""Uom"":""KWH"",""ReadTS"":""2026-06-05T04:00:00Z"",""Value"":""4703193.571"",""Count"":""3787589""}"
363;"2026-06-05T03:00:00.000Z";"2026-06-05T04:00:00.000Z";4314392.132;"{""TimeSeriesType"":""CTT_SUM_CONS_ACP"",""Res"":""PT1H"",""Uom"":""KWH"",""ReadTS"":""2026-06-05T03:00:00Z"",""Value"":""4314392.132"",""Count"":""3787588""}"
363;"2026-06-05T02:00:00.000Z";"2026-06-05T03:00:00.000Z";3852317.675;"{""TimeSeriesType"":""CTT_SUM_CONS_ACP"",""Res"":""PT1H"",""Uom"":""KWH"",""ReadTS"":""2026-06-05T02:00:00Z"",""Value"":""3852317.675"",""Count"":""3787588""}"
363;"2026-06-05T01:00:00.000Z";"2026-06-05T02:00:00.000Z";3800503.233;"{""TimeSeriesType"":""CTT_SUM_CONS_ACP"",""Res"":""PT1H"",""Uom"":""KWH"",""ReadTS"":""2026-06-05T01:00:00Z"",""Value"":""3800503.233"",""Count"":""3787609""}"
363;"2026-06-05T00:00:00.000Z";"2026-06-05T01:00:00.000Z";3843268.665;"{""TimeSeriesType"":""CTT_SUM_CONS_ACP"",""Res"":""PT1H"",""Uom"":""KWH"",""ReadTS"":""2026-06-05T00:00:00Z"",""Value"":""3843268.665"",""Count"":""3787609""}"
363;"2026-06-04T23:00:00.000Z";"2026-06-05T00:00:00.000Z";3971952.351;"{""TimeSeriesType"":""CTT_SUM_CONS_ACP"",""Res"":""PT1H"",""Uom"":""KWH"",""ReadTS"":""2026-06-04T23:00:00Z"",""Value"":""3971952.351"",""Count"":""3787608""}"
363;"2026-06-04T22:00:00.000Z";"2026-06-04T23:00:00.000Z";4194740.794;"{""TimeSeriesType"":""CTT_SUM_CONS_ACP"",""Res"":""PT1H"",""Uom"":""KWH"",""ReadTS"":""2026-06-04T22:00:00Z"",""Value"":""4194740.794"",""Count"":""3787608""}"
363;"2026-06-04T21:00:00.000Z";"2026-06-04T22:00:00.000Z";4364641.437;"{""TimeSeriesType"":""CTT_SUM_CONS_ACP"",""Res"":""PT1H"",""Uom"":""KWH"",""ReadTS"":""2026-06-04T21:00:00Z"",""Value"":""4364641.437"",""Count"":""3787606""}"
363;"2026-06-04T20:00:00.000Z";"2026-06-04T21:00:00.000Z";4674735.562;"{""TimeSeriesType"":""CTT_SUM_CONS_ACP"",""Res"":""PT1H"",""Uom"":""KWH"",""ReadTS"":""2026-06-04T20:00:00Z"",""Value"":""4674735.562"",""Count"":""3786908""}"
363;"2026-06-04T19:00:00.000Z";"2026-06-04T20:00:00.000Z";4864367.848;"{""TimeSeriesType"":""CTT_SUM_CONS_ACP"",""Res"":""PT1H"",""Uom"":""KWH"",""ReadTS"":""2026-06-04T19:00:00Z"",""Value"":""4864367.848"",""Count"":""3786908""}"
363;"2026-06-04T18:00:00.000Z";"2026-06-04T19:00:00.000Z";4838747.227;"{""TimeSeriesType"":""CTT_SUM_CONS_ACP"",""Res"":""PT1H"",""Uom"":""KWH"",""ReadTS"":""2026-06-04T18:00:00Z"",""Value"":""4838747.227"",""Count"":""3786908""}"
363;"2026-06-04T17:00:00.000Z";"2026-06-04T18:00:00.000Z";5054356.227;"{""TimeSeriesType"":""CTT_SUM_CONS_ACP"",""Res"":""PT1H"",""Uom"":""KWH"",""ReadTS"":""2026-06-04T17:00:00Z"",""Value"":""5054356.227"",""Count"":""3786907""}"
363;"2026-06-04T16:00:00.000Z";"2026-06-04T17:00:00.000Z";5103550.48;"{""TimeSeriesType"":""CTT_SUM_CONS_ACP"",""Res"":""PT1H"",""Uom"":""KWH"",""ReadTS"":""2026-06-04T16:00:00Z"",""Value"":""5103550.48"",""Count"":""3786904""}"
363;"2026-06-04T15:00:00.000Z";"2026-06-04T16:00:00.000Z";5060240.715;"{""TimeSeriesType"":""CTT_SUM_CONS_ACP"",""Res"":""PT1H"",""Uom"":""KWH"",""ReadTS"":""2026-06-04T15:00:00Z"",""Value"":""5060240.715"",""Count"":""3786906""}"
363;"2026-06-04T14:00:00.000Z";"2026-06-04T15:00:00.000Z";5150518.833;"{""TimeSeriesType"":""CTT_SUM_CONS_ACP"",""Res"":""PT1H"",""Uom"":""KWH"",""ReadTS"":""2026-06-04T14:00:00Z"",""Value"":""5150518.833"",""Count"":""3786904""}"
363;"2026-06-04T13:00:00.000Z";"2026-06-04T14:00:00.000Z";5203868.127;"{""TimeSeriesType"":""CTT_SUM_CONS_ACP"",""Res"":""PT1H"",""Uom"":""KWH"",""ReadTS"":""2026-06-04T13:00:00Z"",""Value"":""5203868.127"",""Count"":""3786893""}"
363;"2026-06-04T12:00:00.000Z";"2026-06-04T13:00:00.000Z";5210445.387;"{""TimeSeriesType"":""CTT_SUM_CONS_ACP"",""Res"":""PT1H"",""Uom"":""KWH"",""ReadTS"":""2026-06-04T12:00:00Z"",""Value"":""5210445.387"",""Count"":""3786877""}"
363;"2026-06-04T11:00:00.000Z";"2026-06-04T12:00:00.000Z";5269956.628;"{""TimeSeriesType"":""CTT_SUM_CONS_ACP"",""Res"":""PT1H"",""Uom"":""KWH"",""ReadTS"":""2026-06-04T11:00:00Z"",""Value"":""5269956.628"",""Count"":""3786857""}"
363;"2026-06-04T10:00:00.000Z";"2026-06-04T11:00:00.000Z";5378719.045;"{""TimeSeriesType"":""CTT_SUM_CONS_ACP"",""Res"":""PT1H"",""Uom"":""KWH"",""ReadTS"":""2026-06-04T10:00:00Z"",""Value"":""5378719.045"",""Count"":""3786827""}"
363;"2026-06-04T09:00:00.000Z";"2026-06-04T10:00:00.000Z";5423651.381;"{""TimeSeriesType"":""CTT_SUM_CONS_ACP"",""Res"":""PT1H"",""Uom"":""KWH"",""ReadTS"":""2026-06-04T09:00:00Z"",""Value"":""5423651.381"",""Count"":""3786792""}"
363;"2026-06-04T08:00:00.000Z";"2026-06-04T09:00:00.000Z";5308558.872;"{""TimeSeriesType"":""CTT_SUM_CONS_ACP"",""Res"":""PT1H"",""Uom"":""KWH"",""ReadTS"":""2026-06-04T08:00:00Z"",""Value"":""5308558.872"",""Count"":""3786752""}"
363;"2026-06-04T07:00:00.000Z";"2026-06-04T08:00:00.000Z";5244343.546;"{""TimeSeriesType"":""CTT_SUM_CONS_ACP"",""Res"":""PT1H"",""Uom"":""KWH"",""ReadTS"":""2026-06-04T07:00:00Z"",""Value"":""5244343.546"",""Count"":""3786718""}"
363;"2026-06-04T06:00:00.000Z";"2026-06-04T07:00:00.000Z";5170040.579;"{""TimeSeriesType"":""CTT_SUM_CONS_ACP"",""Res"":""PT1H"",""Uom"":""KWH"",""ReadTS"":""2026-06-04T06:00:00Z"",""Value"":""5170040.579"",""Count"":""3786733""}"
363;"2026-06-04T05:00:00.000Z";"2026-06-04T06:00:00.000Z";5021021.798;"{""TimeSeriesType"":""CTT_SUM_CONS_ACP"",""Res"":""PT1H"",""Uom"":""KWH"",""ReadTS"":""2026-06-04T05:00:00Z"",""Value"":""5021021.798"",""Count"":""3787023""}"
363;"2026-06-04T04:00:00.000Z";"2026-06-04T05:00:00.000Z";4800096.834;"{""TimeSeriesType"":""CTT_SUM_CONS_ACP"",""Res"":""PT1H"",""Uom"":""KWH"",""ReadTS"":""2026-06-04T04:00:00Z"",""Value"":""4800096.834"",""Count"":""3787077""}"
363;"2026-06-04T03:00:00.000Z";"2026-06-04T04:00:00.000Z";4446870.907;"{""TimeSeriesType"":""CTT_SUM_CONS_ACP"",""Res"":""PT1H"",""Uom"":""KWH"",""ReadTS"":""2026-06-04T03:00:00Z"",""Value"":""4446870.907"",""Count"":""3787085""}"
363;"2026-06-04T02:00:00.000Z";"2026-06-04T03:00:00.000Z";3964144.972;"{""TimeSeriesType"":""CTT_SUM_CONS_ACP"",""Res"":""PT1H"",""Uom"":""KWH"",""ReadTS"":""2026-06-04T02:00:00Z"",""Value"":""3964144.972"",""Count"":""3787093""}"
363;"2026-06-04T01:00:00.000Z";"2026-06-04T02:00:00.000Z";3825325.212;"{""TimeSeriesType"":""CTT_SUM_CONS_ACP"",""Res"":""PT1H"",""Uom"":""KWH"",""ReadTS"":""2026-06-04T01:00:00Z"",""Value"":""3825325.212"",""Count"":""3787130""}"
363;"2026-06-04T00:00:00.000Z";"2026-06-04T01:00:00.000Z";3927515.949;"{""TimeSeriesType"":""CTT_SUM_CONS_ACP"",""Res"":""PT1H"",""Uom"":""KWH"",""ReadTS"":""2026-06-04T00:00:00Z"",""Value"":""3927515.949"",""Count"":""3787130""}"
363;"2026-06-03T23:00:00.000Z";"2026-06-04T00:00:00.000Z";4020769.796;"{""TimeSeriesType"":""CTT_SUM_CONS_ACP"",""Res"":""PT1H"",""Uom"":""KWH"",""ReadTS"":""2026-06-03T23:00:00Z"",""Value"":""4020769.796"",""Count"":""3787126""}"
363;"2026-06-03T22:00:00.000Z";"2026-06-03T23:00:00.000Z";4117703.328;"{""TimeSeriesType"":""CTT_SUM_CONS_ACP"",""Res"":""PT1H"",""Uom"":""KWH"",""ReadTS"":""2026-06-03T22:00:00Z"",""Value"":""4117703.328"",""Count"":""3787126""}"
363;"2026-06-03T21:00:00.000Z";"2026-06-03T22:00:00.000Z";4345891.44;"{""TimeSeriesType"":""CTT_SUM_CONS_ACP"",""Res"":""PT1H"",""Uom"":""KWH"",""ReadTS"":""2026-06-03T21:00:00Z"",""Value"":""4345891.44"",""Count"":""3787127""}"
363;"2026-06-03T20:00:00.000Z";"2026-06-03T21:00:00.000Z";4648334.569;"{""TimeSeriesType"":""CTT_SUM_CONS_ACP"",""Res"":""PT1H"",""Uom"":""KWH"",""ReadTS"":""2026-06-03T20:00:00Z"",""Value"":""4648334.569"",""Count"":""3786554""}"
363;"2026-06-03T19:00:00.000Z";"2026-06-03T20:00:00.000Z";4819322.483;"{""TimeSeriesType"":""CTT_SUM_CONS_ACP"",""Res"":""PT1H"",""Uom"":""KWH"",""ReadTS"":""2026-06-03T19:00:00Z"",""Value"":""4819322.483"",""Count"":""3786554""}"
363;"2026-06-03T18:00:00.000Z";"2026-06-03T19:00:00.000Z";4803009.217;"{""TimeSeriesType"":""CTT_SUM_CONS_ACP"",""Res"":""PT1H"",""Uom"":""KWH"",""ReadTS"":""2026-06-03T18:00:00Z"",""Value"":""4803009.217"",""Count"":""3786552""}"
363;"2026-06-03T17:00:00.000Z";"2026-06-03T18:00:00.000Z";5041575.46;"{""TimeSeriesType"":""CTT_SUM_CONS_ACP"",""Res"":""PT1H"",""Uom"":""KWH"",""ReadTS"":""2026-06-03T17:00:00Z"",""Value"":""5041575.46"",""Count"":""3786552""}"
363;"2026-06-03T16:00:00.000Z";"2026-06-03T17:00:00.000Z";5088106.136;"{""TimeSeriesType"":""CTT_SUM_CONS_ACP"",""Res"":""PT1H"",""Uom"":""KWH"",""ReadTS"":""2026-06-03T16:00:00Z"",""Value"":""5088106.136"",""Count"":""3786552""}"
363;"2026-06-03T15:00:00.000Z";"2026-06-03T16:00:00.000Z";5042625.29;"{""TimeSeriesType"":""CTT_SUM_CONS_ACP"",""Res"":""PT1H"",""Uom"":""KWH"",""ReadTS"":""2026-06-03T15:00:00Z"",""Value"":""5042625.29"",""Count"":""3786552""}"
363;"2026-06-03T14:00:00.000Z";"2026-06-03T15:00:00.000Z";5086485.891;"{""TimeSeriesType"":""CTT_SUM_CONS_ACP"",""Res"":""PT1H"",""Uom"":""KWH"",""ReadTS"":""2026-06-03T14:00:00Z"",""Value"":""5086485.891"",""Count"":""3786550""}"
363;"2026-06-03T13:00:00.000Z";"2026-06-03T14:00:00.000Z";5108004.417;"{""TimeSeriesType"":""CTT_SUM_CONS_ACP"",""Res"":""PT1H"",""Uom"":""KWH"",""ReadTS"":""2026-06-03T13:00:00Z"",""Value"":""5108004.417"",""Count"":""3786545""}"
363;"2026-06-03T12:00:00.000Z";"2026-06-03T13:00:00.000Z";5117161.979;"{""TimeSeriesType"":""CTT_SUM_CONS_ACP"",""Res"":""PT1H"",""Uom"":""KWH"",""ReadTS"":""2026-06-03T12:00:00Z"",""Value"":""5117161.979"",""Count"":""3786526""}"
363;"2026-06-03T11:00:00.000Z";"2026-06-03T12:00:00.000Z";5169726.237;"{""TimeSeriesType"":""CTT_SUM_CONS_ACP"",""Res"":""PT1H"",""Uom"":""KWH"",""ReadTS"":""2026-06-03T11:00:00Z"",""Value"":""5169726.237"",""Count"":""3786509""}"
363;"2026-06-03T10:00:00.000Z";"2026-06-03T11:00:00.000Z";5248762.749;"{""TimeSeriesType"":""CTT_SUM_CONS_ACP"",""Res"":""PT1H"",""Uom"":""KWH"",""ReadTS"":""2026-06-03T10:00:00Z"",""Value"":""5248762.749"",""Count"":""3786488""}"
363;"2026-06-03T09:00:00.000Z";"2026-06-03T10:00:00.000Z";5274098.455;"{""TimeSeriesType"":""CTT_SUM_CONS_ACP"",""Res"":""PT1H"",""Uom"":""KWH"",""ReadTS"":""2026-06-03T09:00:00Z"",""Value"":""5274098.455"",""Count"":""3786454""}"
363;"2026-06-03T08:00:00.000Z";"2026-06-03T09:00:00.000Z";5245446.818;"{""TimeSeriesType"":""CTT_SUM_CONS_ACP"",""Res"":""PT1H"",""Uom"":""KWH"",""ReadTS"":""2026-06-03T08:00:00Z"",""Value"":""5245446.818"",""Count"":""3786429""}"
363;"2026-06-03T07:00:00.000Z";"2026-06-03T08:00:00.000Z";5167905.45;"{""TimeSeriesType"":""CTT_SUM_CONS_ACP"",""Res"":""PT1H"",""Uom"":""KWH"",""ReadTS"":""2026-06-03T07:00:00Z"",""Value"":""5167905.45"",""Count"":""3786414""}"
363;"2026-06-03T06:00:00.000Z";"2026-06-03T07:00:00.000Z";5135768.748;"{""TimeSeriesType"":""CTT_SUM_CONS_ACP"",""Res"":""PT1H"",""Uom"":""KWH"",""ReadTS"":""2026-06-03T06:00:00Z"",""Value"":""5135768.748"",""Count"":""3786411""}"
363;"2026-06-03T05:00:00.000Z";"2026-06-03T06:00:00.000Z";5017430.289;"{""TimeSeriesType"":""CTT_SUM_CONS_ACP"",""Res"":""PT1H"",""Uom"":""KWH"",""ReadTS"":""2026-06-03T05:00:00Z"",""Value"":""5017430.289"",""Count"":""3786611""}"
363;"2026-06-03T04:00:00.000Z";"2026-06-03T05:00:00.000Z";4820581.688;"{""TimeSeriesType"":""CTT_SUM_CONS_ACP"",""Res"":""PT1H"",""Uom"":""KWH"",""ReadTS"":""2026-06-03T04:00:00Z"",""Value"":""4820581.688"",""Count"":""3786683""}"
363;"2026-06-03T03:00:00.000Z";"2026-06-03T04:00:00.000Z";4448116.256;"{""TimeSeriesType"":""CTT_SUM_CONS_ACP"",""Res"":""PT1H"",""Uom"":""KWH"",""ReadTS"":""2026-06-03T03:00:00Z"",""Value"":""4448116.256"",""Count"":""3786692""}"
363;"2026-06-03T02:00:00.000Z";"2026-06-03T03:00:00.000Z";3929753.305;"{""TimeSeriesType"":""CTT_SUM_CONS_ACP"",""Res"":""PT1H"",""Uom"":""KWH"",""ReadTS"":""2026-06-03T02:00:00Z"",""Value"":""3929753.305"",""Count"":""3786696""}"
363;"2026-06-03T01:00:00.000Z";"2026-06-03T02:00:00.000Z";3778468.966;"{""TimeSeriesType"":""CTT_SUM_CONS_ACP"",""Res"":""PT1H"",""Uom"":""KWH"",""ReadTS"":""2026-06-03T01:00:00Z"",""Value"":""3778468.966"",""Count"":""3786724""}"
363;"2026-06-03T00:00:00.000Z";"2026-06-03T01:00:00.000Z";3865701.38;"{""TimeSeriesType"":""CTT_SUM_CONS_ACP"",""Res"":""PT1H"",""Uom"":""KWH"",""ReadTS"":""2026-06-03T00:00:00Z"",""Value"":""3865701.38"",""Count"":""3786724""}"
363;"2026-06-02T23:00:00.000Z";"2026-06-03T00:00:00.000Z";3941482.182;"{""TimeSeriesType"":""CTT_SUM_CONS_ACP"",""Res"":""PT1H"",""Uom"":""KWH"",""ReadTS"":""2026-06-02T23:00:00Z"",""Value"":""3941482.182"",""Count"":""3786727""}"
363;"2026-06-02T22:00:00.000Z";"2026-06-02T23:00:00.000Z";4061967.219;"{""TimeSeriesType"":""CTT_SUM_CONS_ACP"",""Res"":""PT1H"",""Uom"":""KWH"",""ReadTS"":""2026-06-02T22:00:00Z"",""Value"":""4061967.219"",""Count"":""3786727""}"
363;"2026-06-02T21:00:00.000Z";"2026-06-02T22:00:00.000Z";4324000.27;"{""TimeSeriesType"":""CTT_SUM_CONS_ACP"",""Res"":""PT1H"",""Uom"":""KWH"",""ReadTS"":""2026-06-02T21:00:00Z"",""Value"":""4324000.27"",""Count"":""3786726""}"
363;"2026-06-02T20:00:00.000Z";"2026-06-02T21:00:00.000Z";4635192.482;"{""TimeSeriesType"":""CTT_SUM_CONS_ACP"",""Res"":""PT1H"",""Uom"":""KWH"",""ReadTS"":""2026-06-02T20:00:00Z"",""Value"":""4635192.482"",""Count"":""3786172""}"
363;"2026-06-02T19:00:00.000Z";"2026-06-02T20:00:00.000Z";4802840.603;"{""TimeSeriesType"":""CTT_SUM_CONS_ACP"",""Res"":""PT1H"",""Uom"":""KWH"",""ReadTS"":""2026-06-02T19:00:00Z"",""Value"":""4802840.603"",""Count"":""3786172""}"
363;"2026-06-02T18:00:00.000Z";"2026-06-02T19:00:00.000Z";4790253.874;"{""TimeSeriesType"":""CTT_SUM_CONS_ACP"",""Res"":""PT1H"",""Uom"":""KWH"",""ReadTS"":""2026-06-02T18:00:00Z"",""Value"":""4790253.874"",""Count"":""3786173""}"
363;"2026-06-02T17:00:00.000Z";"2026-06-02T18:00:00.000Z";5012130.647;"{""TimeSeriesType"":""CTT_SUM_CONS_ACP"",""Res"":""PT1H"",""Uom"":""KWH"",""ReadTS"":""2026-06-02T17:00:00Z"",""Value"":""5012130.647"",""Count"":""3786174""}"
363;"2026-06-02T16:00:00.000Z";"2026-06-02T17:00:00.000Z";5046203.071;"{""TimeSeriesType"":""CTT_SUM_CONS_ACP"",""Res"":""PT1H"",""Uom"":""KWH"",""ReadTS"":""2026-06-02T16:00:00Z"",""Value"":""5046203.071"",""Count"":""3786174""}"
363;"2026-06-02T15:00:00.000Z";"2026-06-02T16:00:00.000Z";4994251.963;"{""TimeSeriesType"":""CTT_SUM_CONS_ACP"",""Res"":""PT1H"",""Uom"":""KWH"",""ReadTS"":""2026-06-02T15:00:00Z"",""Value"":""4994251.963"",""Count"":""3786175""}"
363;"2026-06-02T14:00:00.000Z";"2026-06-02T15:00:00.000Z";5041222.17;"{""TimeSeriesType"":""CTT_SUM_CONS_ACP"",""Res"":""PT1H"",""Uom"":""KWH"",""ReadTS"":""2026-06-02T14:00:00Z"",""Value"":""5041222.17"",""Count"":""3786172""}"
363;"2026-06-02T13:00:00.000Z";"2026-06-02T14:00:00.000Z";5092532.315;"{""TimeSeriesType"":""CTT_SUM_CONS_ACP"",""Res"":""PT1H"",""Uom"":""KWH"",""ReadTS"":""2026-06-02T13:00:00Z"",""Value"":""5092532.315"",""Count"":""3786161""}"
363;"2026-06-02T12:00:00.000Z";"2026-06-02T13:00:00.000Z";5119959.916;"{""TimeSeriesType"":""CTT_SUM_CONS_ACP"",""Res"":""PT1H"",""Uom"":""KWH"",""ReadTS"":""2026-06-02T12:00:00Z"",""Value"":""5119959.916"",""Count"":""3786148""}"
363;"2026-06-02T11:00:00.000Z";"2026-06-02T12:00:00.000Z";5195535.753;"{""TimeSeriesType"":""CTT_SUM_CONS_ACP"",""Res"":""PT1H"",""Uom"":""KWH"",""ReadTS"":""2026-06-02T11:00:00Z"",""Value"":""5195535.753"",""Count"":""3786120""}"
363;"2026-06-02T10:00:00.000Z";"2026-06-02T11:00:00.000Z";5258867.098;"{""TimeSeriesType"":""CTT_SUM_CONS_ACP"",""Res"":""PT1H"",""Uom"":""KWH"",""ReadTS"":""2026-06-02T10:00:00Z"",""Value"":""5258867.098"",""Count"":""3786090""}"
363;"2026-06-02T09:00:00.000Z";"2026-06-02T10:00:00.000Z";5310006.49;"{""TimeSeriesType"":""CTT_SUM_CONS_ACP"",""Res"":""PT1H"",""Uom"":""KWH"",""ReadTS"":""2026-06-02T09:00:00Z"",""Value"":""5310006.49"",""Count"":""3786044""}"
363;"2026-06-02T08:00:00.000Z";"2026-06-02T09:00:00.000Z";5284139.161;"{""TimeSeriesType"":""CTT_SUM_CONS_ACP"",""Res"":""PT1H"",""Uom"":""KWH"",""ReadTS"":""2026-06-02T08:00:00Z"",""Value"":""5284139.161"",""Count"":""3786004""}"
363;"2026-06-02T07:00:00.000Z";"2026-06-02T08:00:00.000Z";5230097.002;"{""TimeSeriesType"":""CTT_SUM_CONS_ACP"",""Res"":""PT1H"",""Uom"":""KWH"",""ReadTS"":""2026-06-02T07:00:00Z"",""Value"":""5230097.002"",""Count"":""3785963""}"
363;"2026-06-02T06:00:00.000Z";"2026-06-02T07:00:00.000Z";5205327.396;"{""TimeSeriesType"":""CTT_SUM_CONS_ACP"",""Res"":""PT1H"",""Uom"":""KWH"",""ReadTS"":""2026-06-02T06:00:00Z"",""Value"":""5205327.396"",""Count"":""3786056""}"
363;"2026-06-02T05:00:00.000Z";"2026-06-02T06:00:00.000Z";5081690.662;"{""TimeSeriesType"":""CTT_SUM_CONS_ACP"",""Res"":""PT1H"",""Uom"":""KWH"",""ReadTS"":""2026-06-02T05:00:00Z"",""Value"":""5081690.662"",""Count"":""3786252""}"
363;"2026-06-02T04:00:00.000Z";"2026-06-02T05:00:00.000Z";4841504.313;"{""TimeSeriesType"":""CTT_SUM_CONS_ACP"",""Res"":""PT1H"",""Uom"":""KWH"",""ReadTS"":""2026-06-02T04:00:00Z"",""Value"":""4841504.313"",""Count"":""3786325""}"
363;"2026-06-02T03:00:00.000Z";"2026-06-02T04:00:00.000Z";4469611.996;"{""TimeSeriesType"":""CTT_SUM_CONS_ACP"",""Res"":""PT1H"",""Uom"":""KWH"",""ReadTS"":""2026-06-02T03:00:00Z"",""Value"":""4469611.996"",""Count"":""3786326""}"
363;"2026-06-02T02:00:00.000Z";"2026-06-02T03:00:00.000Z";3976028.678;"{""TimeSeriesType"":""CTT_SUM_CONS_ACP"",""Res"":""PT1H"",""Uom"":""KWH"",""ReadTS"":""2026-06-02T02:00:00Z"",""Value"":""3976028.678"",""Count"":""3786330""}"
363;"2026-06-02T01:00:00.000Z";"2026-06-02T02:00:00.000Z";3868340.167;"{""TimeSeriesType"":""CTT_SUM_CONS_ACP"",""Res"":""PT1H"",""Uom"":""KWH"",""ReadTS"":""2026-06-02T01:00:00Z"",""Value"":""3868340.167"",""Count"":""3786354""}"
363;"2026-06-02T00:00:00.000Z";"2026-06-02T01:00:00.000Z";3937987.363;"{""TimeSeriesType"":""CTT_SUM_CONS_ACP"",""Res"":""PT1H"",""Uom"":""KWH"",""ReadTS"":""2026-06-02T00:00:00Z"",""Value"":""3937987.363"",""Count"":""3786354""}"
363;"2026-06-01T23:00:00.000Z";"2026-06-02T00:00:00.000Z";4049861.391;"{""TimeSeriesType"":""CTT_SUM_CONS_ACP"",""Res"":""PT1H"",""Uom"":""KWH"",""ReadTS"":""2026-06-01T23:00:00Z"",""Value"":""4049861.391"",""Count"":""3786343""}"
363;"2026-06-01T22:00:00.000Z";"2026-06-01T23:00:00.000Z";4142702.173;"{""TimeSeriesType"":""CTT_SUM_CONS_ACP"",""Res"":""PT1H"",""Uom"":""KWH"",""ReadTS"":""2026-06-01T22:00:00Z"",""Value"":""4142702.173"",""Count"":""3786343""}"
363;"2026-06-01T21:00:00.000Z";"2026-06-01T22:00:00.000Z";4419086.075;"{""TimeSeriesType"":""CTT_SUM_CONS_ACP"",""Res"":""PT1H"",""Uom"":""KWH"",""ReadTS"":""2026-06-01T21:00:00Z"",""Value"":""4419086.075"",""Count"":""3786343""}"
363;"2026-06-01T20:00:00.000Z";"2026-06-01T21:00:00.000Z";4662644.175;"{""TimeSeriesType"":""CTT_SUM_CONS_ACP"",""Res"":""PT1H"",""Uom"":""KWH"",""ReadTS"":""2026-06-01T20:00:00Z"",""Value"":""4662644.175"",""Count"":""3787497""}"
363;"2026-06-01T19:00:00.000Z";"2026-06-01T20:00:00.000Z";4790502.565;"{""TimeSeriesType"":""CTT_SUM_CONS_ACP"",""Res"":""PT1H"",""Uom"":""KWH"",""ReadTS"":""2026-06-01T19:00:00Z"",""Value"":""4790502.565"",""Count"":""3787496""}"
363;"2026-06-01T18:00:00.000Z";"2026-06-01T19:00:00.000Z";4724903.924;"{""TimeSeriesType"":""CTT_SUM_CONS_ACP"",""Res"":""PT1H"",""Uom"":""KWH"",""ReadTS"":""2026-06-01T18:00:00Z"",""Value"":""4724903.924"",""Count"":""3787496""}"
363;"2026-06-01T17:00:00.000Z";"2026-06-01T18:00:00.000Z";4908851.596;"{""TimeSeriesType"":""CTT_SUM_CONS_ACP"",""Res"":""PT1H"",""Uom"":""KWH"",""ReadTS"":""2026-06-01T17:00:00Z"",""Value"":""4908851.596"",""Count"":""3787496""}"
363;"2026-06-01T16:00:00.000Z";"2026-06-01T17:00:00.000Z";4950700.848;"{""TimeSeriesType"":""CTT_SUM_CONS_ACP"",""Res"":""PT1H"",""Uom"":""KWH"",""ReadTS"":""2026-06-01T16:00:00Z"",""Value"":""4950700.848"",""Count"":""3787496""}"
363;"2026-06-01T15:00:00.000Z";"2026-06-01T16:00:00.000Z";4925631.46;"{""TimeSeriesType"":""CTT_SUM_CONS_ACP"",""Res"":""PT1H"",""Uom"":""KWH"",""ReadTS"":""2026-06-01T15:00:00Z"",""Value"":""4925631.46"",""Count"":""3787495""}"
363;"2026-06-01T14:00:00.000Z";"2026-06-01T15:00:00.000Z";4975543.046;"{""TimeSeriesType"":""CTT_SUM_CONS_ACP"",""Res"":""PT1H"",""Uom"":""KWH"",""ReadTS"":""2026-06-01T14:00:00Z"",""Value"":""4975543.046"",""Count"":""3787492""}"
363;"2026-06-01T13:00:00.000Z";"2026-06-01T14:00:00.000Z";4969470.446;"{""TimeSeriesType"":""CTT_SUM_CONS_ACP"",""Res"":""PT1H"",""Uom"":""KWH"",""ReadTS"":""2026-06-01T13:00:00Z"",""Value"":""4969470.446"",""Count"":""3787482""}"
363;"2026-06-01T12:00:00.000Z";"2026-06-01T13:00:00.000Z";4998024.417;"{""TimeSeriesType"":""CTT_SUM_CONS_ACP"",""Res"":""PT1H"",""Uom"":""KWH"",""ReadTS"":""2026-06-01T12:00:00Z"",""Value"":""4998024.417"",""Count"":""3787464""}"
363;"2026-06-01T11:00:00.000Z";"2026-06-01T12:00:00.000Z";5065460.567;"{""TimeSeriesType"":""CTT_SUM_CONS_ACP"",""Res"":""PT1H"",""Uom"":""KWH"",""ReadTS"":""2026-06-01T11:00:00Z"",""Value"":""5065460.567"",""Count"":""3787446""}"
363;"2026-06-01T10:00:00.000Z";"2026-06-01T11:00:00.000Z";5143351.755;"{""TimeSeriesType"":""CTT_SUM_CONS_ACP"",""Res"":""PT1H"",""Uom"":""KWH"",""ReadTS"":""2026-06-01T10:00:00Z"",""Value"":""5143351.755"",""Count"":""3787422""}"
363;"2026-06-01T09:00:00.000Z";"2026-06-01T10:00:00.000Z";5199355.425;"{""TimeSeriesType"":""CTT_SUM_CONS_ACP"",""Res"":""PT1H"",""Uom"":""KWH"",""ReadTS"":""2026-06-01T09:00:00Z"",""Value"":""5199355.425"",""Count"":""3787388""}"
363;"2026-06-01T08:00:00.000Z";"2026-06-01T09:00:00.000Z";5224156.048;"{""TimeSeriesType"":""CTT_SUM_CONS_ACP"",""Res"":""PT1H"",""Uom"":""KWH"",""ReadTS"":""2026-06-01T08:00:00Z"",""Value"":""5224156.048"",""Count"":""3787362""}"
363;"2026-06-01T07:00:00.000Z";"2026-06-01T08:00:00.000Z";5216094.194;"{""TimeSeriesType"":""CTT_SUM_CONS_ACP"",""Res"":""PT1H"",""Uom"":""KWH"",""ReadTS"":""2026-06-01T07:00:00Z"",""Value"":""5216094.194"",""Count"":""3787310""}"
363;"2026-06-01T06:00:00.000Z";"2026-06-01T07:00:00.000Z";5196527.07;"{""TimeSeriesType"":""CTT_SUM_CONS_ACP"",""Res"":""PT1H"",""Uom"":""KWH"",""ReadTS"":""2026-06-01T06:00:00Z"",""Value"":""5196527.07"",""Count"":""3787329""}"
363;"2026-06-01T05:00:00.000Z";"2026-06-01T06:00:00.000Z";5066016.673;"{""TimeSeriesType"":""CTT_SUM_CONS_ACP"",""Res"":""PT1H"",""Uom"":""KWH"",""ReadTS"":""2026-06-01T05:00:00Z"",""Value"":""5066016.673"",""Count"":""3787632""}"
363;"2026-06-01T04:00:00.000Z";"2026-06-01T05:00:00.000Z";4871692.214;"{""TimeSeriesType"":""CTT_SUM_CONS_ACP"",""Res"":""PT1H"",""Uom"":""KWH"",""ReadTS"":""2026-06-01T04:00:00Z"",""Value"":""4871692.214"",""Count"":""3787756""}"
363;"2026-06-01T03:00:00.000Z";"2026-06-01T04:00:00.000Z";4549486.094;"{""TimeSeriesType"":""CTT_SUM_CONS_ACP"",""Res"":""PT1H"",""Uom"":""KWH"",""ReadTS"":""2026-06-01T03:00:00Z"",""Value"":""4549486.094"",""Count"":""3787763""}"
363;"2026-06-01T02:00:00.000Z";"2026-06-01T03:00:00.000Z";4027032.218;"{""TimeSeriesType"":""CTT_SUM_CONS_ACP"",""Res"":""PT1H"",""Uom"":""KWH"",""ReadTS"":""2026-06-01T02:00:00Z"",""Value"":""4027032.218"",""Count"":""3787775""}"
363;"2026-06-01T01:00:00.000Z";"2026-06-01T02:00:00.000Z";3882880.052;"{""TimeSeriesType"":""CTT_SUM_CONS_ACP"",""Res"":""PT1H"",""Uom"":""KWH"",""ReadTS"":""2026-06-01T01:00:00Z"",""Value"":""3882880.052"",""Count"":""3787827""}"
363;"2026-06-01T00:00:00.000Z";"2026-06-01T01:00:00.000Z";3952740.613;"{""TimeSeriesType"":""CTT_SUM_CONS_ACP"",""Res"":""PT1H"",""Uom"":""KWH"",""ReadTS"":""2026-06-01T00:00:00Z"",""Value"":""3952740.613"",""Count"":""3787828""}"
363;"2026-05-31T23:00:00.000Z";"2026-06-01T00:00:00.000Z";4065779.295;"{""TimeSeriesType"":""CTT_SUM_CONS_ACP"",""Res"":""PT1H"",""Uom"":""KWH"",""ReadTS"":""2026-05-31T23:00:00Z"",""Value"":""4065779.295"",""Count"":""3787815""}"
363;"2026-05-31T22:00:00.000Z";"2026-05-31T23:00:00.000Z";4204780.408;"{""TimeSeriesType"":""CTT_SUM_CONS_ACP"",""Res"":""PT1H"",""Uom"":""KWH"",""ReadTS"":""2026-05-31T22:00:00Z"",""Value"":""4204780.408"",""Count"":""3787815""}"
363;"2026-05-31T21:00:00.000Z";"2026-05-31T22:00:00.000Z";4469203.785;"{""TimeSeriesType"":""CTT_SUM_CONS_ACP"",""Res"":""PT1H"",""Uom"":""KWH"",""ReadTS"":""2026-05-31T21:00:00Z"",""Value"":""4469203.785"",""Count"":""3787817""}"